<lexelt item="beyond">

  <instance id="beyond.p.fn.622520" docsrc="FN">
    <answer instance="beyond.p.fn.622520" senseid="1(1)"/>
    <context>
      His reputation reaches <head>beyond</head> the county , I believe . " 
    </context>
  </instance>


  <instance id="beyond.p.fn.634234" docsrc="FN">
    <answer instance="beyond.p.fn.634234" senseid="2(1a)"/>
    <context>
      For example , in I want to go , it has been argued that because the wanting is conceived as preceding the going , to is required to situate the latter event <head>beyond</head> the former . 
    </context>
  </instance>


  <instance id="beyond.p.fn.760294" docsrc="FN">
    <answer instance="beyond.p.fn.760294" senseid="1(1)"/>
    <context>
      Since Watergate , Nixon has been a discredited figure and some of his attempts to bring order to the fragmented system of government stepped <head>beyond</head> the bounds of legality . 
    </context>
  </instance>


  <instance id="beyond.p.fn.760297" docsrc="FN">
    <answer instance="beyond.p.fn.760297" senseid="1(1)"/>
    <context>
      I step <head>beyond</head> them into a pool of light of my own . 
    </context>
  </instance>


  <instance id="beyond.p.fn.762376" docsrc="FN">
    <answer instance="beyond.p.fn.762376" senseid="1(1)"/>
    <context>
      He looked back once , then fought free of the crowd and stumbled uphill <head>beyond</head> the streets , toward the heath . 
    </context>
  </instance>


  <instance id="beyond.p.fn.782000" docsrc="FN">
    <answer instance="beyond.p.fn.782000" senseid="1(1)"/>
    <context>
      Mark and I have just been for a walk <head>beyond</head> Dalseattie , which was nice until the mist came down and began to make us rather damp . 
    </context>
  </instance>


  <instance id="beyond.p.fn.399629" docsrc="FN">
    <answer instance="beyond.p.fn.399629" senseid="1(1)"/>
    <context>
      Ronni found herself glancing <head>beyond</head> his broad shoulders to the half-shuttered , sumptuously furnished room beyond , with its rug-strewn floor , picture-covered walls and vast , deeply unsettling canopied bed . 
    </context>
  </instance>


  <instance id="beyond.p.fn.399631" docsrc="FN">
    <answer instance="beyond.p.fn.399631" senseid="1(1)"/>
    <context>
      ` I wo n't need to do that , " he said , glancing briefly <head>beyond</head> Zambia 's shoulder at the wall behind . 
    </context>
  </instance>


  <instance id="beyond.p.fn.401338" docsrc="FN">
    <answer instance="beyond.p.fn.401338" senseid="1(1)"/>
    <context>
      She looked <head>beyond</head> him into the darkness afraid that at any moment Craig would return . 
    </context>
  </instance>


  <instance id="beyond.p.fn.401340" docsrc="FN">
    <answer instance="beyond.p.fn.401340" senseid="1(1)"/>
    <context>
      To cover her confusion she looked <head>beyond</head> him into the street . 
    </context>
  </instance>


  <instance id="beyond.p.fn.401347" docsrc="FN">
    <answer instance="beyond.p.fn.401347" senseid="1(1)"/>
    <context>
      ` Hello Jack , " said Doyle , and watched as the man looked anxiously <head>beyond</head> the two CI5 men , then over the neighbouring fence . 
    </context>
  </instance>


  <instance id="beyond.p.fn.404680" docsrc="FN">
    <answer instance="beyond.p.fn.404680" senseid="1(1)"/>
    <context>
      He settled by the window and stared across at the red brick Communist club <head>beyond</head> the budding trees . 
    </context>
  </instance>


  <instance id="beyond.p.fn.396072" docsrc="FN">
    <answer instance="beyond.p.fn.396072" senseid="1(1)"/>
    <context>
      For that brief moment she could see the room <head>beyond</head> him and there , jutting out from what seemed at first glance to be a pillow beneath the blanket , the naked foot of a youth . 
    </context>
  </instance>


  <instance id="beyond.p.fn.396087" docsrc="FN">
    <answer instance="beyond.p.fn.396087" senseid="1(1)"/>
    <context>
      ` I ca n't see anything <head>beyond</head> the third target , " he said . 
    </context>
  </instance>


  <instance id="beyond.p.fn.397266" docsrc="FN">
    <answer instance="beyond.p.fn.397266" senseid="1(1)"/>
    <context>
      This is the only way out , so the adventurers must head for it , even though they ca n't be sure that the haze and mist they see <head>beyond</head> the archway offers any real hope of release . 
    </context>
  </instance>


  <instance id="beyond.p.fn.639107" docsrc="FN">
    <answer instance="beyond.p.fn.639107" senseid="4(2)"/>
    <context>
      She is already six days overdue <head>beyond</head> the expected date of birth , which was 6 October 1992 , and she has now refused , on religious grounds , to submit herself to a Caesarean section operation . 
    </context>
  </instance>


  <instance id="beyond.p.fn.448059" docsrc="FN">
    <answer instance="beyond.p.fn.448059" senseid="7(4)"/>
    <context>
      You must , therefore , be certain , I repeat , certain <head>beyond</head> reasonable doubt that Paul Menzies could have committed such an evil crime as murder . 
    </context>
  </instance>


  <instance id="beyond.p.fn.698144" docsrc="FN">
    <answer instance="beyond.p.fn.698144" senseid="7(4)"/>
    <context>
      She looked around at him , contemptuous <head>beyond</head> anger . 
    </context>
  </instance>


  <instance id="beyond.p.fn.438336" docsrc="FN">
    <answer instance="beyond.p.fn.438336" senseid="1(1)"/>
    <context>
      <head>Beyond</head> the doorway the dim light flared suddenly , illuminating the fleeing rats with an unearthly orange glow . 
    </context>
  </instance>


  <instance id="beyond.p.fn.438899" docsrc="FN">
    <answer instance="beyond.p.fn.438899" senseid="1(1)"/>
    <context>
      He stared dully at the hole he had blasted with his shotgun , and saw the red flicker of flames <head>beyond</head> the door . 
    </context>
  </instance>


  <instance id="beyond.p.fn.451713" docsrc="FN">
    <answer instance="beyond.p.fn.451713" senseid="1(1)"/>
    <context>
      There were mountains <head>beyond</head> the hills . 
    </context>
  </instance>


  <instance id="beyond.p.fn.1065413" docsrc="FN">
    <answer instance="beyond.p.fn.1065413" senseid="1(1)"/>
    <context>
      I cross the park , as I crossed it so many times in the past , and regain the modest Edwardian streets <head>beyond</head> Maze Hill . 
    </context>
  </instance>


  <instance id="beyond.p.fn.706956" docsrc="FN">
    <answer instance="beyond.p.fn.706956" senseid="4(2)"/>
    <context>
      The prevalence of chronic radiation enteritis , defined as the persistence of symptoms <head>beyond</head> 3 months of the completion of radiation treatment , is , however , uncrtain . 
    </context>
  </instance>


  <instance id="beyond.p.fn.689302" docsrc="FN">
    <answer instance="beyond.p.fn.689302" senseid="3(1b)"/>
    <context>
      Second , it will probe <head>beyond</head> the superficial veneer of economic growth and prosperity by examining the impact of recent economic trends on the changing types of jobs available to workers in the city-region . 
    </context>
  </instance>


  <instance id="beyond.p.fn.821014" docsrc="FN">
    <answer instance="beyond.p.fn.821014" senseid="1(1)"/>
    <context>
      The bitch that whelps her pups <head>beyond</head> the margins of village life has given birth to potentially feral dogs . 
    </context>
  </instance>


  <instance id="beyond.p.fn.865680" docsrc="FN">
    <answer instance="beyond.p.fn.865680" senseid="7(4)"/>
    <context>
      The prosecution can not prove the case <head>beyond</head> reasonable doubt against either one of them . 
    </context>
  </instance>


  <instance id="beyond.p.fn.865682" docsrc="FN">
    <answer instance="beyond.p.fn.865682" senseid="7(4)"/>
    <context>
      He has proved it <head>beyond</head> the shadow of a doubt . 
    </context>
  </instance>


  <instance id="beyond.p.fn.927951" docsrc="FN">
    <answer instance="beyond.p.fn.927951" senseid="1(1)"/>
    <context>
      Strong walkers will proceed <head>beyond</head> the Lochan Dubha and climb the easy ridge of Druim Hain directly facing until reaching a well-built obelisk commanding a sensational view of Loch Coruisk in a surround of wild mountains . 
    </context>
  </instance>


  <instance id="beyond.p.fn.996799" docsrc="FN">
    <answer instance="beyond.p.fn.996799" senseid="7(4)"/>
    <context>
      And the creatures of the Dark Ireland , Grainne , are soulless and cruel and evil <head>beyond</head> your comprehension . 
    </context>
  </instance>


  <instance id="beyond.p.fn.989977" docsrc="FN">
    <answer instance="beyond.p.fn.989977" senseid="7(4)"/>
    <context>
      That seemed cruel <head>beyond</head> belief , he should have been there instead of Hodge . 
    </context>
  </instance>


  <instance id="beyond.p.fn.1196325" docsrc="FN">
    <answer instance="beyond.p.fn.1196325" senseid="1(1)"/>
    <context>
      <head>Beyond</head> the tribesmen , children were venturing out of their hut to splash in the mud , rushing in again to take refuge as the lightning flashed .
    </context>
  </instance>


  <instance id="beyond.p.fn.1196376" docsrc="FN">
    <answer instance="beyond.p.fn.1196376" senseid="1(1)"/>
    <context>
      There seemed to be nothing to find , and he 'd ventured <head>beyond</head> the edge of moonlight before he realized that it should not be there at all .
    </context>
  </instance>


  <instance id="beyond.p.fn.1072692" docsrc="FN">
    <answer instance="beyond.p.fn.1072692" senseid="7(4)"/>
    <context>
      ` Harry , we 're going to make ourselves miserable <head>beyond</head> measure if we go on like this . 
    </context>
  </instance>


  <instance id="beyond.p.fn.725897" docsrc="FN">
    <answer instance="beyond.p.fn.725897" senseid="7(4)"/>
    <context>
      When the clumsy plotting of the Queen of Scots against Elizabeth finally exasperated the English <head>beyond</head> endurance , Mary was beheaded at Fotheringhay . 
    </context>
  </instance>


  <instance id="beyond.p.fn.744886" docsrc="FN">
    <answer instance="beyond.p.fn.744886" senseid="7(4)"/>
    <context>
      It puzzled him <head>beyond</head> measure that the boy should have stumbled upon this private area . 
    </context>
  </instance>


  <instance id="beyond.p.fn.1016739" docsrc="FN">
    <answer instance="beyond.p.fn.1016739" senseid="7(4)"/>
    <context>
      Lily was exhausted , overworked , and bored <head>beyond</head> belief . 
    </context>
  </instance>


  <instance id="beyond.p.fn.584524" docsrc="FN">
    <answer instance="beyond.p.fn.584524" senseid="2(1a)"/>
    <context>
      One evening at the Village Vanguard Krassner introduced Wilcock to the comedian whose black humour pushed comedy <head>beyond</head> any of the mild Eisenhower era limits of Shelley Berman and Bob Newhart . 
    </context>
  </instance>


  <instance id="beyond.p.fn.584532" docsrc="FN">
    <answer instance="beyond.p.fn.584532" senseid="2(1a)"/>
    <context>
      My mother was the kind of person who pushed you <head>beyond</head> your own bounds . 
    </context>
  </instance>


  <instance id="beyond.p.fn.586260" docsrc="FN">
    <answer instance="beyond.p.fn.586260" senseid="1(1)"/>
    <context>
      I pulled off my shirt and threw it <head>beyond</head> the woodpile . 
    </context>
  </instance>


  <instance id="beyond.p.fn.588875" docsrc="FN">
    <answer instance="beyond.p.fn.588875" senseid="1(1)"/>
    <context>
      She forbade him to accompany her <head>beyond</head> the door and walked alone over the golden sand past the flower-beds to the gate . 
    </context>
  </instance>


  <instance id="beyond.p.fn.592479" docsrc="FN">
    <answer instance="beyond.p.fn.592479" senseid="1(1)"/>
    <context>
      To follow the argument <head>beyond</head> this level , however , is more problematic . 
    </context>
  </instance>


  <instance id="beyond.p.fn.594213" docsrc="FN">
    <answer instance="beyond.p.fn.594213" senseid="1(1)"/>
    <context>
      This has led her <head>beyond</head> the sciences , but the philosophical and literary implications of her involvement with the theories of Heisenberg and others have left a lasting mark on her work . 
    </context>
  </instance>


  <instance id="beyond.p.fn.599190" docsrc="FN">
    <answer instance="beyond.p.fn.599190" senseid="1(1)"/>
    <context>
      These are continued upwards almost to the top of the canvas so that the eye is allowed no escape <head>beyond</head> them . 
    </context>
  </instance>


  <instance id="beyond.p.fn.599191" docsrc="FN">
    <answer instance="beyond.p.fn.599191" senseid="1(1)"/>
    <context>
      In Braque 's l'Estaque landscapes of the previous year , the two-dimensional surface of the picture is retained partly by allowing the eye no way of escape <head>beyond</head> the mountains , buildings and trees , and here the same effect is achieved by the concrete treatment of the sky , which is as elaborately and solidly painted as the rest of the canvas , and which is fused with the landscape below by the extension into it of all the main compositional lines . 
    </context>
  </instance>


  <instance id="beyond.p.fn.601412" docsrc="FN">
    <answer instance="beyond.p.fn.601412" senseid="1(1)"/>
    <context>
      Then he turned into Riversdale and vanished <head>beyond</head> the trees . 
    </context>
  </instance>


</lexelt>
