<lexelt item="below">

  <instance id="below.p.fn.607326" docsrc="FN">
    <answer instance="below.p.fn.607326" senseid="1(1)"/>
    <context>
      Beyond the perimeter wall ran a vein of the Bradford Beck , its filthy waters gurgling <head>below</head> ground before breaking free for some distance to pass Old Ashfield 's wooded hillside . 
    </context>
  </instance>


  <instance id="below.p.fn.617431" docsrc="FN">
    <answer instance="below.p.fn.617431" senseid="1(1)"/>
    <context>
      Or , select a suitable area in which to descend <head>below</head> cloud and land visually at a suitable airfield . 
    </context>
  </instance>


  <instance id="below.p.fn.618026" docsrc="FN">
    <answer instance="below.p.fn.618026" senseid="1(1)"/>
    <context>
      The price per ounce dipped <head>below</head> $360 in the summer , but has recently climbed above $400 and last night was nudging $410 . 
    </context>
  </instance>


  <instance id="below.p.fn.618038" docsrc="FN">
    <answer instance="below.p.fn.618038" senseid="1(1)"/>
    <context>
      In six tests for the Wallabies since the World Cup final his success ratio has dipped <head>below</head> 50 per cent . 
    </context>
  </instance>


  <instance id="below.p.fn.628939" docsrc="FN">
    <answer instance="below.p.fn.628939" senseid="1(1)"/>
    <context>
      The dogs would have chips coded with their owners ' names and addresses implanted <head>below</head> the fur . 
    </context>
  </instance>


  <instance id="below.p.fn.635761" docsrc="FN">
    <answer instance="below.p.fn.635761" senseid="1(1)"/>
    <context>
      The man lowered his scarf , tucking it <head>below</head> his chin , causing Creed to flinch at the sight of the ravaged face now caught in the shine of the moon . 
    </context>
  </instance>


  <instance id="below.p.fn.635762" docsrc="FN">
    <answer instance="below.p.fn.635762" senseid="1(1)"/>
    <context>
      It always banged on the desk top , each morning , before he remembered to tuck it <head>below</head> his tie . 
    </context>
  </instance>


  <instance id="below.p.fn.752923" docsrc="FN">
    <answer instance="below.p.fn.752923" senseid="1(1)"/>
    <context>
      Wolves prowled <head>below</head> her , fought each other and consumed the dead . 
    </context>
  </instance>


  <instance id="below.p.fn.763073" docsrc="FN">
    <answer instance="below.p.fn.763073" senseid="1(1)"/>
    <context>
      With a tiny frown of resentment she rolled over again , took a breath and dived soundlessly to swim <head>below</head> the surface for one final lap . 
    </context>
  </instance>


  <instance id="below.p.fn.401281" docsrc="FN">
    <answer instance="below.p.fn.401281" senseid="1(1)"/>
    <context>
      Then find me when you are ready. , Her face was smiling and apparently calm , unless you looked <head>below</head> the painted line of her brows . 
    </context>
  </instance>


  <instance id="below.p.fn.1148394" docsrc="FN">
    <answer instance="below.p.fn.1148394" senseid="1(1)"/>
    <context>
      Ann , made of sterner stuff than I , refused all invitations to have the first cast and eventually , crouching <head>below</head> the skyline , I reached the appointed place . 
    </context>
  </instance>


  <instance id="below.p.fn.414348" docsrc="FN">
    <answer instance="below.p.fn.414348" senseid="1(1)"/>
    <context>
      Beyond the perimeter wall ran a vein of the Bradford Beck , its filthy waters gurgling <head>below</head> ground before breaking free for some distance to pass Old Ashfield 's wooded hillside . 
    </context>
  </instance>


  <instance id="below.p.fn.375641" docsrc="FN">
    <answer instance="below.p.fn.375641" senseid="1(1)"/>
    <context>
      She could hear the animal <head>below</head> her , struggling on the icy path , and she followed it down . 
    </context>
  </instance>


  <instance id="below.p.fn.397230" docsrc="FN">
    <answer instance="below.p.fn.397230" senseid="1(1)"/>
    <context>
      Some birds certainly use their eyes to follow the geographical features they see <head>below</head> them and have a mental map by which they steer . 
    </context>
  </instance>


  <instance id="below.p.fn.692977" docsrc="FN">
    <answer instance="below.p.fn.692977" senseid="1(1)"/>
    <context>
      The table for the fine-class E Set is reproduced <head>below</head> ( Table 9.1. ) to show the extent of the problem . 
    </context>
  </instance>


  <instance id="below.p.fn.194516" docsrc="FN">
    <answer instance="below.p.fn.194516" senseid="3(1b)"/>
    <context>
      It all makes many believe that over the coming months share prices will drop <head>below</head> the levels at which they opened 1991 . 
    </context>
  </instance>


  <instance id="below.p.fn.194575" docsrc="FN">
    <answer instance="below.p.fn.194575" senseid="3(1b)"/>
    <context>
      Because they contain water , they must be stored in conditions where the temperature will not drop <head>below</head> 5  , and must not be applied in cold , damp conditions , or when there is high humidity . 
    </context>
  </instance>


  <instance id="below.p.fn.804429" docsrc="FN">
    <answer instance="below.p.fn.804429" senseid="3(1b)"/>
    <context>
      Where firms use ` workshop " affiliates in developing countries , they may lower their total costs <head>below</head> those of stay-at-home rivals . 
    </context>
  </instance>


  <instance id="below.p.fn.215335" docsrc="FN">
    <answer instance="below.p.fn.215335" senseid="1(1)"/>
    <context>
      There never more she walks her ways by sun or moon or stars ; she dwells <head>below</head> where neither days nor any nights there are . 
    </context>
  </instance>


  <instance id="below.p.fn.1075067" docsrc="FN">
    <answer instance="below.p.fn.1075067" senseid="1(1)"/>
    <context>
      Her forearm <head>below</head> the elbow was bruised . 
    </context>
  </instance>


  <instance id="below.p.fn.1076213" docsrc="FN">
    <answer instance="below.p.fn.1076213" senseid="1(1)"/>
    <context>
      Later it crosses the Shyok river , a major feeder of the Indus , and enters the wide valley <head>below</head> the Siachen . 
    </context>
  </instance>


  <instance id="below.p.fn.462434" docsrc="FN">
    <answer instance="below.p.fn.462434" senseid="1(1)"/>
    <context>
      In Greece , the Arcadian boys of Phigalia cut their hair and threw the locks into the river which ran through the wooded glen <head>below</head> the city . 
    </context>
  </instance>


  <instance id="below.p.fn.462524" docsrc="FN">
    <answer instance="below.p.fn.462524" senseid="1(1)"/>
    <context>
      The air was cooler and there were pockets of snow in some of the enshadowed river gullies <head>below</head> him . 
    </context>
  </instance>


  <instance id="below.p.fn.462692" docsrc="FN">
    <answer instance="below.p.fn.462692" senseid="1(1)"/>
    <context>
      A fine stone bridge spans the beck <head>below</head> Swinner Gill Kirk and I crossed it to follow the gill back below Moss Dam Hags and out along the top of Arn Gill Scar . 
    </context>
  </instance>


  <instance id="below.p.fn.464879" docsrc="FN">
    <answer instance="below.p.fn.464879" senseid="1(1)"/>
    <context>
      When they reached their favourite bathing spot in the burn <head>below</head> the house they began the slow decent of the steep bank . 
    </context>
  </instance>


  <instance id="below.p.fn.688742" docsrc="FN">
    <answer instance="below.p.fn.688742" senseid="1(1)"/>
    <context>
      The landlord filled up the tankard from a keg <head>below</head> the bar . 
    </context>
  </instance>


  <instance id="below.p.fn.1094354" docsrc="FN">
    <answer instance="below.p.fn.1094354" senseid="3(1b)"/>
    <context>
      The Prince of Wales Advisory Group on Disability has drawn attention to the problems faced by severely disabled adults <head>below</head> the age of 60 . 
    </context>
  </instance>


  <instance id="below.p.fn.933274" docsrc="FN">
    <answer instance="below.p.fn.933274" senseid="3(1b)"/>
    <context>
      They cooled the sample <head>below</head> its critical temperature so it became superconducting , then applied an increasingly strong magnetic field . 
    </context>
  </instance>


  <instance id="below.p.fn.933303" docsrc="FN">
    <answer instance="below.p.fn.933303" senseid="3(1b)"/>
    <context>
      Take whatever steps are possible to cool the body <head>below</head> 102 F ( 38.9 C ) as quickly as possible whilst awaiting expert help . 
    </context>
  </instance>


  <instance id="below.p.fn.911381" docsrc="FN">
    <answer instance="below.p.fn.911381" senseid="1(1)"/>
    <context>
      In the event of the sand liquefying <head>below</head> the basement , the soil should still be able to support the building . 
    </context>
  </instance>


  <instance id="below.p.fn.585859" docsrc="FN">
    <answer instance="below.p.fn.585859" senseid="1(1)"/>
    <context>
      He may have to change his tune if a swing to the right-wing Republicans shoves his beloved Free Democrats <head>below</head> the 5 per cent mark and so out of the Bundestag in the next elections . 
    </context>
  </instance>


  <instance id="below.p.fn.598407" docsrc="FN">
    <answer instance="below.p.fn.598407" senseid="1(1)"/>
    <context>
      There the resemblance to a turtle ended , for , after one or two splashes , the figure disappeared <head>below</head> the waves . 
    </context>
  </instance>


  <instance id="below.p.fn.600426" docsrc="FN">
    <answer instance="below.p.fn.600426" senseid="1(1)"/>
    <context>
      The sun left a red stain behind as it retreated <head>below</head> the horizon . 
    </context>
  </instance>


  <instance id="below.p.fn.601402" docsrc="FN">
    <answer instance="below.p.fn.601402" senseid="1(1)"/>
    <context>
      She vanished <head>below</head> floor level . 
    </context>
  </instance>


</lexelt>
