<lexelt item="near">

  <instance id="near.p.fn.342001" docsrc="FN">
    <answer instance="near.p.fn.342001" senseid="1(1)"/>
    <context>
      Then lay him over your knee with a basin to catch the vomit , and wiggle your finger <head>near</head> the back of his throat . 
    </context>
  </instance>


  <instance id="near.p.fn.631575" docsrc="FN">
    <answer instance="near.p.fn.631575" senseid="1(1)"/>
    <context>
      Silas parked the minibus <head>near</head> a gap where a path led into the gloom , and as they trod the leaf-mould their steps made no sound . 
    </context>
  </instance>


  <instance id="near.p.fn.632177" docsrc="FN">
    <answer instance="near.p.fn.632177" senseid="1(1)"/>
    <context>
      Molly Pagett sat on the edge of the bed , her hands clasped together in her lap , and Delgard took the chair from its position by the wall , placing it <head>near</head> to her . 
    </context>
  </instance>


  <instance id="near.p.fn.632237" docsrc="FN">
    <answer instance="near.p.fn.632237" senseid="1(1)"/>
    <context>
      The other was placed by Ptolemy <head>near</head> the Wash in the territory of the Catuvellauni . 
    </context>
  </instance>


  <instance id="near.p.fn.635191" docsrc="FN">
    <answer instance="near.p.fn.635191" senseid="1(1)"/>
    <context>
      Stash old plastic or paper shopping bags <head>near</head> the rubbish or garbage bin and then you can re-cycle them as bin liners . 
    </context>
  </instance>


  <instance id="near.p.fn.635375" docsrc="FN">
    <answer instance="near.p.fn.635375" senseid="1(1)"/>
    <context>
      He was pleased to see that as soon as they left the abbey gate , they were joined by the soldiers Sir James Selkirk had stationed <head>near</head> the abbey . 
    </context>
  </instance>


  <instance id="near.p.fn.756467" docsrc="FN">
    <answer instance="near.p.fn.756467" senseid="1(1)"/>
    <context>
      Pooley was skulking <head>near</head> to the back door . 
    </context>
  </instance>


  <instance id="near.p.fn.641120" docsrc="FN">
    <answer instance="near.p.fn.641120" senseid="1(1)"/>
    <context>
      If traffic in residential areas is thoroughly calmed , then cycling <head>near</head> to home should become a safe and peaceful activity , especially for children . 
    </context>
  </instance>


  <instance id="near.p.fn.1148341" docsrc="FN">
    <answer instance="near.p.fn.1148341" senseid="1(1)"/>
    <context>
      A rifleman hit two men crouching <head>near</head> the Colonel , who later wrote that ` this was the first time in warfare that I truly felt fear . 
    </context>
  </instance>


  <instance id="near.p.fn.1148342" docsrc="FN">
    <answer instance="near.p.fn.1148342" senseid="1(1)"/>
    <context>
      She was crouching <head>near</head> the dying fire , hands around the cup for warmth , when she heard a scratching sound at the door . 
    </context>
  </instance>


  <instance id="near.p.fn.331716" docsrc="FN">
    <answer instance="near.p.fn.331716" senseid="1(1)"/>
    <context>
      Police had discovered a mass grave containing the mutilated bodies of 50 children , aged 12-14 , <head>near</head> the Madre de Dios river in the second week of August . 
    </context>
  </instance>


  <instance id="near.p.fn.185887" docsrc="FN">
    <answer instance="near.p.fn.185887" senseid="1(1)"/>
    <context>
      On Feb. 8 , in another gun battle <head>near</head> the village of Brasheet , three guerrillas were killed and one Israeli soldier was wounded ; on Feb. 11 , guerrillas launched rocket attacks on SLA positions . 
    </context>
  </instance>


  <instance id="near.p.fn.187518" docsrc="FN">
    <answer instance="near.p.fn.187518" senseid="1(1)"/>
    <context>
      On May 13 UK Royal Marines were reported to have killed an Iraqi soldier and wounded two others during a series of military skirmishes <head>near</head> Sarsank , in the north of the country . 
    </context>
  </instance>


  <instance id="near.p.fn.199746" docsrc="FN">
    <answer instance="near.p.fn.199746" senseid="1(1)"/>
    <context>
      The prosecution say that following an armed robbery at a building society <head>near</head> Gloucester in 1988 White had been due to give evidence against Gardiner and implicating him in the crime . 
    </context>
  </instance>


  <instance id="near.p.fn.465614" docsrc="FN">
    <answer instance="near.p.fn.465614" senseid="1(1)"/>
    <context>
      The regime of the vine and olive is restricted to a zone varying in width from a few hundred metres under Velebit to 30 km ( 18 miles ) <head>near</head> Zadar . 
    </context>
  </instance>


  <instance id="near.p.fn.235221" docsrc="FN">
    <answer instance="near.p.fn.235221" senseid="1(1)"/>
    <context>
      A small cinema on a Royal Air Force camp <head>near</head> the Egyptian town of Suez in 1951 . 
    </context>
  </instance>


  <instance id="near.p.fn.235227" docsrc="FN">
    <answer instance="near.p.fn.235227" senseid="1(1)"/>
    <context>
      Navarre 's reply was to establish a massive fortified camp <head>near</head> the Lao border at Dien Bien Phu . 
    </context>
  </instance>


  <instance id="near.p.fn.235236" docsrc="FN">
    <answer instance="near.p.fn.235236" senseid="1(1)"/>
    <context>
      More than thirty people have been massacred at a squatter camp <head>near</head> Johannesburg . 
    </context>
  </instance>


  <instance id="near.p.fn.241743" docsrc="FN">
    <answer instance="near.p.fn.241743" senseid="1(1)"/>
    <context>
      The Damascus-based Democratic Front for the Liberation of Palestine ( DFLB ) on Sept. 11 shipped to Israel , via the International Committee of the Red Cross in Vienna , the body of a Druze sergeant in the Israeli army , Samir Assad , kidnapped <head>near</head> Sidon in 1983 . 
    </context>
  </instance>


  <instance id="near.p.fn.241952" docsrc="FN">
    <answer instance="near.p.fn.241952" senseid="1(1)"/>
    <context>
      Recalling no doubt the fate of Vera and Orton Chirwa , kidnapped <head>near</head> the border 10 years ago and still imprisoned , Chihana bluffed his way back to Lilongwe and from there flew to Lusaka . 
    </context>
  </instance>


  <instance id="near.p.fn.241977" docsrc="FN">
    <answer instance="near.p.fn.241977" senseid="1(1)"/>
    <context>
      In an apparently unsuccessful Israeli commando raid in December 1991 , Israeli forces had abducted several people <head>near</head> Jibshit [ see pp. 38741 ; 38742 ] . 
    </context>
  </instance>


  <instance id="near.p.fn.242011" docsrc="FN">
    <answer instance="near.p.fn.242011" senseid="1(1)"/>
    <context>
      She was abducted when out playing <head>near</head> her home and her body was eventually found in a wood near Llanelli . 
    </context>
  </instance>


  <instance id="near.p.fn.452722" docsrc="FN">
    <answer instance="near.p.fn.452722" senseid="1(1)"/>
    <context>
      A sewage leak has been blamed for polluting Scarborough 's Valley Road pond <head>near</head> the seafront , and killing fish . 
    </context>
  </instance>


  <instance id="near.p.fn.448568" docsrc="FN">
    <answer instance="near.p.fn.448568" senseid="1(1)"/>
    <context>
      Zen 's barking background could only have been a big plus the day he found a newborn baby whose entire experience of life was going to be lying abandoned for a few hours by a creek <head>near</head> Plymouth . 
    </context>
  </instance>


  <instance id="near.p.fn.477753" docsrc="FN">
    <answer instance="near.p.fn.477753" senseid="1(1)"/>
    <context>
      An 84 acre commercial conifer woodland <head>near</head> Exmoor has been bought by Paul McCartney and given to the League Against Cruel Sports as a sanctuary against hunting . 
    </context>
  </instance>


  <instance id="near.p.fn.475257" docsrc="FN">
    <answer instance="near.p.fn.475257" senseid="1(1)"/>
    <context>
      Previously , the remains of some 4,000 of the massacre victims had been unearthed , at Katyn forest <head>near</head> Smolensk in 1943 [ for April 1990 Soviet admission of massacre see pp. 37383-84 ] . 
    </context>
  </instance>


  <instance id="near.p.fn.1076185" docsrc="FN">
    <answer instance="near.p.fn.1076185" senseid="1(1)"/>
    <context>
      Leaving the safety of Valencia , he marched swiftly to a wooded valley <head>near</head> Tevar and fortified the three entrances with stout barriers . 
    </context>
  </instance>


  <instance id="near.p.fn.1101368" docsrc="FN">
    <answer instance="near.p.fn.1101368" senseid="1(1)"/>
    <context>
      A BOY of four drowned yesterday after being swept three miles down a flooded river <head>near</head> Ammanford , West Wales . 
    </context>
  </instance>


  <instance id="near.p.fn.1101371" docsrc="FN">
    <answer instance="near.p.fn.1101371" senseid="1(1)"/>
    <context>
      There had been a case in Australia , back in 1933 , when a body was found in a river <head>near</head> Wagga Wagga . 
    </context>
  </instance>


  <instance id="near.p.fn.1101374" docsrc="FN">
    <answer instance="near.p.fn.1101374" senseid="1(1)"/>
    <context>
      I had taken a day off from my work , and I was doing a little gentle fishing in a river <head>near</head> Leithen 's house . 
    </context>
  </instance>


  <instance id="near.p.fn.1076652" docsrc="FN">
    <answer instance="near.p.fn.1076652" senseid="1(1)"/>
    <context>
      Holy River is usually identified with that still called Helga O , which enters the sea <head>near</head> Kristianstad in southern Sweden , and then lay roughly on the eastern border of the Danish province of Skyne . 
    </context>
  </instance>


  <instance id="near.p.fn.1101123" docsrc="FN">
    <answer instance="near.p.fn.1101123" senseid="1(1)"/>
    <context>
      They left the dance together and her body was found the next morning in a deep pool of water <head>near</head> a local footpath . 
    </context>
  </instance>


  <instance id="near.p.fn.1077279" docsrc="FN">
    <answer instance="near.p.fn.1077279" senseid="1(1)"/>
    <context>
      The goblet , which has no known exact parallel , was probably made in Murano , an island <head>near</head> Venice . 
    </context>
  </instance>


  <instance id="near.p.fn.1077280" docsrc="FN">
    <answer instance="near.p.fn.1077280" senseid="1(1)"/>
    <context>
      Picture an island <head>near</head> Zanzibar ringed by a virginal coral reef where you stay in a thatched hut amongst palm trees on a pristine beach . 
    </context>
  </instance>


  <instance id="near.p.fn.458110" docsrc="FN">
    <answer instance="near.p.fn.458110" senseid="1(1)"/>
    <context>
      Dunadd fort clings to an isolated rocky hillock <head>near</head> Kilmartin , starkly visible from the road between Lochgilphead and Oban , above what must once have been a naturally protective boggy valley . 
    </context>
  </instance>


  <instance id="near.p.fn.458175" docsrc="FN">
    <answer instance="near.p.fn.458175" senseid="1(1)"/>
    <context>
      She was kept prisoner in Edinburgh and then in a castle on an islet in Loch Leven <head>near</head> Kinross . 
    </context>
  </instance>


  <instance id="near.p.fn.462788" docsrc="FN">
    <answer instance="near.p.fn.462788" senseid="1(1)"/>
    <context>
      No more were found until 1961 when a party from the Soviet Union discovered two fragments of a broken nickel-iron meteorite lying in a glacial moraine <head>near</head> Lazarev Base . 
    </context>
  </instance>


  <instance id="near.p.fn.464837" docsrc="FN">
    <answer instance="near.p.fn.464837" senseid="1(1)"/>
    <context>
      Quartz veins associated with a small granodiorite intrusion at Glenhead Burn <head>near</head> Loch Doon in south-west Scotland contain up to 1.5 g/t Au over 4.5 m in drill core ( MRP 46 ) . 
    </context>
  </instance>


  <instance id="near.p.fn.1066641" docsrc="FN">
    <answer instance="near.p.fn.1066641" senseid="1(1)"/>
    <context>
      A man who drove a stolen car the wrong way along a motorway <head>near</head> Bristol was killed when he crashed into another car . 
    </context>
  </instance>


  <instance id="near.p.fn.1068786" docsrc="FN">
    <answer instance="near.p.fn.1068786" senseid="1(1)"/>
    <context>
      On September 19 and 20 , Erich Thomsen , who runs the Redwood Valley Railway <head>near</head> Berkeley , California , is making a repeat visit to Ravenglass with a second loco from his line . 
    </context>
  </instance>


  <instance id="near.p.fn.505704" docsrc="FN">
    <answer instance="near.p.fn.505704" senseid="1(1)"/>
    <context>
      In a parallel dispute over land claims , freight and passenger rail traffic was seriously disrupted by Ojibwa Indians who blockaded two trans-continental railroads <head>near</head> Thunder Bay in north-western Ontario for five days . 
    </context>
  </instance>


  <instance id="near.p.fn.663188" docsrc="FN">
    <answer instance="near.p.fn.663188" senseid="1(1)"/>
    <context>
      Richard Parkes spotted the carcass <head>near</head> Hurworth Moor cottages on the outskirts of Darlington while walking his own dog . 
    </context>
  </instance>


  <instance id="near.p.fn.663189" docsrc="FN">
    <answer instance="near.p.fn.663189" senseid="1(1)"/>
    <context>
      A few minutes late , I slipped into the half-full auditorium , spotted Sergei <head>near</head> the back , and sat beside him . 
    </context>
  </instance>


  <instance id="near.p.fn.783904" docsrc="FN">
    <answer instance="near.p.fn.783904" senseid="1(1)"/>
    <context>
      One Victorian explorer reported that he could catch these cats and tether them <head>near</head> his food stores to keep the rats down . 
    </context>
  </instance>


  <instance id="near.p.fn.792100" docsrc="FN">
    <answer instance="near.p.fn.792100" senseid="1(1)"/>
    <context>
      Often an informal group will eat lunch <head>near</head> a machine or other work station , even though a canteen is available . 
    </context>
  </instance>


  <instance id="near.p.fn.797111" docsrc="FN">
    <answer instance="near.p.fn.797111" senseid="1(1)"/>
    <context>
      It happened late this afternoon <head>near</head> the Little Chef restaurant and near the junction with the B four zero double two , Charlbury to Swerford road , where it 's believed the motor cyclist collided with a car . 
    </context>
  </instance>


  <instance id="near.p.fn.1246351" docsrc="FN">
    <answer instance="near.p.fn.1246351" senseid="1(1)"/>
    <context>
      A ROADSHOW into new pub leases takes place <head>near</head> Darlington next month .
    </context>
  </instance>


  <instance id="near.p.fn.871897" docsrc="FN">
    <answer instance="near.p.fn.871897" senseid="1(1)"/>
    <context>
      A week of national mourning was announced after more than 150 people were killed when a passenger train collided with a goods train <head>near</head> Dolisie on Sept. 6 . 
    </context>
  </instance>


  <instance id="near.p.fn.1018691" docsrc="FN">
    <answer instance="near.p.fn.1018691" senseid="1(1)"/>
    <context>
      A NINE-YEAR-OLD girl is recovering in hospital after being struck by a car <head>near</head> the North-East coast at the weekend . 
    </context>
  </instance>


  <instance id="near.p.fn.1022070" docsrc="FN">
    <answer instance="near.p.fn.1022070" senseid="1(1)"/>
    <context>
      More than a hundred and thirty people have been killed in an Iranian plane crash <head>near</head> Tehran . 
    </context>
  </instance>


  <instance id="near.p.fn.885229" docsrc="FN">
    <answer instance="near.p.fn.885229" senseid="1(1)"/>
    <context>
      Saline soils form <head>near</head> the sea when salts are blown inland from spray in summer , or in salt-laden snow lifted from sea ice in winter . 
    </context>
  </instance>


  <instance id="near.p.fn.930504" docsrc="FN">
    <answer instance="near.p.fn.930504" senseid="1(1)"/>
    <context>
      This form of transport was available in Funchal until the early 1980s for tourist excursions in the centre of Funchal and <head>near</head> the Savoy and Sheraton Hotels . 
    </context>
  </instance>


  <instance id="near.p.fn.944500" docsrc="FN">
    <answer instance="near.p.fn.944500" senseid="1(1)"/>
    <context>
      The power of a shaman comes from the the raw Waaagh energy radiated by all the Orcs and Goblins <head>near</head> him . 
    </context>
  </instance>


  <instance id="near.p.fn.1043484" docsrc="FN">
    <answer instance="near.p.fn.1043484" senseid="1(1)"/>
    <context>
      A BOY of four drowned yesterday after being swept three miles down a flooded river <head>near</head> Ammanford , West Wales . 
    </context>
  </instance>


  <instance id="near.p.fn.1050583" docsrc="FN">
    <answer instance="near.p.fn.1050583" senseid="1(1)"/>
    <context>
      The prisoners , drunk on home-made booze , barricaded themselves in a dormitory at Lindholme jail <head>near</head> Doncaster , South Yorks , early yesterday . 
    </context>
  </instance>


  <instance id="near.p.fn.1057934" docsrc="FN">
    <answer instance="near.p.fn.1057934" senseid="1(1)"/>
    <context>
      They were both there : the three-inch diagonal scar <head>near</head> the wrist and the permanent multiple fracture of the third finger , which gave it a twisted , arthritic appearance . 
    </context>
  </instance>


  <instance id="near.p.fn.1075016" docsrc="FN">
    <answer instance="near.p.fn.1075016" senseid="1(1)"/>
    <context>
      Maintenance work on a flyover on the A19 <head>near</head> Thirsk could cause traffic delays . 
    </context>
  </instance>


  <instance id="near.p.fn.1165111" docsrc="FN">
    <answer instance="near.p.fn.1165111" senseid="1(1)"/>
    <context>
      In 1864 , the brothers Thomas and Andrew Kay started specialising in curling stone manufacture in a small building at The Haugh , <head>near</head> Mauchline . 
    </context>
  </instance>


  <instance id="near.p.fn.1177642" docsrc="FN">
    <answer instance="near.p.fn.1177642" senseid="1(1)"/>
    <context>
      He died last week when his parachute failed to open while filming for the BBC series 999 <head>near</head> Alnwick , Northumberland . 
    </context>
  </instance>


  <instance id="near.p.fn.1175896" docsrc="FN">
    <answer instance="near.p.fn.1175896" senseid="1(1)"/>
    <context>
      An explosion injured six workers and devastated a petrochemical plant at its Stanlow oil refinery , <head>near</head> Ellesmere Port , leaking solvent into the Mersey . 
    </context>
  </instance>


  <instance id="near.p.fn.1178229" docsrc="FN">
    <answer instance="near.p.fn.1178229" senseid="1(1)"/>
    <context>
      Hendry then experienced fear at first hand one night when he took his dog for it 's nightly walk on the beach <head>near</head> his apartment in South Queensferry . 
    </context>
  </instance>


  <instance id="near.p.fn.201032" docsrc="FN">
    <answer instance="near.p.fn.201032" senseid="1(1)"/>
    <context>
      The bombings were thought to be in retaliation for the shooting by British soldiers in an undercover operation on Oct. 9 of IRA activists Desmond Grew and Martin McCaughey <head>near</head> Loughgall in south Armagh . 
    </context>
  </instance>


  <instance id="near.p.fn.785728" docsrc="FN">
    <answer instance="near.p.fn.785728" senseid="1(1)"/>
    <context>
      That December the birds thronged <head>near</head> Gould 's encampment near Brezi . 
    </context>
  </instance>


</lexelt>
