<lexelt item="above">

  <instance id="above.p.fn.619955" docsrc="FN">
    <answer instance="above.p.fn.619955" senseid="4(2)"/>
    <context>
      North from Chonku Chuli the pink granite mass of Makalu emerged <head>above</head> the seemingly vertical snow walls of the West Col ( 6135 m ) . 
    </context>
  </instance>


  <instance id="above.p.fn.623434" docsrc="FN">
    <answer instance="above.p.fn.623434" senseid="2(1a)"/>
    <context>
      Then the balloons were off rising <head>above</head> Herefordshire to eleven and a half thousand feet instead of the planned ten and a half thousand . 
    </context>
  </instance>


  <instance id="above.p.fn.623440" docsrc="FN">
    <answer instance="above.p.fn.623440" senseid="2(1a)"/>
    <context>
      His tawny skin was stretched tight over the bone , his winged black eyebrows rose <head>above</head> a nose that curved like a falcon 's over his wide mouth . 
    </context>
  </instance>


  <instance id="above.p.fn.628536" docsrc="FN">
    <answer instance="above.p.fn.628536" senseid="4(2)"/>
    <context>
      He hung his biggest cage <head>above</head> the library entrance but it kept falling down , capturing the Headmaster . 
    </context>
  </instance>


  <instance id="above.p.fn.631898" docsrc="FN">
    <answer instance="above.p.fn.631898" senseid="4(2)"/>
    <context>
      She forced the sad and crushed skull below the snow and piled the ice <head>above</head> it . 
    </context>
  </instance>


  <instance id="above.p.fn.632166" docsrc="FN">
    <answer instance="above.p.fn.632166" senseid="4(2)"/>
    <context>
      Place your hands <head>above</head> your knees so you can feel and see the muscle contractions . 
    </context>
  </instance>


  <instance id="above.p.fn.763044" docsrc="FN">
    <answer instance="above.p.fn.763044" senseid="4(2)"/>
    <context>
      ` I know , I know , " soothed the face that swam <head>above</head> her . 
    </context>
  </instance>


  <instance id="above.p.fn.403191" docsrc="FN">
    <answer instance="above.p.fn.403191" senseid="4(2)"/>
    <context>
      When she looked around Deborah could see the roof and chimneys peeping <head>above</head> the brow of the meadow . 
    </context>
  </instance>


  <instance id="above.p.fn.1149059" docsrc="FN">
    <answer instance="above.p.fn.1149059" senseid="4(2)"/>
    <context>
      Fully clothed , enormous in midnight-blue serge suit and peaked cap , he knelt <head>above</head> her , rhythmically slapping her face with a pendulum action of his heavy-gloved hand . 
    </context>
  </instance>


  <instance id="above.p.fn.1150741" docsrc="FN">
    <answer instance="above.p.fn.1150741" senseid="4(2)"/>
    <context>
      Her hair was dipping into the water and , stooping <head>above</head> her , Matthew was carefully pouring water from the jug , making a cascade over her hair as it washed the soapy water back into the bath . 
    </context>
  </instance>


  <instance id="above.p.fn.1129031" docsrc="FN">
    <answer instance="above.p.fn.1129031" senseid="4(2)"/>
    <context>
      The brown teapot with a slightly broken spout sat like a cold little sentinel on the hob , jackdaws rustled <head>above</head> it in the chimney . 
    </context>
  </instance>


  <instance id="above.p.fn.1129584" docsrc="FN">
    <answer instance="above.p.fn.1129584" senseid="4(2)"/>
    <context>
      The man swore at her before turning away , the seagulls screeching <head>above</head> his battered hat . 
    </context>
  </instance>


  <instance id="above.p.fn.1249483" docsrc="FN">
    <answer instance="above.p.fn.1249483" senseid="4(2)"/>
    <context>
      A bell tolled <head>above</head> his head .
    </context>
  </instance>


  <instance id="above.p.fn.1134124" docsrc="FN">
    <answer instance="above.p.fn.1134124" senseid="4(2)"/>
    <context>
      A flock of Siberian tits twitters away <head>above</head> us . 
    </context>
  </instance>


  <instance id="above.p.fn.375597" docsrc="FN">
    <answer instance="above.p.fn.375597" senseid="8(2d)"/>
    <context>
      He could not hear me <head>above</head> the din of the crowd . 
    </context>
  </instance>


  <instance id="above.p.fn.375599" docsrc="FN">
    <answer instance="above.p.fn.375599" senseid="8(2d)"/>
    <context>
      She had just pressed it a second time when she heard a faint voice <head>above</head> the High Street traffic . 
    </context>
  </instance>


  <instance id="above.p.fn.375601" docsrc="FN">
    <answer instance="above.p.fn.375601" senseid="8(2d)"/>
    <context>
      The woman lowered her voice so that Ianthe could hardly hear it <head>above</head> the noise of the train . 
    </context>
  </instance>


  <instance id="above.p.fn.375605" docsrc="FN">
    <answer instance="above.p.fn.375605" senseid="8(2d)"/>
    <context>
      It would be untrue to have said it was impossible to hear the Beatles <head>above</head> the screaming . 
    </context>
  </instance>


  <instance id="above.p.fn.375607" docsrc="FN">
    <answer instance="above.p.fn.375607" senseid="8(2d)"/>
    <context>
      The Doctor began to speak , in a voice so quiet Piper wondered how she could hear his words <head>above</head> the storm . 
    </context>
  </instance>


  <instance id="above.p.fn.397096" docsrc="FN">
    <answer instance="above.p.fn.397096" senseid="4(2)"/>
    <context>
      The spire of St Kentigern 's , seen <head>above</head> the Banks , carries one elongated isosceles triangle of pure white from base to weathercock . 
    </context>
  </instance>


  <instance id="above.p.fn.397107" docsrc="FN">
    <answer instance="above.p.fn.397107" senseid="4(2)"/>
    <context>
      He looks up , the script said , and sees <head>above</head> him the huge , luminous eyes of a monster . 
    </context>
  </instance>


  <instance id="above.p.fn.333077" docsrc="FN">
    <answer instance="above.p.fn.333077" senseid="4(2)"/>
    <context>
      Note the black background <head>above</head> the lift : a help to the inlay operator whose equipment will give the illusion of the lift moving . 
    </context>
  </instance>


  <instance id="above.p.fn.194380" docsrc="FN">
    <answer instance="above.p.fn.194380" senseid="9(3)"/>
    <context>
      Here January temperatures are below freezing point ( -0.5  , 31  ) and only in the three summer months does the average temperature rise <head>above</head> 15.5  ( 60  ) , July attaining 21  ( 70  ) . 
    </context>
  </instance>


  <instance id="above.p.fn.184935" docsrc="FN">
    <answer instance="above.p.fn.184935" senseid="9(3)"/>
    <context>
      Oil prices have soared <head>above</head> forty dollars a barrel , their highest level in a decade , which is almost certain to provoke another round of petrol price increases . 
    </context>
  </instance>


  <instance id="above.p.fn.185026" docsrc="FN">
    <answer instance="above.p.fn.185026" senseid="9(3)"/>
    <context>
      AFTER soaring <head>above</head> $19 a barrel on Tuesday , oil prices fell back last night to $18.84 in spite of an announcement by Iran that it would cut its production next month . 
    </context>
  </instance>


  <instance id="above.p.fn.185039" docsrc="FN">
    <answer instance="above.p.fn.185039" senseid="9(3)"/>
    <context>
      Greece took emergency action on two consecutive days in October as air pollution soared <head>above</head> safety levels . 
    </context>
  </instance>


  <instance id="above.p.fn.185042" docsrc="FN">
    <answer instance="above.p.fn.185042" senseid="9(3)"/>
    <context>
      BRITAIN 'S unemployment soared <head>above</head> 2.6 million for the first time in over four years yesterday after a bigger than expected surge in the number of people out of work . 
    </context>
  </instance>


  <instance id="above.p.fn.215823" docsrc="FN">
    <answer instance="above.p.fn.215823" senseid="4(2)"/>
    <context>
      She was big , well-off , theatrical , and lived <head>above</head> a butcher 's shop in Shepherds Market , Mayfair . 
    </context>
  </instance>


  <instance id="above.p.fn.215837" docsrc="FN">
    <answer instance="above.p.fn.215837" senseid="4(2)"/>
    <context>
      ` Do you live <head>above</head> the shop ? " 
    </context>
  </instance>


  <instance id="above.p.fn.438461" docsrc="FN">
    <answer instance="above.p.fn.438461" senseid="4(2)"/>
    <context>
      Later a storm breaks over the hotel ; lightning flares <head>above</head> the mountains across the loch , and the windows rattle as the thunder booms . 
    </context>
  </instance>


  <instance id="above.p.fn.438748" docsrc="FN">
    <answer instance="above.p.fn.438748" senseid="4(2)"/>
    <context>
      When his eyes had adjusted to the darkness , he distinguished the pulsing glimmer of the stars <head>above</head> the glare of the streetlights . 
    </context>
  </instance>


  <instance id="above.p.fn.469084" docsrc="FN">
    <answer instance="above.p.fn.469084" senseid="4(2)"/>
    <context>
      On the headland <head>above</head> Praia do Carvoeiro and overlooking the sea sat the small white local church . 
    </context>
  </instance>


  <instance id="above.p.fn.1079652" docsrc="FN">
    <answer instance="above.p.fn.1079652" senseid="4(2)"/>
    <context>
      Sandpipers stalked the dunes <head>above</head> the river in disciplined hunting parties . 
    </context>
  </instance>


  <instance id="above.p.fn.1077110" docsrc="FN">
    <answer instance="above.p.fn.1077110" senseid="4(2)"/>
    <context>
      The long desert ridges <head>above</head> the far bank looked like petrified pink brocade . 
    </context>
  </instance>


  <instance id="above.p.fn.1077149" docsrc="FN">
    <answer instance="above.p.fn.1077149" senseid="4(2)"/>
    <context>
      I stay local for a night , then climb the ridge <head>above</head> the far side of the fjord , making for Hestefjordur and a view of the big glacier . 
    </context>
  </instance>


  <instance id="above.p.fn.1066122" docsrc="FN">
    <answer instance="above.p.fn.1066122" senseid="4(2)"/>
    <context>
      Trafalgar House plc is constructing a bridge across the River Thames <head>above</head> the Dartford Tunnels , which it runs , using the tolls to pay for the bridge . 
    </context>
  </instance>


  <instance id="above.p.fn.933675" docsrc="FN">
    <answer instance="above.p.fn.933675" senseid="9(3)"/>
    <context>
      Any process which heats the air <head>above</head> approximately 2300 K will produce significant quantities of nitric oxide ( NO ) . 
    </context>
  </instance>


  <instance id="above.p.fn.933744" docsrc="FN">
    <answer instance="above.p.fn.933744" senseid="9(3)"/>
    <context>
      Very few food poisoning bacteria grow if they are colder than 5 C and they are killed if heated <head>above</head> 63 C . 
    </context>
  </instance>


  <instance id="above.p.fn.930782" docsrc="FN">
    <answer instance="above.p.fn.930782" senseid="1(1)"/>
    <context>
      Already the water was bubbling <head>above</head> the metal floor grille on which he was standing and the submarine had adopted a strange , unnatural posture , leaning to one side . 
    </context>
  </instance>


  <instance id="above.p.fn.948893" docsrc="FN">
    <answer instance="above.p.fn.948893" senseid="1(1)"/>
    <context>
      The bag was increasing its lead , almost out of view , when it arced and plummeted like a kite <head>above</head> the beach and was slammed against a rock . 
    </context>
  </instance>


  <instance id="above.p.fn.1108866" docsrc="FN">
    <answer instance="above.p.fn.1108866" senseid="4(2)"/>
    <context>
      As he gazed up into the heights <head>above</head> he noticed a faint thickening of the air as if some of the mist had seeped inside . 
    </context>
  </instance>


  <instance id="above.p.fn.336163" docsrc="FN">
    <answer instance="above.p.fn.336163" senseid="2(1a)"/>
    <context>
      William , bagged in his grubby sleeping suit , lay as always on his back , both arms flung <head>above</head> his head . 
    </context>
  </instance>


  <instance id="above.p.fn.336196" docsrc="FN">
    <answer instance="above.p.fn.336196" senseid="2(1a)"/>
    <context>
      She had rolled over in the night and was sleeping on her back with one arm flung <head>above</head> her head . 
    </context>
  </instance>


  <instance id="above.p.fn.1149198" docsrc="FN">
    <answer instance="above.p.fn.1149198" senseid="2(1a)"/>
    <context>
      She was solely feeling when he turned again and leaned <head>above</head> her . 
    </context>
  </instance>


  <instance id="above.p.fn.584431" docsrc="FN">
    <answer instance="above.p.fn.584431" senseid="9(3)"/>
    <context>
      After 1970 , the operation of union membership agreements pushed overall membership consistently <head>above</head> 90 per cent , and for some grades such as train drivers , unionization has been virtually total . 
    </context>
  </instance>


  <instance id="above.p.fn.586169" docsrc="FN">
    <answer instance="above.p.fn.586169" senseid="4(2)"/>
    <context>
      Keith throws his hands <head>above</head> his head in the touchdown sign . 
    </context>
  </instance>


  <instance id="above.p.fn.586170" docsrc="FN">
    <answer instance="above.p.fn.586170" senseid="4(2)"/>
    <context>
      In a flash , she saw Jenny 's blaze of red hair , Jamie beside her , and she threw the bouquet <head>above</head> the heads of the others , straight at Jenny , who gasped and caught it . 
    </context>
  </instance>


  <instance id="above.p.fn.340090" docsrc="FN">
    <answer instance="above.p.fn.340090" senseid="2(1a)"/>
    <context>
      Yawning lazily , the older man stretched his plump arms <head>above</head> his head . 
    </context>
  </instance>


</lexelt>
