<lexelt item="against">

  <instance id="against.p.fn.334006" docsrc="FN">
    <answer instance="against.p.fn.334006" senseid="10(4)"/>
    <context>
      She snatched Buster from his play and we went back into the house where she held him close to her face , laughing as the big cat purred and arched himself ecstatically <head>against</head> her cheek .
    </context>
  </instance>


  <instance id="against.p.fn.334008" docsrc="FN">
    <answer instance="against.p.fn.334008" senseid="10(4)"/>
    <context>
      She digs claws deep into their shoulders , arches her spine <head>against</head> them .
    </context>
  </instance>


  <instance id="against.p.fn.388203" docsrc="FN">
    <answer instance="against.p.fn.388203" senseid="10(4)"/>
    <context>
      His elbow nudged <head>against</head> Newman 's side .
    </context>
  </instance>


  <instance id="against.p.fn.1148547" docsrc="FN">
    <answer instance="against.p.fn.1148547" senseid="10(4)"/>
    <context>
      Her body had stiffened for a moment but she made herself relax and huddle <head>against</head> him .
    </context>
  </instance>


  <instance id="against.p.fn.1149291" docsrc="FN">
    <answer instance="against.p.fn.1149291" senseid="10(4)"/>
    <context>
      She leaned <head>against</head> the door of her old room .
    </context>
  </instance>


  <instance id="against.p.fn.1149295" docsrc="FN">
    <answer instance="against.p.fn.1149295" senseid="10(4)"/>
    <context>
      Her shoulders slumping tiredly , she leaned <head>against</head> the fork handle .
    </context>
  </instance>


  <instance id="against.p.fn.1149638" docsrc="FN">
    <answer instance="against.p.fn.1149638" senseid="10(4)"/>
    <context>
      There are several students slouching <head>against</head> the wall , or sitting on the floor , outside her room .
    </context>
  </instance>


  <instance id="against.p.fn.329858" docsrc="FN">
    <answer instance="against.p.fn.329858" senseid="1(1)"/>
    <context>
      Later on Mill was reinstated by the Queen , but suspicions <head>against</head> him remained .
    </context>
  </instance>


  <instance id="against.p.fn.1155216" docsrc="FN">
    <answer instance="against.p.fn.1155216" senseid="1(1)"/>
    <context>
      This will help you put forward a clear argument <head>against</head> him .
    </context>
  </instance>


  <instance id="against.p.fn.1155220" docsrc="FN">
    <answer instance="against.p.fn.1155220" senseid="1(1)"/>
    <context>
      Popper has two arguments <head>against</head> the sociology of knowledge .
    </context>
  </instance>


  <instance id="against.p.fn.1155223" docsrc="FN">
    <answer instance="against.p.fn.1155223" senseid="1(1)"/>
    <context>
      An important point to note here is that these were not really arguments <head>against</head> correctionalism as such .
    </context>
  </instance>


  <instance id="against.p.fn.1155232" docsrc="FN">
    <answer instance="against.p.fn.1155232" senseid="1(1)"/>
    <context>
      But the argument <head>against</head> further reform is that stability above all is what the country needs .
    </context>
  </instance>


  <instance id="against.p.fn.703148" docsrc="FN">
    <answer instance="against.p.fn.703148" senseid="1(1)"/>
    <context>
      But it must have been a temptation in poor working-class communities , where virginity in any case was not sacred , where the stigma <head>against</head> extra-marital sex was weak , and where a prostitute could earn in half an hour what a respectable girl might earn in a week .
    </context>
  </instance>


  <instance id="against.p.fn.703235" docsrc="FN">
    <answer instance="against.p.fn.703235" senseid="1(1)"/>
    <context>
      The problem occurs with some of his followers , who turn the technique from one of limited use with some people into a total dogmatic world view , ignoring Freud 's own strictures <head>against</head> such tendencies .
    </context>
  </instance>


  <instance id="against.p.fn.419409" docsrc="FN">
    <answer instance="against.p.fn.419409" senseid="2(1a)"/>
    <context>
      The Professional Association of Teachers has produced details of a particularly disturbing case in which a teacher in the independent sector was summarily dismissed very rapidly after making serious allegations <head>against</head> a colleague .
    </context>
  </instance>


  <instance id="against.p.fn.419429" docsrc="FN">
    <answer instance="against.p.fn.419429" senseid="2(1a)"/>
    <context>
      Richards counterattacked with allegations <head>against</head> Maddox of ethical and financial impropriety .
    </context>
  </instance>


  <instance id="against.p.fn.419440" docsrc="FN">
    <answer instance="against.p.fn.419440" senseid="2(1a)"/>
    <context>
      Gouzenko 's involvement in the allegations <head>against</head> Sir Roger Hollis was the result of statements he made during the lengthy debriefing following his defection when he claimed there were two Russian spies both with the codename Elli .
    </context>
  </instance>


  <instance id="against.p.fn.419445" docsrc="FN">
    <answer instance="against.p.fn.419445" senseid="2(1a)"/>
    <context>
      ` The revelation that Libya was involved does not necessarily mean that previous allegations <head>against</head> Syria and Iran are false , " said Anat Kurz , of the Jaffee Centre for Strategic Studies in Tel Aviv .
    </context>
  </instance>


  <instance id="against.p.fn.419928" docsrc="FN">
    <answer instance="against.p.fn.419928" senseid="2(1a)"/>
    <context>
      Next week the paper ran a piece misquoting and ridiculing Small 's allegations <head>against</head> foxes .
    </context>
  </instance>


  <instance id="against.p.fn.419930" docsrc="FN">
    <answer instance="against.p.fn.419930" senseid="2(1a)"/>
    <context>
      His allegations <head>against</head> Mr Reid were later backed up by the villa 's then deputy charge nurse , Karen Spinner .
    </context>
  </instance>


  <instance id="against.p.fn.420049" docsrc="FN">
    <answer instance="against.p.fn.420049" senseid="2(1a)"/>
    <context>
      The new allegations <head>against</head> her are being made by a woman who was convicted on the same charges and is out on bail with her .
    </context>
  </instance>


  <instance id="against.p.fn.420061" docsrc="FN">
    <answer instance="against.p.fn.420061" senseid="2(1a)"/>
    <context>
      A file on the alleged offences was compiled by the Suffolk force 's internal discipline department and sent to a special section of the CPS in London which deals with allegations <head>against</head> English police officers .
    </context>
  </instance>


  <instance id="against.p.fn.421761" docsrc="FN">
    <answer instance="against.p.fn.421761" senseid="4(2)"/>
    <context>
      More sympathetic souls cautioned me <head>against</head> hasty decisions , but the ripples subsided fairly quickly .
    </context>
  </instance>


  <instance id="against.p.fn.421910" docsrc="FN">
    <answer instance="against.p.fn.421910" senseid="4(2)"/>
    <context>
      Though Mr Pilkington cautions <head>against</head> over-optimistic expectations , he is confident that the visioncare business is firmly on track .
    </context>
  </instance>


  <instance id="against.p.fn.421914" docsrc="FN">
    <answer instance="against.p.fn.421914" senseid="4(2)"/>
    <context>
      On the other hand , theorists in the field of Cultural Studies caution <head>against</head> any simple notion that exposure of individuals to cultural representations modifies their behaviour .
    </context>
  </instance>


  <instance id="against.p.fn.421923" docsrc="FN">
    <answer instance="against.p.fn.421923" senseid="4(2)"/>
    <context>
      Alan Travis cautions <head>against</head> parallels with Powell 's ` river of blood " campaign .
    </context>
  </instance>


  <instance id="against.p.fn.421935" docsrc="FN">
    <answer instance="against.p.fn.421935" senseid="4(2)"/>
    <context>
      But the doctors cautioned <head>against</head> blue skies forever .
    </context>
  </instance>


  <instance id="against.p.fn.740711" docsrc="FN">
    <answer instance="against.p.fn.740711" senseid="1(1)"/>
    <context>
      One of the American complaints <head>against</head> Japan is that Japan has had access to US government-funded research while denying foreign companies access to research funded by the Japanese government .
    </context>
  </instance>


  <instance id="against.p.fn.740713" docsrc="FN">
    <answer instance="against.p.fn.740713" senseid="1(1)"/>
    <context>
      One of the more commonly heard complaints <head>against</head> the existing management structure from top athletes is that its detachment from the road race scene leaves management ill-equipped to make selection decisions for road races in major internationals .
    </context>
  </instance>


  <instance id="against.p.fn.741013" docsrc="FN">
    <answer instance="against.p.fn.741013" senseid="1(1)"/>
    <context>
      The earlier letter reveals , incidentally , how closely his complaint <head>against</head> contemporary philology was related to distaste for contemporary intellectual life in general .
    </context>
  </instance>


  <instance id="against.p.fn.741018" docsrc="FN">
    <answer instance="against.p.fn.741018" senseid="1(1)"/>
    <context>
      Lyndon Johnson 's searing complaints <head>against</head> the British have been much quoted , yet for the first year or two the president was not insensitive to the political realities in London .
    </context>
  </instance>


  <instance id="against.p.fn.1152962" docsrc="FN">
    <answer instance="against.p.fn.1152962" senseid="1(1)"/>
    <context>
      Some also held field meetings at which they preached <head>against</head> bishops and the Government .
    </context>
  </instance>


  <instance id="against.p.fn.654886" docsrc="FN">
    <answer instance="against.p.fn.654886" senseid="1(1)"/>
    <context>
      The Emperor 's veterans , fretting <head>against</head> the injustices of Bourbon France , had welcomed Napoleon 's return and flocked to the Eagles .
    </context>
  </instance>


  <instance id="against.p.fn.581773" docsrc="FN">
    <answer instance="against.p.fn.581773" senseid="10(4)"/>
    <context>
      One of the group then grabbed the boy and flung him <head>against</head> a wall .
    </context>
  </instance>


  <instance id="against.p.fn.581778" docsrc="FN">
    <answer instance="against.p.fn.581778" senseid="10(4)"/>
    <context>
      I was standing at one of the windows of the outer office , watching the rain fling itself remorselessly <head>against</head> the panes .
    </context>
  </instance>


  <instance id="against.p.fn.582835" docsrc="FN">
    <answer instance="against.p.fn.582835" senseid="10(4)"/>
    <context>
      He suddenly grabbed the beer can and hurled it <head>against</head> the wall then upturned the table , sending it crashing against the cooker .
    </context>
  </instance>


  <instance id="against.p.fn.584462" docsrc="FN">
    <answer instance="against.p.fn.584462" senseid="10(4)"/>
    <context>
      She closed the wooden gate and pushed a brick <head>against</head> it with her foot .
    </context>
  </instance>


  <instance id="against.p.fn.584473" docsrc="FN">
    <answer instance="against.p.fn.584473" senseid="10(4)"/>
    <context>
      She pushed her chair <head>against</head> the table .
    </context>
  </instance>


  <instance id="against.p.fn.586197" docsrc="FN">
    <answer instance="against.p.fn.586197" senseid="10(4)"/>
    <context>
      We threw ourselves <head>against</head> the door , and as the lock broke we went in .
    </context>
  </instance>


  <instance id="against.p.fn.586200" docsrc="FN">
    <answer instance="against.p.fn.586200" senseid="10(4)"/>
    <context>
      When John threw him <head>against</head> the foam sofa unit , it tipped over backward and he cracked his head against the window behind , splitting the glass .
    </context>
  </instance>


  <instance id="against.p.fn.586208" docsrc="FN">
    <answer instance="against.p.fn.586208" senseid="10(4)"/>
    <context>
      Cardiff threw himself backwards <head>against</head> the staircase wall , as the thing from the stairwell lunged backwards into the darkness , taking the flapping and gutted body of Peters with it , still fastened to its arm .
    </context>
  </instance>


  <instance id="against.p.fn.586210" docsrc="FN">
    <answer instance="against.p.fn.586210" senseid="10(4)"/>
    <context>
      When it goes off you throw it <head>against</head> the wall to stop the noise .
    </context>
  </instance>


  <instance id="against.p.fn.629608" docsrc="FN">
    <answer instance="against.p.fn.629608" senseid="10(4)"/>
    <context>
      She leaned closer to him and lay her head <head>against</head> his shoulder .
    </context>
  </instance>


  <instance id="against.p.fn.630112" docsrc="FN">
    <answer instance="against.p.fn.630112" senseid="10(4)"/>
    <context>
      With a shaky little breath she leaned her forehead <head>against</head> him .
    </context>
  </instance>


  <instance id="against.p.fn.630114" docsrc="FN">
    <answer instance="against.p.fn.630114" senseid="10(4)"/>
    <context>
      Cara put her hand over his on the steering wheel , leaned her head <head>against</head> his shoulder .
    </context>
  </instance>


  <instance id="against.p.fn.630121" docsrc="FN">
    <answer instance="against.p.fn.630121" senseid="10(4)"/>
    <context>
      She leaned the mop <head>against</head> the kitchen wall .
    </context>
  </instance>


  <instance id="against.p.fn.630122" docsrc="FN">
    <answer instance="against.p.fn.630122" senseid="10(4)"/>
    <context>
      Sylvia nodded , and leaned her weight <head>against</head> the side of Carolyn 's chair .
    </context>
  </instance>


  <instance id="against.p.fn.630124" docsrc="FN">
    <answer instance="against.p.fn.630124" senseid="10(4)"/>
    <context>
      Leaning the broomstick <head>against</head> the signpost , she grasped the handle and climbed carefully on to the top of the twigs and raised her head towards the words on the signpost arm .
    </context>
  </instance>


  <instance id="against.p.fn.630623" docsrc="FN">
    <answer instance="against.p.fn.630623" senseid="10(4)"/>
    <context>
      PC Sparkes lodged his bike <head>against</head> Carter 's fence , knocked on the door and , getting no reply , he sauntered round the premises peering through each window -- nothing seemed out of place or obviously suspicious .
    </context>
  </instance>


  <instance id="against.p.fn.630626" docsrc="FN">
    <answer instance="against.p.fn.630626" senseid="10(4)"/>
    <context>
      The Deaconess had lodged her cup <head>against</head> her bosom and was keeping her sword arm free for the cucumber sandwiches .
    </context>
  </instance>


  <instance id="against.p.fn.631855" docsrc="FN">
    <answer instance="against.p.fn.631855" senseid="10(4)"/>
    <context>
      To reinforce the point , he piled coal <head>against</head> the door .
    </context>
  </instance>


  <instance id="against.p.fn.632018" docsrc="FN">
    <answer instance="against.p.fn.632018" senseid="10(4)"/>
    <context>
      He placed a ladder <head>against</head> an upper window , climbed up , and saw a naked woman on the bed .
    </context>
  </instance>


  <instance id="against.p.fn.632291" docsrc="FN">
    <answer instance="against.p.fn.632291" senseid="10(4)"/>
    <context>
      On slaughtering days all the gates were carefully locked and a long wooden ramp placed <head>against</head> the cellar steps .
    </context>
  </instance>


  <instance id="against.p.fn.632304" docsrc="FN">
    <answer instance="against.p.fn.632304" senseid="10(4)"/>
    <context>
      The pin is inserted into the device , its facing plate placed <head>against</head> the wall , and a couple of taps with a hammer on the plunger drive the pin into the wall .
    </context>
  </instance>


  <instance id="against.p.fn.632977" docsrc="FN">
    <answer instance="against.p.fn.632977" senseid="10(4)"/>
    <context>
      Position cake <head>against</head> the green parcel .
    </context>
  </instance>


  <instance id="against.p.fn.633281" docsrc="FN">
    <answer instance="against.p.fn.633281" senseid="10(4)"/>
    <context>
      He had spoken jokingly , but as he fell silent , the happiness left his face and he rested his cheek <head>against</head> Cassie 's bright hair and was suddenly very still .
    </context>
  </instance>


  <instance id="against.p.fn.633290" docsrc="FN">
    <answer instance="against.p.fn.633290" senseid="10(4)"/>
    <context>
      She stopped and rested her forehead <head>against</head> the cold metal walls of the corridor .
    </context>
  </instance>


  <instance id="against.p.fn.633292" docsrc="FN">
    <answer instance="against.p.fn.633292" senseid="10(4)"/>
    <context>
      Dougal rested the transmitting end of the handset <head>against</head> the speaker of his battery-operated tape recorder .
    </context>
  </instance>


  <instance id="against.p.fn.633299" docsrc="FN">
    <answer instance="against.p.fn.633299" senseid="10(4)"/>
    <context>
      One elder in a blanket rests his sticks <head>against</head> the wall of the former jail and has a pee , contributing minutely to the eventual disappearance of the police station .
    </context>
  </instance>


  <instance id="against.p.fn.633685" docsrc="FN">
    <answer instance="against.p.fn.633685" senseid="10(4)"/>
    <context>
      Plumping up the pillows , she set them <head>against</head> the padded headrest and left , closing the door behind her .
    </context>
  </instance>


  <instance id="against.p.fn.633689" docsrc="FN">
    <answer instance="against.p.fn.633689" senseid="10(4)"/>
    <context>
      Coventry put the kettle on the stove , put the teapot and the tea caddy and sugar on the table , and then took off his own perfectly dry shoes , and set them <head>against</head> the stove .
    </context>
  </instance>


  <instance id="against.p.fn.634659" docsrc="FN">
    <answer instance="against.p.fn.634659" senseid="10(4)"/>
    <context>
      I closed the lid , snapping the locks , and stood the case <head>against</head> the wall .
    </context>
  </instance>


  <instance id="against.p.fn.734" docsrc="FN">
    <answer instance="against.p.fn.734" senseid="1(1)"/>
    <context>
      By March 1958 an array of groups mobilizing pieds noirs , army officers , right-wing politicians , and a few committed Gaullists were actively plotting insurrection <head>against</head> the Fourth Republic .
    </context>
  </instance>


  <instance id="against.p.fn.735" docsrc="FN">
    <answer instance="against.p.fn.735" senseid="1(1)"/>
    <context>
      It proved to be a long , painful , and frustrating operation , which along the way provoked two serious insurrections <head>against</head> the regime , alienated much of the army , and left behind lifelong resentments .
    </context>
  </instance>


  <instance id="against.p.fn.784" docsrc="FN">
    <answer instance="against.p.fn.784" senseid="1(1)"/>
    <context>
      A mutiny <head>against</head> the rowing establishment last summer by oarsmen being coached by him was patched up in time for the world championships in Yugoslavia , but at the end of the championships Spracklen declared that he had no future in British rowing .
    </context>
  </instance>


  <instance id="against.p.fn.785" docsrc="FN">
    <answer instance="against.p.fn.785" senseid="1(1)"/>
    <context>
      Mosley , arguing that Spengler 's understanding of caesarism was profound but that he had failed to see the potential in modern science to rejuvenate society , saw fascism as a ` mutiny <head>against</head> destiny " .
    </context>
  </instance>


  <instance id="against.p.fn.1005" docsrc="FN">
    <answer instance="against.p.fn.1005" senseid="1(1)"/>
    <context>
      Whether he has any greater success in mounting a rebellion <head>against</head> Mr Heath 's former political secretary , Mr Hurd , than Mr Powell had against the former Prime Minister 17 years ago remains to be seen .
    </context>
  </instance>


  <instance id="against.p.fn.1008" docsrc="FN">
    <answer instance="against.p.fn.1008" senseid="1(1)"/>
    <context>
      The town remained prosperous and pledged its loyalty to its new owner in a rebellion <head>against</head> the Lancastrian government in 1452 .
    </context>
  </instance>


  <instance id="against.p.fn.1011" docsrc="FN">
    <answer instance="against.p.fn.1011" senseid="1(1)"/>
    <context>
      In 1641 there was a Catholic rebellion <head>against</head> the Protestants of Ulster , and English authority over the island was shaken .
    </context>
  </instance>


  <instance id="against.p.fn.1017" docsrc="FN">
    <answer instance="against.p.fn.1017" senseid="1(1)"/>
    <context>
      There is a possibility , therefore , that Ealhfrith lost his life in a rebellion <head>against</head> his father while Wilfrid was receiving consecration in Gaul .
    </context>
  </instance>


  <instance id="against.p.fn.1222" docsrc="FN">
    <answer instance="against.p.fn.1222" senseid="1(1)"/>
    <context>
      THE INTIFADA is a people 's unarmed revolution <head>against</head> occupation .
    </context>
  </instance>


  <instance id="against.p.fn.1229" docsrc="FN">
    <answer instance="against.p.fn.1229" senseid="1(1)"/>
    <context>
      News of the resignation was greeted with jubilation by the protesters , many of whom hailed it as the true start of Bulgaria 's revolution <head>against</head> communist rule .
    </context>
  </instance>


  <instance id="against.p.fn.1230" docsrc="FN">
    <answer instance="against.p.fn.1230" senseid="1(1)"/>
    <context>
      Independent candidates won 83 seats , among them Jaled Mohiedine , the veteran leader of the small left-wing Progressive Patriotic Association and a leading figure in the 1952 revolution <head>against</head> the monarchy .
    </context>
  </instance>


  <instance id="against.p.fn.1364" docsrc="FN">
    <answer instance="against.p.fn.1364" senseid="1(1)"/>
    <context>
      On the island Mazzini had already prepared the ground for an uprising <head>against</head> the Kingdom of the Two Sicilies which controlled the island and the mainland province of Reggio-Calabria .
    </context>
  </instance>


  <instance id="against.p.fn.1368" docsrc="FN">
    <answer instance="against.p.fn.1368" senseid="1(1)"/>
    <context>
      The laibon speaks of the Masai uprising <head>against</head> the Germans in 1915 and of the last great war waged against the unspeakable Bantu tribes around Lake Victoria who ate fish .
    </context>
  </instance>


  <instance id="against.p.fn.1369" docsrc="FN">
    <answer instance="against.p.fn.1369" senseid="1(1)"/>
    <context>
      The uprising <head>against</head> the townies will take place after the next eunoto , which is the gathering of thousands of warriors at the end of their time as morans .
    </context>
  </instance>


  <instance id="against.p.fn.1370" docsrc="FN">
    <answer instance="against.p.fn.1370" senseid="1(1)"/>
    <context>
      the uprising : commonly known in the West as the intifada -- the Palestinian uprising <head>against</head> Israeli occupation in Gaza and the West Bank of Jordan .
    </context>
  </instance>


  <instance id="against.p.fn.1375" docsrc="FN">
    <answer instance="against.p.fn.1375" senseid="1(1)"/>
    <context>
      A tape recorded announcement of a military uprising <head>against</head> the government was received by the Noticias Argentinas news agency on Nov. 7 and commented on in the daily newspaper El Diario Popular on Nov. 8 .
    </context>
  </instance>


  <instance id="against.p.fn.87493" docsrc="FN">
    <answer instance="against.p.fn.87493" senseid="1(1)"/>
    <context>
      For example , on 11th Night a vehicle was called to some youths at a bonfire near to a middle-class suburban area , and a young recruit was keen to act , but an older constable urged <head>against</head> it :
    </context>
  </instance>


  <instance id="against.p.fn.89755" docsrc="FN">
    <answer instance="against.p.fn.89755" senseid="1(1)"/>
    <context>
      The bride was going to get married in a tutu but we persuaded her <head>against</head> it .
    </context>
  </instance>


  <instance id="against.p.fn.90120" docsrc="FN">
    <answer instance="against.p.fn.90120" senseid="1(1)"/>
    <context>
      For many years Tukaram 's enemy Rameshwar had incited the people <head>against</head> Tukaram and been instrumental in having Tukaram 's poems thrown into a river .
    </context>
  </instance>


  <instance id="against.p.fn.185755" docsrc="FN">
    <answer instance="against.p.fn.185755" senseid="1(1)"/>
    <context>
      Two weeks later , at a place called Ballinamuck , the small French army surrendered after a short battle <head>against</head> a numerically superior British force and were taken prisoner .
    </context>
  </instance>


  <instance id="against.p.fn.185763" docsrc="FN">
    <answer instance="against.p.fn.185763" senseid="1(1)"/>
    <context>
      He was later reputed to have played a role in the sea battle <head>against</head> the French off Sandwich in 1217 .
    </context>
  </instance>


  <instance id="against.p.fn.186728" docsrc="FN">
    <answer instance="against.p.fn.186728" senseid="1(1)"/>
    <context>
      The Fante people of Ghana formed strategic alliances with their European invaders in their fight <head>against</head> the Ashanti Empire from the earliest arrival of the Portuguese in 1471 .
    </context>
  </instance>


  <instance id="against.p.fn.186611" docsrc="FN">
    <answer instance="against.p.fn.186611" senseid="1(1)"/>
    <context>
      Lord John had sounded hopeless for he knew he would lose a duel <head>against</head> Sharpe .
    </context>
  </instance>


  <instance id="against.p.fn.186085" docsrc="FN">
    <answer instance="against.p.fn.186085" senseid="3(1b)"/>
    <context>
      It was a major disappointment for Beasant , who was ready to fly to Italy with Portsmouth for tomorrow 's Anglo-Italian Cup clash <head>against</head> Ascoli .
    </context>
  </instance>


  <instance id="against.p.fn.186329" docsrc="FN">
    <answer instance="against.p.fn.186329" senseid="2(1a)"/>
    <context>
      Each episode had a broadly similar scenario : the good guys from the Serious Fraud Office were pitted in courtroom confrontations <head>against</head> the bad guys from Guinness and their allies .
    </context>
  </instance>


  <instance id="against.p.fn.186900" docsrc="FN">
    <answer instance="against.p.fn.186900" senseid="1(1)"/>
    <context>
      The provincials regarded us as a gassy , protesting , quarrelsome , cantankerous crowd , very good at cursing the enemy and cursing ourselves , but no good at effective fighting <head>against</head> the well organised political parties .
    </context>
  </instance>


  <instance id="against.p.fn.186902" docsrc="FN">
    <answer instance="against.p.fn.186902" senseid="1(1)"/>
    <context>
      Eventually Adam was made up to captain , but not before he had distinguished himself in the Malayan jungle in hand-to-hand fighting <head>against</head> the never-ending waves of Chinese soldiers .
    </context>
  </instance>


  <instance id="against.p.fn.185934" docsrc="FN">
    <answer instance="against.p.fn.185934" senseid="3(1b)"/>
    <context>
      I tried boxing when I was fifteen and won a bout <head>against</head> an opponent who was smaller than me and who normally wore thick glasses ; I went on to the second round of the competition and was beaten flat in thirty seconds by a demon midget who hammered me onto the ropes and kept hitting me until the referee stopped the bout before I suffered permanent damage .
    </context>
  </instance>


  <instance id="against.p.fn.187764" docsrc="FN">
    <answer instance="against.p.fn.187764" senseid="1(1)"/>
    <context>
      Yet it contains a contradiction , since the class-struggle , or more generally the struggle <head>against</head> oppression , is thought of as always visibly at work in history in a clearly timeless way .
    </context>
  </instance>


  <instance id="against.p.fn.187774" docsrc="FN">
    <answer instance="against.p.fn.187774" senseid="1(1)"/>
    <context>
      The CPKI issued a statement on 28 August advocating radical reform and ` mass struggle <head>against</head> the anti-democratic and reactionary forces " which had collaborated with Japan ` and committed crimes against the nation " .
    </context>
  </instance>


  <instance id="against.p.fn.187775" docsrc="FN">
    <answer instance="against.p.fn.187775" senseid="1(1)"/>
    <context>
      The antiracism I am criticizing trivializes the struggle <head>against</head> racism and isolates it from other political antagonisms -- from the contradiction between capital and labour , from the battle between men and women .
    </context>
  </instance>


  <instance id="against.p.fn.187776" docsrc="FN">
    <answer instance="against.p.fn.187776" senseid="1(1)"/>
    <context>
      This reference was encouraging to many of the Shah 's Iranian opponents who interpreted it as the presidents support for their struggle <head>against</head> the Shah .
    </context>
  </instance>


  <instance id="against.p.fn.187778" docsrc="FN">
    <answer instance="against.p.fn.187778" senseid="1(1)"/>
    <context>
      The African Liberation Forces of Mauritania ( FLAM ) announced on Jan. 15 that it would resume its armed struggle <head>against</head> the Mauritanian regime ( suspended in July 1991 -- see p. 38325 ) .
    </context>
  </instance>


  <instance id="against.p.fn.187026" docsrc="FN">
    <answer instance="against.p.fn.187026" senseid="1(1)"/>
    <context>
      Star Trek VI -- The Undiscovered Country opened in London on Friday with Kirk and Spock resuming hostilities <head>against</head> the Klingons .
    </context>
  </instance>


  <instance id="against.p.fn.187028" docsrc="FN">
    <answer instance="against.p.fn.187028" senseid="1(1)"/>
    <context>
      Peter III was personally responsible for the abrupt cessation of hostilities <head>against</head> a prostrate Prussia in the midst of the Seven Years War .
    </context>
  </instance>


  <instance id="against.p.fn.186246" docsrc="FN">
    <answer instance="against.p.fn.186246" senseid="1(1)"/>
    <context>
      And there have been unconfirmed reports that troops from Pakistan , Morocco and Tunisia refused to take part in active combat <head>against</head> Iraq .
    </context>
  </instance>


  <instance id="against.p.fn.190183" docsrc="FN">
    <answer instance="against.p.fn.190183" senseid="1(1)"/>
    <context>
      Not only are they marching in common cause with other unions , but the UMWA is also forging links with groups fighting <head>against</head> conservative forces in American society .
    </context>
  </instance>


  <instance id="against.p.fn.189257" docsrc="FN">
    <answer instance="against.p.fn.189257" senseid="1(1)"/>
    <context>
      But Marine had to battle all the way <head>against</head> a Gainsborough side that won praise from College Road boss Roly Howard .
    </context>
  </instance>


  <instance id="against.p.fn.189258" docsrc="FN">
    <answer instance="against.p.fn.189258" senseid="3(1b)"/>
    <context>
      In his last competitive game before the world championship , Davis had to battle all the way <head>against</head> an opponent also fighting for one of the four play-off places .
    </context>
  </instance>


  <instance id="against.p.fn.190689" docsrc="FN">
    <answer instance="against.p.fn.190689" senseid="1(1)"/>
    <context>
      THE GOVERNMENT is facing the most serious leak of secret information in its 20-year war <head>against</head> the IRA .
    </context>
  </instance>


  <instance id="against.p.fn.243456" docsrc="FN">
    <answer instance="against.p.fn.243456" senseid="1(1)"/>
    <context>
      The Croat feudal lord Petar Kru gathered together a garrison composed of Croat refugees , who used the base at Klis both to hold the Turks at bay and to engage in marauding and piracy <head>against</head> coastal shipping .
    </context>
  </instance>


  <instance id="against.p.fn.255242" docsrc="FN">
    <answer instance="against.p.fn.255242" senseid="10(4)"/>
    <context>
      With a groan of defeat he slumped back against the reception desk , jamming his elbow <head>against</head> the counter .
    </context>
  </instance>


  <instance id="against.p.fn.500199" docsrc="FN">
    <answer instance="against.p.fn.500199" senseid="2(1a)"/>
    <context>
      He was found guilty of eight of the 10 charges <head>against</head> him .
    </context>
  </instance>


  <instance id="against.p.fn.500202" docsrc="FN">
    <answer instance="against.p.fn.500202" senseid="2(1a)"/>
    <context>
      TORY MP Harry Greenway spoke last night of his relief that bribery charges <head>against</head> him have been dropped .
    </context>
  </instance>


  <instance id="against.p.fn.505997" docsrc="FN">
    <answer instance="against.p.fn.505997" senseid="3(1b)"/>
    <context>
      And he can finish a golden year late next summer with the much-awaited showdown <head>against</head> Chris Eubank , who took Benn 's WBO middleweight title nearly two years ago before moving up himself to the 12 stone limit .
    </context>
  </instance>


  <instance id="against.p.fn.616975" docsrc="FN">
    <answer instance="against.p.fn.616975" senseid="6(2b)"/>
    <context>
      His own knowledge of dissection also paid dividends , allowing him to concoct remedies <head>against</head> rheumatism made from the fat of his hanged victims .
    </context>
  </instance>


  <instance id="against.p.fn.919939" docsrc="FN">
    <answer instance="against.p.fn.919939" senseid="10(4)"/>
    <context>
      Clytemnestra came to him quickly and put her face <head>against</head> his bare leg .
    </context>
  </instance>


  <instance id="against.p.fn.919945" docsrc="FN">
    <answer instance="against.p.fn.919945" senseid="10(4)"/>
    <context>
      His forehead tingled and he put his back <head>against</head> the door , trying to locate himself , trying to absorb what she had just said .
    </context>
  </instance>


  <instance id="against.p.fn.919947" docsrc="FN">
    <answer instance="against.p.fn.919947" senseid="10(4)"/>
    <context>
      There was no one around so I went up and put my nose practically <head>against</head> the glass .
    </context>
  </instance>


  <instance id="against.p.fn.919950" docsrc="FN">
    <answer instance="against.p.fn.919950" senseid="10(4)"/>
    <context>
      Having walked back to the cottage , she put the ladder <head>against</head> the wall , then tested it to make sure it was firm .
    </context>
  </instance>


  <instance id="against.p.fn.919951" docsrc="FN">
    <answer instance="against.p.fn.919951" senseid="10(4)"/>
    <context>
      As a gesture , Fiona had removed the chair and put it <head>against</head> the wall .
    </context>
  </instance>


  <instance id="against.p.fn.920206" docsrc="FN">
    <answer instance="against.p.fn.920206" senseid="10(4)"/>
    <context>
      He 's lucky the other man was n't put <head>against</head> a wall and shot . "
    </context>
  </instance>


  <instance id="against.p.fn.867306" docsrc="FN">
    <answer instance="against.p.fn.867306" senseid="1(1)"/>
    <context>
      Proast 's only published works were three tracts <head>against</head> Locke : The Argument of the Letter Concerning Toleration Briefly Considered ( 1690 ) , A Third Letter Concerning Toleration ( 1691 ) , and ( confusingly ) A Second Letter to the Author of the Three Letters Concerning Toleration ( 1704 ) .
    </context>
  </instance>


  <instance id="against.p.fn.864018" docsrc="FN">
    <answer instance="against.p.fn.864018" senseid="1(1)"/>
    <context>
      Banks argued <head>against</head> the changes but acknowleged the need for change and so supported the Cheque Act .
    </context>
  </instance>


  <instance id="against.p.fn.864019" docsrc="FN">
    <answer instance="against.p.fn.864019" senseid="1(1)"/>
    <context>
      But after several members argued <head>against</head> the closure the committee agreed to a site visit .
    </context>
  </instance>


  <instance id="against.p.fn.864243" docsrc="FN">
    <answer instance="against.p.fn.864243" senseid="1(1)"/>
    <context>
      So that 's Mill 's argument <head>against</head> enlightened despotism .
    </context>
  </instance>


  <instance id="against.p.fn.872260" docsrc="FN">
    <answer instance="against.p.fn.872260" senseid="10(4)"/>
    <context>
      Her knee grazed <head>against</head> the bark , but her tights remained miraculously intact .
    </context>
  </instance>


  <instance id="against.p.fn.872261" docsrc="FN">
    <answer instance="against.p.fn.872261" senseid="10(4)"/>
    <context>
      Tentatively , she let her fingertips graze <head>against</head> his skin .
    </context>
  </instance>


  <instance id="against.p.fn.1092652" docsrc="FN">
    <answer instance="against.p.fn.1092652" senseid="10(4)"/>
    <context>
      Latex smacked lustily <head>against</head> solid flesh .
    </context>
  </instance>


  <instance id="against.p.fn.1092653" docsrc="FN">
    <answer instance="against.p.fn.1092653" senseid="10(4)"/>
    <context>
      A Prussian musket bullet fluttered overhead to smack <head>against</head> a house wall that was smothered with posters advertising a fair , which was to be held on the feast day of St Peter and Paul .
    </context>
  </instance>


  <instance id="against.p.fn.871988" docsrc="FN">
    <answer instance="against.p.fn.871988" senseid="10(4)"/>
    <context>
      He crashed <head>against</head> the wall then fell , rolled the last few stairs to the hallway .
    </context>
  </instance>


  <instance id="against.p.fn.871990" docsrc="FN">
    <answer instance="against.p.fn.871990" senseid="10(4)"/>
    <context>
      The glasses he was wearing flew off his face ; the bottle of blood crashed <head>against</head> one wall .
    </context>
  </instance>


  <instance id="against.p.fn.871708" docsrc="FN">
    <answer instance="against.p.fn.871708" senseid="10(4)"/>
    <context>
      The bag was bumping <head>against</head> her legs as she turned into Corporation Lane .
    </context>
  </instance>


  <instance id="against.p.fn.871709" docsrc="FN">
    <answer instance="against.p.fn.871709" senseid="10(4)"/>
    <context>
      Then the boat seemed to bump <head>against</head> some solid object , making the contents of the kitchen cupboards rattle .
    </context>
  </instance>


  <instance id="against.p.fn.871714" docsrc="FN">
    <answer instance="against.p.fn.871714" senseid="10(4)"/>
    <context>
      I stood ready with the boat-hook to make sure we did n't bump <head>against</head> the rocks of the mooring .
    </context>
  </instance>


  <instance id="against.p.fn.871718" docsrc="FN">
    <answer instance="against.p.fn.871718" senseid="10(4)"/>
    <context>
      She swayed and bumped <head>against</head> Uncle Philip and he dropped his joviality like a brick and shook his fist balefully at Finn over his head .
    </context>
  </instance>


  <instance id="against.p.fn.871575" docsrc="FN">
    <answer instance="against.p.fn.871575" senseid="10(4)"/>
    <context>
      ` My hands are banging <head>against</head> the side of the cot
    </context>
  </instance>


  <instance id="against.p.fn.871578" docsrc="FN">
    <answer instance="against.p.fn.871578" senseid="10(4)"/>
    <context>
      Her head banged <head>against</head> the surface .
    </context>
  </instance>


  <instance id="against.p.fn.1092740" docsrc="FN">
    <answer instance="against.p.fn.1092740" senseid="10(4)"/>
    <context>
      Something smashed hard <head>against</head> the door from the other side .
    </context>
  </instance>


  <instance id="against.p.fn.1092744" docsrc="FN">
    <answer instance="against.p.fn.1092744" senseid="10(4)"/>
    <context>
      It was the sort of movement that was music to England manager Graham Taylor but the 25-goal striker , recovered from groin trouble , was denied as his shot smashed <head>against</head> the legs of Schmeichel .
    </context>
  </instance>


  <instance id="against.p.fn.1092746" docsrc="FN">
    <answer instance="against.p.fn.1092746" senseid="10(4)"/>
    <context>
      He had fallen badly , his head smashing <head>against</head> the chipped sink with enough force to crack his skull like a breakfast egg .
    </context>
  </instance>


  <instance id="against.p.fn.1092749" docsrc="FN">
    <answer instance="against.p.fn.1092749" senseid="10(4)"/>
    <context>
      All the time the tide was coming and now was smashing <head>against</head> the wave breakers , but here came a big wave .
    </context>
  </instance>


  <instance id="against.p.fn.891844" docsrc="FN">
    <answer instance="against.p.fn.891844" senseid="1(1)"/>
    <context>
      A strong coalition developed <head>against</head> Henry , including Rainald , Albrecht the Bear , the Landgraf Ludwig of Thuringia , and many lesser vassals from Saxony , Thuringia and Hessen .
    </context>
  </instance>


  <instance id="against.p.fn.914458" docsrc="FN">
    <answer instance="against.p.fn.914458" senseid="10(4)"/>
    <context>
      Rifle in one hand , Tom flattened the crumpled paper <head>against</head> his knee and frowned .
    </context>
  </instance>


  <instance id="against.p.fn.917023" docsrc="FN">
    <answer instance="against.p.fn.917023" senseid="10(4)"/>
    <context>
      Interpol investigations revealed Lisa was in a buggy being pushed by her mum Elizabeth when the car reversed , catching the pram and crushing it <head>against</head> a pillarbox .
    </context>
  </instance>


  <instance id="against.p.fn.917030" docsrc="FN">
    <answer instance="against.p.fn.917030" senseid="10(4)"/>
    <context>
      I 'm crushing the ball <head>against</head> the hoop .
    </context>
  </instance>


  <instance id="against.p.fn.929070" docsrc="FN">
    <answer instance="against.p.fn.929070" senseid="6(2b)"/>
    <context>
      Mr Nibbs tempers the Nail 's desire for vengeance <head>against</head> the King , insisting that the King be treated justly -- taken down a peg or two without injury .
    </context>
  </instance>


  <instance id="against.p.fn.928836" docsrc="FN">
    <answer instance="against.p.fn.928836" senseid="1(1)"/>
    <context>
      The USA retaliated <head>against</head> the harassment of its diplomats by expelling 36 staff from the Iraqi embassy in Washington -- including seven accredited diplomats -- on Aug. 27 , and imposing restrictions on the 19 who remained .
    </context>
  </instance>


  <instance id="against.p.fn.929297" docsrc="FN">
    <answer instance="against.p.fn.929297" senseid="6(2b)"/>
    <context>
      I thought it probable the police were right , he had sought revenge <head>against</head> Imogen Surkov for separating him from his nice third wife , Vera , and their son .
    </context>
  </instance>


  <instance id="against.p.fn.929308" docsrc="FN">
    <answer instance="against.p.fn.929308" senseid="6(2b)"/>
    <context>
      An estimated 50,000 Shias attended Musawi 's funeral on Feb. 17 in the southern outskirts of Beirut , vowing revenge <head>against</head> Israel .
    </context>
  </instance>


  <instance id="against.p.fn.928945" docsrc="FN">
    <answer instance="against.p.fn.928945" senseid="6(2b)"/>
    <context>
      ` Do I detect a desire for retribution <head>against</head> me , sweet Gina ? "
    </context>
  </instance>


  <instance id="against.p.fn.928674" docsrc="FN">
    <answer instance="against.p.fn.928674" senseid="6(2b)"/>
    <context>
      He will continue to stress caution , fearing retaliation <head>against</head> British troops and aid workers .
    </context>
  </instance>


  <instance id="against.p.fn.937621" docsrc="FN">
    <answer instance="against.p.fn.937621" senseid="2(1a)"/>
    <context>
      He disputed the design of the trick box produced by Stolley and Evans , and the case went to the House of Lords , who found <head>against</head> him .
    </context>
  </instance>


  <instance id="against.p.fn.937087" docsrc="FN">
    <answer instance="against.p.fn.937087" senseid="2(1a)"/>
    <context>
      Charged with disorderly conduct and with discharging stones from a catapult to the common danger , he was found to have four previous convictions <head>against</head> him for gambling , disorderly behaviour and stone-throwing .
    </context>
  </instance>


  <instance id="against.p.fn.937088" docsrc="FN">
    <answer instance="against.p.fn.937088" senseid="2(1a)"/>
    <context>
      A federal Appeals Court of the Second Circuit on July 29 overturned the convictions <head>against</head> Robert Garcia , a former member of the House of Representatives , and his wife Jane Lee Garcia .
    </context>
  </instance>


  <instance id="against.p.fn.937092" docsrc="FN">
    <answer instance="against.p.fn.937092" senseid="2(1a)"/>
    <context>
      He already had another robbery conviction <head>against</head> him , the court was told .
    </context>
  </instance>


  <instance id="against.p.fn.1011654" docsrc="FN">
    <answer instance="against.p.fn.1011654" senseid="1(1)"/>
    <context>
      The silence hung round her like a shroud and , looking around , her feeling of resentment <head>against</head> her cousin burned into a fierce anger .
    </context>
  </instance>


  <instance id="against.p.fn.1011661" docsrc="FN">
    <answer instance="against.p.fn.1011661" senseid="1(1)"/>
    <context>
      In this , he was typical of the Spanish officer class of his day , which harboured a deep-seated resentment <head>against</head> what it considered the neglect of its legitimate claims to attention by inept and uncomprehending civilian governments .
    </context>
  </instance>


  <instance id="against.p.fn.1011664" docsrc="FN">
    <answer instance="against.p.fn.1011664" senseid="1(1)"/>
    <context>
      Egyptian resentment <head>against</head> royal hunting intensifies
    </context>
  </instance>


  <instance id="against.p.fn.1092148" docsrc="FN">
    <answer instance="against.p.fn.1092148" senseid="10(4)"/>
    <context>
      Two words , both of them not repeatable , and then the thud , as Callum 's body crunched <head>against</head> the far wall .
    </context>
  </instance>


  <instance id="against.p.fn.1092356" docsrc="FN">
    <answer instance="against.p.fn.1092356" senseid="10(4)"/>
    <context>
      And then something slammed hard <head>against</head> one of the boards .
    </context>
  </instance>


  <instance id="against.p.fn.1092359" docsrc="FN">
    <answer instance="against.p.fn.1092359" senseid="10(4)"/>
    <context>
      Quickly she reached for the doorknob , only to find her frantic effort useless as Rune 's hand slammed <head>against</head> the door , holding it fast .
    </context>
  </instance>


  <instance id="against.p.fn.1092364" docsrc="FN">
    <answer instance="against.p.fn.1092364" senseid="10(4)"/>
    <context>
      Tallis stood her ground , and then was shocked as Morthen 's blade slammed <head>against</head> her jaw , almost completely following the line of the old scar .
    </context>
  </instance>


  <instance id="against.p.fn.1092369" docsrc="FN">
    <answer instance="against.p.fn.1092369" senseid="10(4)"/>
    <context>
      He staggered , his back slamming <head>against</head> the wall across the aisle .
    </context>
  </instance>


  <instance id="against.p.fn.1092371" docsrc="FN">
    <answer instance="against.p.fn.1092371" senseid="10(4)"/>
    <context>
      ` Then she was being thrown violently up and backwards , her spine slamming <head>against</head> the far wall .
    </context>
  </instance>


  <instance id="against.p.fn.1092572" docsrc="FN">
    <answer instance="against.p.fn.1092572" senseid="10(4)"/>
    <context>
      Tavalouze said nothing but strode ahead of Lucien , his worn sandals slapping loudly <head>against</head> his feet and the marble flags of the corridor .
    </context>
  </instance>


  <instance id="against.p.fn.1092576" docsrc="FN">
    <answer instance="against.p.fn.1092576" senseid="10(4)"/>
    <context>
      Or was it the heavy rain slapping <head>against</head> the windows , the wind 's eerie message as it whistled down the chimney and flickered at the flames that had begun to lick about the new-laid logs ?
    </context>
  </instance>


  <instance id="against.p.fn.1093013" docsrc="FN">
    <answer instance="against.p.fn.1093013" senseid="10(4)"/>
    <context>
      She headed for the door at a dead run , her new arm thumping uselessly <head>against</head> various items of furniture .
    </context>
  </instance>


  <instance id="against.p.fn.1093024" docsrc="FN">
    <answer instance="against.p.fn.1093024" senseid="10(4)"/>
    <context>
      A bird thumped <head>against</head> the front window of the house .
    </context>
  </instance>


  <instance id="against.p.fn.1105874" docsrc="FN">
    <answer instance="against.p.fn.1105874" senseid="10(4)"/>
    <context>
      I 'm hitting my head repeatedly <head>against</head> something that is n't there and I suppose that that could be a definition of insanity .
    </context>
  </instance>


  <instance id="against.p.fn.1105879" docsrc="FN">
    <answer instance="against.p.fn.1105879" senseid="10(4)"/>
    <context>
      She flies back and forth in her cage as much as it 's possible , dashing her talons against the bars and hitting her beak <head>against</head> the top .
    </context>
  </instance>


  <instance id="against.p.fn.1106596" docsrc="FN">
    <answer instance="against.p.fn.1106596" senseid="10(4)"/>
    <context>
      Jay could have slammed her head <head>against</head> the table and wept .
    </context>
  </instance>


  <instance id="against.p.fn.1107077" docsrc="FN">
    <answer instance="against.p.fn.1107077" senseid="10(4)"/>
    <context>
      He banged my head <head>against</head> the Land Rover 's side window .
    </context>
  </instance>


  <instance id="against.p.fn.1107079" docsrc="FN">
    <answer instance="against.p.fn.1107079" senseid="10(4)"/>
    <context>
      ` I 'll make you a nice meat pie for your supper , " she called through to the parlour , banging the rolling-pin <head>against</head> the scrubbed table-top in the kitchen .
    </context>
  </instance>


  <instance id="against.p.fn.1107088" docsrc="FN">
    <answer instance="against.p.fn.1107088" senseid="10(4)"/>
    <context>
      He began banging his head <head>against</head> the wall , vomiting up his food , lost a great deal of weight and was eventually taken to hospital .
    </context>
  </instance>


  <instance id="against.p.fn.1109123" docsrc="FN">
    <answer instance="against.p.fn.1109123" senseid="1(1)"/>
    <context>
      In many schools in the 1960s a revulsion <head>against</head> decontextualised exercises brought about a complete abandonment of the teaching of grammar .
    </context>
  </instance>


  <instance id="against.p.fn.1109126" docsrc="FN">
    <answer instance="against.p.fn.1109126" senseid="1(1)"/>
    <context>
      ` What we are seeing now is a public revulsion <head>against</head> violence in society which is feeding through to a desire for greater sensitivity by programme makers , " he said .
    </context>
  </instance>


  <instance id="against.p.fn.1109263" docsrc="FN">
    <answer instance="against.p.fn.1109263" senseid="1(1)"/>
    <context>
      They have also aroused Protestant anger <head>against</head> Dr Runcie , at the same time as he has become involved in a row over his attack on the ` Pharisees " of British society .
    </context>
  </instance>


  <instance id="against.p.fn.1109268" docsrc="FN">
    <answer instance="against.p.fn.1109268" senseid="1(1)"/>
    <context>
      To his own surprise all his anger <head>against</head> Edouard had evaporated .
    </context>
  </instance>


  <instance id="against.p.fn.1109275" docsrc="FN">
    <answer instance="against.p.fn.1109275" senseid="1(1)"/>
    <context>
      This is often the feeling the bereaved find most difficult to acknowledge , their anger <head>against</head> the dead person for abandoning them to face the world alone .
    </context>
  </instance>


  <instance id="against.p.fn.1121584" docsrc="FN">
    <answer instance="against.p.fn.1121584" senseid="2(1a)"/>
    <context>
      It is obvious that the punishing cost of libel actions prevents Francis from making direct accusations <head>against</head> current athletes .
    </context>
  </instance>


  <instance id="against.p.fn.1121601" docsrc="FN">
    <answer instance="against.p.fn.1121601" senseid="2(1a)"/>
    <context>
      Three years later we are awaiting reports from a panel of councillors after a lengthy hearing under the Citizen 's Charter because of the clients making an accusation <head>against</head> me .
    </context>
  </instance>


  <instance id="against.p.fn.1124918" docsrc="FN">
    <answer instance="against.p.fn.1124918" senseid="1(1)"/>
    <context>
      There was none of the familiar denunciations <head>against</head> the West and no talk of replacing the system with an Islamic state .
    </context>
  </instance>


  <instance id="against.p.fn.1126321" docsrc="FN">
    <answer instance="against.p.fn.1126321" senseid="1(1)"/>
    <context>
      On their forays to Britain they employed ridicule <head>against</head> the snobbery of golf clubs which insisted that the golfing untouchables must change their boots in the pro 's shop .
    </context>
  </instance>


  <instance id="against.p.fn.1171931" docsrc="FN">
    <answer instance="against.p.fn.1171931" senseid="10(4)"/>
    <context>
      She felt an urge to smash the teapot <head>against</head> the wall .
    </context>
  </instance>


  <instance id="against.p.fn.1183065" docsrc="FN">
    <answer instance="against.p.fn.1183065" senseid="1(1)"/>
    <context>
      Davie Cooper and Bobby Russell conspired <head>against</head> their old club , Cooper creating the opening for Russell to score after six minutes .
    </context>
  </instance>


  <instance id="against.p.fn.1183081" docsrc="FN">
    <answer instance="against.p.fn.1183081" senseid="1(1)"/>
    <context>
      The world really is conspiring <head>against</head> you .
    </context>
  </instance>


  <instance id="against.p.fn.1183184" docsrc="FN">
    <answer instance="against.p.fn.1183184" senseid="1(1)"/>
    <context>
      Col Gaddafi remained silent on the crisis , leaving his number two , Major Abdul Salam Jalloud , to denounce the sanctions in familiar terms as a Western conspiracy <head>against</head> the Islamic world .
    </context>
  </instance>


  <instance id="against.p.fn.1183190" docsrc="FN">
    <answer instance="against.p.fn.1183190" senseid="1(1)"/>
    <context>
      But , until recently , senior professional persons have not been directly challenged over what Bernard Shaw called their conspiracies <head>against</head> the laity .
    </context>
  </instance>


  <instance id="against.p.fn.1183192" docsrc="FN">
    <answer instance="against.p.fn.1183192" senseid="1(1)"/>
    <context>
      Yet some are dangerous to our cause , and we can not brook their contumelious conspiracies <head>against</head> us .
    </context>
  </instance>


  <instance id="against.p.fn.216468" docsrc="FN">
    <answer instance="against.p.fn.216468" senseid="1(1)"/>
    <context>
      The nationalist fervour in Romania has fuelled virulent anti-Semitism , a thriving ultra-right , bloody ethnic violence in Transylvania and regular pogroms <head>against</head> the gypsies .
    </context>
  </instance>


  <instance id="against.p.fn.1148545" docsrc="FN">
    <answer instance="against.p.fn.1148545" senseid="10(4)"/>
    <context>
      When it rains they huddle <head>against</head> the building , leave the objects on blankets or broken up cardboard boxes , only to return to selling when the rain stops .
    </context>
  </instance>


  <instance id="against.p.fn.1149636" docsrc="FN">
    <answer instance="against.p.fn.1149636" senseid="10(4)"/>
    <context>
      Millet yawned and slouched <head>against</head> the table .
    </context>
  </instance>


  <instance id="against.p.fn.1149640" docsrc="FN">
    <answer instance="against.p.fn.1149640" senseid="10(4)"/>
    <context>
      They loosen their ties and slouch <head>against</head> the wall with hands in pockets in manufactured nonchalance .
    </context>
  </instance>


  <instance id="against.p.fn.1149642" docsrc="FN">
    <answer instance="against.p.fn.1149642" senseid="10(4)"/>
    <context>
      Sir John stopped and slouched <head>against</head> the wall , staring upwards at the great beams resting on their corbels of stone .
    </context>
  </instance>


  <instance id="against.p.fn.710194" docsrc="FN">
    <answer instance="against.p.fn.710194" senseid="3(1b)"/>
    <context>
      The game will become one of the masterpieces , to rank with those such as Anderssen 's win <head>against</head> Kieseritzky in London in 1851 , or Botvinnik 's win against Capablanca at AVRO 1938 .
    </context>
  </instance>


  <instance id="against.p.fn.710209" docsrc="FN">
    <answer instance="against.p.fn.710209" senseid="3(1b)"/>
    <context>
      Only 2,222 turned up at the Vic for the 3-1 win <head>against</head> Exeter on Tuesday well below the average attendance for the season , 3,500 .
    </context>
  </instance>


  <instance id="against.p.fn.710212" docsrc="FN">
    <answer instance="against.p.fn.710212" senseid="3(1b)"/>
    <context>
      Kirkby beat Kingston 3-0 and Leamington had a three-goal star in Graham Phelan in their 5-3 win <head>against</head> Clifton , Billy Heinze adding a brace .
    </context>
  </instance>


  <instance id="against.p.fn.709191" docsrc="FN">
    <answer instance="against.p.fn.709191" senseid="3(1b)"/>
    <context>
      Meanwhile , Hightown were 3-0 winners <head>against</head> Clifton on the Bristol University ground .
    </context>
  </instance>


  <instance id="against.p.fn.709192" docsrc="FN">
    <answer instance="against.p.fn.709192" senseid="3(1b)"/>
    <context>
      In today 's final he plays Miloslav Mecir a 6-3 , 6-4 winner <head>against</head> Stuttgart 's Carl Uwe Steeb .
    </context>
  </instance>


  <instance id="against.p.fn.709513" docsrc="FN">
    <answer instance="against.p.fn.709513" senseid="3(1b)"/>
    <context>
      Surbiton , last year 's runners-up to St Albans , who achieved National League status , had a 3-0 victory <head>against</head> Maidenhead with goals from David Francis , Ian Jolly and Gareth Notton .
    </context>
  </instance>


  <instance id="against.p.fn.709524" docsrc="FN">
    <answer instance="against.p.fn.709524" senseid="3(1b)"/>
    <context>
      Denver 's sixth win in seven games takes them to top of the AFC West after their 20-13 victory <head>against</head> Pittsburgh , who now are third behind Cleveland and Huston in the AFC Central .
    </context>
  </instance>


  <instance id="against.p.fn.249250" docsrc="FN">
    <answer instance="against.p.fn.249250" senseid="10(4)"/>
    <context>
      The priest took the basin of blood and spattered it <head>against</head> the altar .
    </context>
  </instance>


</lexelt>
