<lexelt item="among">

  <instance id="among.p.fn.846685" docsrc="FN">
    <answer instance="among.p.fn.846685" senseid="3(3)"/>
    <context>
      Apathy or passive withdrawal <head>among</head> neighbours . 
    </context>
  </instance>


  <instance id="among.p.fn.606936" docsrc="FN">
    <answer instance="among.p.fn.606936" senseid="1(1)"/>
    <context>
      It occurred to him as he was crashing about in the cupboard <head>among</head> his own old mackintoshes , tennis racquets , gum boots , and broken picture frames that he might be doing the wrong thing . 
    </context>
  </instance>


  <instance id="among.p.fn.714564" docsrc="FN">
    <answer instance="among.p.fn.714564" senseid="1(1)"/>
    <context>
      A pipeline meanders <head>among</head> the springs , collecting steam for distribution to rows of neat houses . 
    </context>
  </instance>


  <instance id="among.p.fn.623459" docsrc="FN">
    <answer instance="among.p.fn.623459" senseid="1(1)"/>
    <context>
      Three years after redundancy the picture had changed , with the level of employment rising <head>among</head> those still under pension age and the level of unemployment falling . 
    </context>
  </instance>


  <instance id="among.p.fn.626436" docsrc="FN">
    <answer instance="among.p.fn.626436" senseid="1(1)"/>
    <context>
      Goat bells , the smell of thyme , a path winding <head>among</head> olive trees , and the hot sun on your back : this is the Greece that endures . 
    </context>
  </instance>


  <instance id="among.p.fn.733291" docsrc="FN">
    <answer instance="among.p.fn.733291" senseid="1(1)"/>
    <context>
      Crustaceans are able to amble freely <head>among</head> the anemone 's tentacles because their hard exoskeletons protect them from stings from the nematocysts . 
    </context>
  </instance>


  <instance id="among.p.fn.737022" docsrc="FN">
    <answer instance="among.p.fn.737022" senseid="1(1)"/>
    <context>
      She could even hear the little lizards darting on scratchy little claws <head>among</head> the bougainvillaea on the low ornamental wall . 
    </context>
  </instance>


  <instance id="among.p.fn.737879" docsrc="FN">
    <answer instance="among.p.fn.737879" senseid="1(1)"/>
    <context>
      Another thought the women looked ` tired and sad dressed in gowns that must have been old on their grandmothers " , while the children were dressed in ` garments of nondescript purpose and size , but were generally chubby , and gay , as they frolicked in and out <head>among</head> the baskets , bundles , bedding , babies " chairs etc , piled waist-high on various parts of the platform ' . 
    </context>
  </instance>


  <instance id="among.p.fn.738358" docsrc="FN">
    <answer instance="among.p.fn.738358" senseid="1(1)"/>
    <context>
      Their swollen feet had bled profusely and they had hobbled painfully <head>among</head> the rubber trees for more than a month before they recovered . 
    </context>
  </instance>


  <instance id="among.p.fn.651542" docsrc="FN">
    <answer instance="among.p.fn.651542" senseid="1(1)"/>
    <context>
      Tal hopped around on the floor <head>among</head> the cigarette stubs and krillstick wrappers . 
    </context>
  </instance>


  <instance id="among.p.fn.749934" docsrc="FN">
    <answer instance="among.p.fn.749934" senseid="1(1)"/>
    <context>
      Raynal limped <head>among</head> his men , calm and kindly , organizing a fighting defence . 
    </context>
  </instance>


  <instance id="among.p.fn.752917" docsrc="FN">
    <answer instance="among.p.fn.752917" senseid="1(1)"/>
    <context>
      She prowled <head>among</head> the desks and glowered at the action boards as if they were a bunch of football hooligans . 
    </context>
  </instance>


  <instance id="among.p.fn.752919" docsrc="FN">
    <answer instance="among.p.fn.752919" senseid="1(1)"/>
    <context>
      Most prowl <head>among</head> the rocks and reefs -- crabs , shrimps , prawns and lobsters . 
    </context>
  </instance>


  <instance id="among.p.fn.753113" docsrc="FN">
    <answer instance="among.p.fn.753113" senseid="1(1)"/>
    <context>
      With a not overlong flying display that runs from 2pm in the afternoon until 6pm in the evening , plenty of time is available to roam <head>among</head> the aircraft parks and view whatever is the viewer 's fancy . 
    </context>
  </instance>


  <instance id="among.p.fn.755391" docsrc="FN">
    <answer instance="among.p.fn.755391" senseid="1(1)"/>
    <context>
      It 's just as hectic in the 400-square mile colony outside , with six million people scurrying <head>among</head> glass and concrete skyscrapers that stand like giant guards above the bay . 
    </context>
  </instance>


  <instance id="among.p.fn.755392" docsrc="FN">
    <answer instance="among.p.fn.755392" senseid="1(1)"/>
    <context>
      An unexpected gap in the mountains beckoned us to a silent lake fed by waterfalls and surrounded by woods with banks of moss , lichens and fungi alive with lemmings scurrying <head>among</head> holes and tree roots . 
    </context>
  </instance>


  <instance id="among.p.fn.755393" docsrc="FN">
    <answer instance="among.p.fn.755393" senseid="1(1)"/>
    <context>
      Rare blue lizards scurry <head>among</head> the rocks of Petra ; clumps of black lilies grow beside the King 's Highway ; the few oases teem with birds . 
    </context>
  </instance>


  <instance id="among.p.fn.756444" docsrc="FN">
    <answer instance="among.p.fn.756444" senseid="1(1)"/>
    <context>
      This is largely because of its habit of skulking <head>among</head> long vegetation like common snipe . 
    </context>
  </instance>


  <instance id="among.p.fn.756445" docsrc="FN">
    <answer instance="among.p.fn.756445" senseid="1(1)"/>
    <context>
      Their one-time beliefs skulk <head>among</head> the wreckage of their political failures . 
    </context>
  </instance>


  <instance id="among.p.fn.760268" docsrc="FN">
    <answer instance="among.p.fn.760268" senseid="1(1)"/>
    <context>
      Tansy and Jules made an odd pair as they stepped carefully <head>among</head> the graves , he tall and well-tailored , she clinging to his arm in her thick black coat , looking smaller than ever . 
    </context>
  </instance>


  <instance id="among.p.fn.761147" docsrc="FN">
    <answer instance="among.p.fn.761147" senseid="1(1)"/>
    <context>
      He strode <head>among</head> the bundled fibres of colour . 
    </context>
  </instance>


  <instance id="among.p.fn.761331" docsrc="FN">
    <answer instance="among.p.fn.761331" senseid="1(1)"/>
    <context>
      THE lovely spring crocuses are almost as pretty as sisters Sarah and Samantha Barker , who were clearly enjoying a stroll <head>among</head> the early flowers making a colourful backdrop in Southend Avenue , Darlington yesterday . 
    </context>
  </instance>


  <instance id="among.p.fn.761522" docsrc="FN">
    <answer instance="among.p.fn.761522" senseid="1(1)"/>
    <context>
      They saw Miss Lavant in a suit with buttercups on it , strolling about <head>among</head> the stalls , her downcast eyes occasionally glancing up . 
    </context>
  </instance>


  <instance id="among.p.fn.761827" docsrc="FN">
    <answer instance="among.p.fn.761827" senseid="1(1)"/>
    <context>
      And Howard strolls benignly <head>among</head> the guests , squeezing an elbow here , kissing a cheek there , making sure that everyone 's got everything he wants . 
    </context>
  </instance>


  <instance id="among.p.fn.761828" docsrc="FN">
    <answer instance="among.p.fn.761828" senseid="1(1)"/>
    <context>
      With experienced guides , you can stroll <head>among</head> the seals and even feed some of the babies while their mothers go for a swim under the ice . 
    </context>
  </instance>


  <instance id="among.p.fn.762591" docsrc="FN">
    <answer instance="among.p.fn.762591" senseid="1(1)"/>
    <context>
      It was a shirt exactly like the one her singer had been wearing that night , as he swaggered <head>among</head> the women , and whispered ` Me quieres ? " to them all . 
    </context>
  </instance>


  <instance id="among.p.fn.763064" docsrc="FN">
    <answer instance="among.p.fn.763064" senseid="1(1)"/>
    <context>
      No luck this time , only a couple of redshanks take fright and fly off yelping in alarm , and a female merganser swims <head>among</head> the thongweed , head poking under the water to look for small fish . 
    </context>
  </instance>


  <instance id="among.p.fn.763065" docsrc="FN">
    <answer instance="among.p.fn.763065" senseid="1(1)"/>
    <context>
      Swimming <head>among</head> the flooded trees are great rafts of cormorants , often 5,000 strong . 
    </context>
  </instance>


  <instance id="among.p.fn.781812" docsrc="FN">
    <answer instance="among.p.fn.781812" senseid="1(1)"/>
    <context>
      The Mason waded up and down <head>among</head> the crowds allowing the womenfolk to feel his arm and kiss his dirty hand as though it were a holy relic . 
    </context>
  </instance>


  <instance id="among.p.fn.403343" docsrc="FN">
    <answer instance="among.p.fn.403343" senseid="1(1)"/>
    <context>
      She hurried to the pond and peered <head>among</head> the reeds to see if her friend was visible . 
    </context>
  </instance>


  <instance id="among.p.fn.404110" docsrc="FN">
    <answer instance="among.p.fn.404110" senseid="2(2)"/>
    <context>
      Anxiously she peered in <head>among</head> the trees . 
    </context>
  </instance>


  <instance id="among.p.fn.325724" docsrc="FN">
    <answer instance="among.p.fn.325724" senseid="3(3)"/>
    <context>
      Contrary to popular belief <head>among</head> political parties that the environment is a middle-class issue , the poll found equal support -- 77 per cent -- across the classes for tunnels and re-routing . 
    </context>
  </instance>


  <instance id="among.p.fn.325731" docsrc="FN">
    <answer instance="among.p.fn.325731" senseid="3(3)"/>
    <context>
      He also recorded the belief <head>among</head> women of the Po Valley that amber necklaces were good for curing goitre . 
    </context>
  </instance>


  <instance id="among.p.fn.326020" docsrc="FN">
    <answer instance="among.p.fn.326020" senseid="3(3)"/>
    <context>
      There was a firm belief <head>among</head> old-time ferreters that the ferrets needed to be vicious and half-starved to do their work well . 
    </context>
  </instance>


  <instance id="among.p.fn.326032" docsrc="FN">
    <answer instance="among.p.fn.326032" senseid="3(3)"/>
    <context>
      Until about three weeks ago there had been a belief <head>among</head> Digital employees in Galway and the Industrial Development Authority in Ireland that Digital 's plant in Ayr would lose out . 
    </context>
  </instance>


  <instance id="among.p.fn.395917" docsrc="FN">
    <answer instance="among.p.fn.395917" senseid="2(2)"/>
    <context>
      Walter sees a friend <head>among</head> them and asks if this is a private wedding party . 
    </context>
  </instance>


  <instance id="among.p.fn.1423" docsrc="FN">
    <answer instance="among.p.fn.1423" senseid="3(3)"/>
    <context>
      One type of authoritarian rule had been followed by another , not allowing for that kind of unsettling liberalization which is so conducive to uprisings <head>among</head> minorities . 
    </context>
  </instance>


  <instance id="among.p.fn.329901" docsrc="FN">
    <answer instance="among.p.fn.329901" senseid="3(3)"/>
    <context>
      This is bound to create suspicions <head>among</head> the majority Sinhalese community that the Tigers still harbour ambitions of their own Tamil state . 
    </context>
  </instance>


  <instance id="among.p.fn.331582" docsrc="FN">
    <answer instance="among.p.fn.331582" senseid="3(3)"/>
    <context>
      Television 's treatment of the subject of mental handicap remains a major barrier to real understanding <head>among</head> the British public , compounding the fear and ignorance which many possess . 
    </context>
  </instance>


  <instance id="among.p.fn.333735" docsrc="FN">
    <answer instance="among.p.fn.333735" senseid="2(2)"/>
    <context>
      There were faces <head>among</head> them that I recognised from England , and from the training centre at Achnacarry . 
    </context>
  </instance>


  <instance id="among.p.fn.187895" docsrc="FN">
    <answer instance="among.p.fn.187895" senseid="3(3)"/>
    <context>
      Secondly , the new states , like their predecessors , were the product of struggles <head>among</head> diverse social groups and classes , and the different forms which their political regimes assumed depended upon the outcome of such struggles . 
    </context>
  </instance>


  <instance id="among.p.fn.187516" docsrc="FN">
    <answer instance="among.p.fn.187516" senseid="3(3)"/>
    <context>
      Outside the building there were skirmishes <head>among</head> several thousand protesters when a minority attempted to protect the East German flag , which was hauled down by other demonstrators and replaced with the hammer and compass emblem cut out . 
    </context>
  </instance>


  <instance id="among.p.fn.187656" docsrc="FN">
    <answer instance="among.p.fn.187656" senseid="3(3)"/>
    <context>
      The stalemate <head>among</head> the 39 participating countries was gradually broken in the late 1980s as relations between the superpowers improved [ for the most recent developments on the negotiations , see pp. 38217 ; R153 ; 38986 ] . 
    </context>
  </instance>


  <instance id="among.p.fn.189945" docsrc="FN">
    <answer instance="among.p.fn.189945" senseid="3(3)"/>
    <context>
      The Duke turned abruptly back , intending to inform his lordship that he did not permit duelling <head>among</head> his officers , but Rossendale and Jane had been swallowed up in the crowd . 
    </context>
  </instance>


  <instance id="among.p.fn.198386" docsrc="FN">
    <answer instance="among.p.fn.198386" senseid="2(2)"/>
    <context>
      The incidence of anal cancer remained fairly constant in the period 1943-57 and was similar for men and women , but it increased 1.5-fold among men and nearly tripled <head>among</head> women thereafter . 
    </context>
  </instance>


  <instance id="among.p.fn.215863" docsrc="FN">
    <answer instance="among.p.fn.215863" senseid="3(3)"/>
    <context>
      He could live happily <head>among</head> poor working people on his holidays , but found immense pleasure in staying in a French house so grand that a servant squeezed the tubes of toothpaste between applications . 
    </context>
  </instance>


  <instance id="among.p.fn.215871" docsrc="FN">
    <answer instance="among.p.fn.215871" senseid="3(3)"/>
    <context>
      He is from Madrid , and although he has lived <head>among</head> us for many years now , he still thinks like a madrilennio sometimes . " 
    </context>
  </instance>


  <instance id="among.p.fn.354234" docsrc="FN">
    <answer instance="among.p.fn.354234" senseid="3(3)"/>
    <context>
      An important factor in the crisis is the awakening realisation <head>among</head> West Germans that they have been tricked into pretending this peculiar arrangement of subsidising their compatriots ' oppressors was normal . 
    </context>
  </instance>


  <instance id="among.p.fn.49146" docsrc="FN">
    <answer instance="among.p.fn.49146" senseid="2(2)"/>
    <context>
      They were , indeed , a sorry and sadly bedraggled lot , so covered in diesel and smoke that it was quite impossible to discriminate <head>among</head> them on the basis of age , sex or nationality . 
    </context>
  </instance>


  <instance id="among.p.fn.841293" docsrc="FN">
    <answer instance="among.p.fn.841293" senseid="3(3)"/>
    <context>
      Share ownership <head>among</head> young people , women , manual workers , people in the North , Wales and Scotland , and non-homeowners remains relatively low . 
    </context>
  </instance>


  <instance id="among.p.fn.249112" docsrc="FN">
    <answer instance="among.p.fn.249112" senseid="1(1)"/>
    <context>
      When they 'd finished washing Mina and K draped their clean wet clothes <head>among</head> the hundreds of others stretched between the scraggy thorn trees . 
    </context>
  </instance>


  <instance id="among.p.fn.289851" docsrc="FN">
    <answer instance="among.p.fn.289851" senseid="2(2)"/>
    <context>
      It also aims to fund research into the geographical characteristics of ski areas , study all aspects of safety in such areas and encourage proficiency in skiing <head>among</head> the Armed Forces . 
    </context>
  </instance>


  <instance id="among.p.fn.663231" docsrc="FN">
    <answer instance="among.p.fn.663231" senseid="2(2)"/>
    <context>
      He can spot any interlopers <head>among</head> the stars immediately . 
    </context>
  </instance>


  <instance id="among.p.fn.704158" docsrc="FN">
    <answer instance="among.p.fn.704158" senseid="2(2)"/>
    <context>
      Mademoiselle rummaged violently <head>among</head> the books in the desk . 
    </context>
  </instance>


  <instance id="among.p.fn.780222" docsrc="FN">
    <answer instance="among.p.fn.780222" senseid="2(2)"/>
    <context>
      Wags commented on a search for ` closet Christians " <head>among</head> the bishops . 
    </context>
  </instance>


  <instance id="among.p.fn.799307" docsrc="FN">
    <answer instance="among.p.fn.799307" senseid="2(2)"/>
    <context>
      If you summon up the courage to investigate , you might find not alien creatures but a friendly hedgehog or two , emerging from hibernation and foraging for food <head>among</head> the shrubs in your borders . 
    </context>
  </instance>


  <instance id="among.p.fn.364740" docsrc="FN">
    <answer instance="among.p.fn.364740" senseid="3(3)"/>
    <context>
      The problem list facilitates communication <head>among</head> staff members and helps clearly identify exactly who has agreed to do what and when . 
    </context>
  </instance>


  <instance id="among.p.fn.591847" docsrc="FN">
    <answer instance="among.p.fn.591847" senseid="1(1)"/>
    <context>
      Others fled <head>among</head> the riverside willows , and then circled around the soldiers ' rear . 
    </context>
  </instance>


  <instance id="among.p.fn.366521" docsrc="FN">
    <answer instance="among.p.fn.366521" senseid="2(2)"/>
    <context>
      Almost a century has passed since the VIIth Congress of Hygiene and Demography discussed , <head>among</head> other things , a study that dealt specifically with the influence of the age of parents on the vitality of their children . 
    </context>
  </instance>


  <instance id="among.p.fn.812449" docsrc="FN">
    <answer instance="among.p.fn.812449" senseid="3(3)"/>
    <context>
      A computer presentation which provides a realistic management situation designed to stimulate discussion <head>among</head> business English students . 
    </context>
  </instance>


  <instance id="among.p.fn.812450" docsrc="FN">
    <answer instance="among.p.fn.812450" senseid="3(3)"/>
    <context>
      Such questions will often generate discussion <head>among</head> the students generally and thus provide a useful means of stimulating their interest. 
    </context>
  </instance>


  <instance id="among.p.fn.891760" docsrc="FN">
    <answer instance="among.p.fn.891760" senseid="3(3)"/>
    <context>
      A close relationship developed <head>among</head> the visitors . 
    </context>
  </instance>


  <instance id="among.p.fn.937263" docsrc="FN">
    <answer instance="among.p.fn.937263" senseid="2(2)"/>
    <context>
      Convictions for drink/ driving offences <head>among</head> women are three times the 1974 level . 
    </context>
  </instance>


  <instance id="among.p.fn.1006044" docsrc="FN">
    <answer instance="among.p.fn.1006044" senseid="3(3)"/>
    <context>
      There seemed to be the fairly uncomplicated desire <head>among</head> the community to see all the children attend the same school , as an expression of relationships existing within the community . 
    </context>
  </instance>


  <instance id="among.p.fn.1010989" docsrc="FN">
    <answer instance="among.p.fn.1010989" senseid="3(3)"/>
    <context>
      <head>Among</head> the general body of workers the urge for unity was wide and deep . 
    </context>
  </instance>


  <instance id="among.p.fn.981109" docsrc="FN">
    <answer instance="among.p.fn.981109" senseid="1(1)"/>
    <context>
      She struggled from Sophia 's embrace and jumped down among the windfall apples , rolled one over with her paw , then turned and stalked indifferently away <head>among</head> the Michaelmas daisies . 
    </context>
  </instance>


  <instance id="among.p.fn.1001677" docsrc="FN">
    <answer instance="among.p.fn.1001677" senseid="2(2)"/>
    <context>
      This suggests a high propensity to join such schemes <head>among</head> women where their incomes and access to occupational pensions are on a par with men 's . 
    </context>
  </instance>


  <instance id="among.p.fn.1064731" docsrc="FN">
    <answer instance="among.p.fn.1064731" senseid="2(2)"/>
    <context>
      Big or small , firms will now need management skills -- a novel , often distasteful notion <head>among</head> lawyers -- no less than legal ones . 
    </context>
  </instance>


  <instance id="among.p.fn.1006688" docsrc="FN">
    <answer instance="among.p.fn.1006688" senseid="3(3)"/>
    <context>
      Far more than incipient political change , it is the random violence that makes for the sense of dread <head>among</head> whites . 
    </context>
  </instance>


  <instance id="among.p.fn.1019316" docsrc="FN">
    <answer instance="among.p.fn.1019316" senseid="2(2)"/>
    <context>
      In addition , chewing tobacco is a common habit <head>among</head> coal miners . 
    </context>
  </instance>


  <instance id="among.p.fn.1112963" docsrc="FN">
    <answer instance="among.p.fn.1112963" senseid="3(3)"/>
    <context>
      I have received no representations on that matter and I am not aware of any disquiet <head>among</head> the groups that the hon. Gentleman described . 
    </context>
  </instance>


  <instance id="among.p.fn.1112967" docsrc="FN">
    <answer instance="among.p.fn.1112967" senseid="3(3)"/>
    <context>
      The Department of Health is aware of the disquiet <head>among</head> dentists . 
    </context>
  </instance>


  <instance id="among.p.fn.1113032" docsrc="FN">
    <answer instance="among.p.fn.1113032" senseid="3(3)"/>
    <context>
      THE Princess of Wales has once more caused disquiet <head>among</head> fashion commentators by sticking to her own rules . 
    </context>
  </instance>


  <instance id="among.p.fn.1113945" docsrc="FN">
    <answer instance="among.p.fn.1113945" senseid="3(3)"/>
    <context>
      Gascoigne is the first Englishman to fill the role since Bobby Charlton , a man whose absence from a team sheet spread dismay <head>among</head> team-mates and supporters alike . 
    </context>
  </instance>


  <instance id="among.p.fn.1161256" docsrc="FN">
    <answer instance="among.p.fn.1161256" senseid="2(2)"/>
    <context>
      Men have different physiological problems , chief <head>among</head> them weight gain caused by lack of exercise . 
    </context>
  </instance>


  <instance id="among.p.fn.1161269" docsrc="FN">
    <answer instance="among.p.fn.1161269" senseid="2(2)"/>
    <context>
      Chief <head>among</head> the recent causes of the rapid decline is thought to be the operations of a nearby mine , which pumps salt-laden ground water to produce potash for fertilizer . 
    </context>
  </instance>


  <instance id="among.p.fn.1161333" docsrc="FN">
    <answer instance="among.p.fn.1161333" senseid="2(2)"/>
    <context>
      Another obvious source was firms that had become wealthy through the hire of radio and TV sets -- chief <head>among</head> them Rediffusion ( Associated -Rediffusion ) . 
    </context>
  </instance>


  <instance id="among.p.fn.1161471" docsrc="FN">
    <answer instance="among.p.fn.1161471" senseid="2(2)"/>
    <context>
      No one doubts the seriousness of the problems Mr Major must address , the recession foremost <head>among</head> them . 
    </context>
  </instance>


  <instance id="among.p.fn.1161472" docsrc="FN">
    <answer instance="among.p.fn.1161472" senseid="2(2)"/>
    <context>
      Now 32 carriers are flying into Tegel Airport , foremost <head>among</head> them Lufthansa , which was founded in Berlin in 1926 . 
    </context>
  </instance>


  <instance id="among.p.fn.1161473" docsrc="FN">
    <answer instance="among.p.fn.1161473" senseid="2(2)"/>
    <context>
      Foremost <head>among</head> the fun activities which raised the cash were sponsored stay-awakes and lock-ins by the Year 11 and Year 7 youngsters . 
    </context>
  </instance>


  <instance id="among.p.fn.1161485" docsrc="FN">
    <answer instance="among.p.fn.1161485" senseid="2(2)"/>
    <context>
      Foremost <head>among</head> those wanting legalisation , are medical people . 
    </context>
  </instance>


  <instance id="among.p.fn.1183479" docsrc="FN">
    <answer instance="among.p.fn.1183479" senseid="3(3)"/>
    <context>
      Officials in charge of competition policy said they were satisfied with findings by the Office of Fair Trading in Britain that there was no evidence of collusion <head>among</head> record companies and shops . 
    </context>
  </instance>


  <instance id="among.p.fn.1207003" docsrc="FN">
    <answer instance="among.p.fn.1207003" senseid="2(2)"/>
    <context>
      True enough , and , despite the dissimilarities <head>among</head> families , the impressions taken from each matrix are likely to be of similar depth and importance .
    </context>
  </instance>


  <instance id="among.p.fn.1205582" docsrc="FN">
    <answer instance="among.p.fn.1205582" senseid="1(1)"/>
    <context>
      The path and the valley are actually a trap created by a flock of Harpies who nest in a small cave hidden <head>among</head> the rocks .
    </context>
  </instance>


  <instance id="among.p.fn.1205589" docsrc="FN">
    <answer instance="among.p.fn.1205589" senseid="1(1)"/>
    <context>
      A rustic bench surrounding it gave me the foothold I needed to get up into its branches and I sat there hidden <head>among</head> the blossoms while the baulked beast quested in the flower beds .
    </context>
  </instance>


  <instance id="among.p.fn.1217713" docsrc="FN">
    <answer instance="among.p.fn.1217713" senseid="1(1)"/>
    <context>
      She tried to see if he were concealed <head>among</head> the group hanging around near the circolo , but without lifting her eyes to scan them like a strumpet .
    </context>
  </instance>


  <instance id="among.p.fn.364201" docsrc="FN">
    <answer instance="among.p.fn.364201" senseid="3(3)"/>
    <context>
      New Zealand 's previous Labour government found itself unable to complete the job of economic liberalisation , and its members bickered <head>among</head> themselves . 
    </context>
  </instance>


  <instance id="among.p.fn.663463" docsrc="FN">
    <answer instance="among.p.fn.663463" senseid="3(3)"/>
    <context>
      Observing a heated argument <head>among</head> the players over a game of cards , Chapman thought that if they put as much consideration and earnestness into their football , their game could only improve . 
    </context>
  </instance>


  <instance id="among.p.fn.1088731" docsrc="FN">
    <answer instance="among.p.fn.1088731" senseid="3(3)"/>
    <context>
      It can do this because during the recent election campaign , there was no great disagreement about economic policy <head>among</head> the parties . 
    </context>
  </instance>


  <instance id="among.p.fn.824912" docsrc="FN">
    <answer instance="among.p.fn.824912" senseid="3(3)"/>
    <context>
      What I should have said was that there was no serious dispute <head>among</head> professionals of quality who had any discernment in such matters . 
    </context>
  </instance>


  <instance id="among.p.fn.824973" docsrc="FN">
    <answer instance="among.p.fn.824973" senseid="3(3)"/>
    <context>
      Quarrels <head>among</head> the older children lasted longer than those among the younger. 
    </context>
  </instance>


  <instance id="among.p.fn.217375" docsrc="FN">
    <answer instance="among.p.fn.217375" senseid="3(3)"/>
    <context>
      In the egalitarian , brothers have equal inheritance rights , do not live with their parents after marriage , and allow no marriage <head>among</head> their children . 
    </context>
  </instance>


  <instance id="among.p.fn.374086" docsrc="FN">
    <answer instance="among.p.fn.374086" senseid="2(2)"/>
    <context>
      Clearly , however , gender differences do not explain differences in susceptibility to the hepatic effects of alcohol <head>among</head> members of the same sex . 
    </context>
  </instance>


  <instance id="among.p.fn.586214" docsrc="FN">
    <answer instance="among.p.fn.586214" senseid="1(1)"/>
    <context>
      The street light threw strange shadows <head>among</head> the hoardings . 
    </context>
  </instance>


  <instance id="among.p.fn.587461" docsrc="FN">
    <answer instance="among.p.fn.587461" senseid="1(1)"/>
    <context>
      He thrust the coin <head>among</head> his clothes and started to run away but turned back to say , ` You a Yankee , Mister ? " 
    </context>
  </instance>


  <instance id="among.p.fn.587998" docsrc="FN">
    <answer instance="among.p.fn.587998" senseid="1(1)"/>
    <context>
      Paul pulled several cubes of sugar from his pocket and tossed them <head>among</head> the children , and they squealed and fought among themselves , passing the prizes eventually from hand to hand . 
    </context>
  </instance>


  <instance id="among.p.fn.825026" docsrc="FN">
    <answer instance="among.p.fn.825026" senseid="1(1)"/>
    <context>
      He guides us <head>among</head> its ` toy-like villas , each different in design and each set against a background of trees A curling road winds through , but not everything is revealed at once : a chimney for but a moment here , a turret window through a gap between two acacia trees , a gable partly concealed by the fretted roof of a conservatory , an almond tree in blossom branching over the pavement , a spot of scarlet colour made by a distant pillar box . " 
    </context>
  </instance>


  <instance id="among.p.fn.598371" docsrc="FN">
    <answer instance="among.p.fn.598371" senseid="1(1)"/>
    <context>
      The boy laughed again , a laugh that was like the growl of a wild animal , then disappeared <head>among</head> the bushes . 
    </context>
  </instance>


  <instance id="among.p.fn.598374" docsrc="FN">
    <answer instance="among.p.fn.598374" senseid="1(1)"/>
    <context>
      Dandelion overtook him and the two disappeared <head>among</head> the ilex trees . 
    </context>
  </instance>


  <instance id="among.p.fn.367876" docsrc="FN">
    <answer instance="among.p.fn.367876" senseid="3(3)"/>
    <context>
      ` They always talk and joke <head>among</head> themselves . 
    </context>
  </instance>


</lexelt>
