<lexelt item="across">

  <instance id="across.p.fn.1088133" docsrc="FN">
    <answer instance="across.p.fn.1088133" senseid="1(1)"/>
    <context>
      Then to David Stirling 's fury they saw a convoy of light armoured vehicles moving <head>across</head> their line of advance .
    </context>
  </instance>


  <instance id="across.p.fn.1088135" docsrc="FN">
    <answer instance="across.p.fn.1088135" senseid="1(1)"/>
    <context>
      It uses a vertical column of nine dots moving laterally <head>across</head> the page to produce printed characters , each of which is generated as a dot pattern within a matrix measuring six columns by nine rows .
    </context>
  </instance>


  <instance id="across.p.fn.1088140" docsrc="FN">
    <answer instance="across.p.fn.1088140" senseid="1(1)"/>
    <context>
      Sometimes they also carried stars because , at night , after one of the cloud towers had gone up , the nomes could sometimes see new stars moving <head>across</head> the sky .
    </context>
  </instance>


  <instance id="across.p.fn.1152043" docsrc="FN">
    <answer instance="across.p.fn.1152043" senseid="2(2)"/>
    <context>
      Mrs Cullam still sat in front of the television , the baby asleep now in her lap , the dog lying <head>across</head> her slippered feet .
    </context>
  </instance>


  <instance id="across.p.fn.1152059" docsrc="FN">
    <answer instance="across.p.fn.1152059" senseid="2(2)"/>
    <context>
      ` I saw another policeman lying <head>across</head> the front seat .
    </context>
  </instance>


  <instance id="across.p.fn.1152061" docsrc="FN">
    <answer instance="across.p.fn.1152061" senseid="2(2)"/>
    <context>
      There was no time to turn round or to shove out the bloke lying <head>across</head> the seat so I sat down on him .
    </context>
  </instance>


  <instance id="across.p.fn.580862" docsrc="FN">
    <answer instance="across.p.fn.580862" senseid="1(1)"/>
    <context>
      ` I saw state policemen drag strikers <head>across</head> the road and make them kneel in the ditch there while they held shotguns in their backs .
    </context>
  </instance>


  <instance id="across.p.fn.581770" docsrc="FN">
    <answer instance="across.p.fn.581770" senseid="1(1)"/>
    <context>
      And this , " he pulled Lazlo 's map from his pocket and flung it <head>across</head> the table , ` The great detective left this behind when he and Rex fled from his office last night .
    </context>
  </instance>


  <instance id="across.p.fn.582818" docsrc="FN">
    <answer instance="across.p.fn.582818" senseid="1(1)"/>
    <context>
      At last he sat back , tousled and infuriated , crumpled the cheque and hurled it <head>across</head> the room .
    </context>
  </instance>


  <instance id="across.p.fn.582819" docsrc="FN">
    <answer instance="across.p.fn.582819" senseid="1(1)"/>
    <context>
      Dashwood let out a howl of frustration and hurled Farrell <head>across</head> the room .
    </context>
  </instance>


  <instance id="across.p.fn.582822" docsrc="FN">
    <answer instance="across.p.fn.582822" senseid="1(1)"/>
    <context>
      He hurled a chair <head>across</head> the set , smashing lamps and vases , then stormed off to his dressing room .
    </context>
  </instance>


  <instance id="across.p.fn.583318" docsrc="FN">
    <answer instance="across.p.fn.583318" senseid="1(1)"/>
    <context>
      He reached for Freddy , and with what seemed no more than a flick of his wrist pitched him <head>across</head> the foyer .
    </context>
  </instance>


  <instance id="across.p.fn.583699" docsrc="FN">
    <answer instance="across.p.fn.583699" senseid="2(2)"/>
    <context>
      Instantly Harriet pressed her hand <head>across</head> her mouth in a theatrical gesture .
    </context>
  </instance>


  <instance id="across.p.fn.584436" docsrc="FN">
    <answer instance="across.p.fn.584436" senseid="1(1)"/>
    <context>
      He poured a whisky down his throat and pushed the glass <head>across</head> the bar for a refill .
    </context>
  </instance>


  <instance id="across.p.fn.584443" docsrc="FN">
    <answer instance="across.p.fn.584443" senseid="1(1)"/>
    <context>
      The soldier seized me by the hair and pushed me <head>across</head> the garden .
    </context>
  </instance>


  <instance id="across.p.fn.585846" docsrc="FN">
    <answer instance="across.p.fn.585846" senseid="1(1)"/>
    <context>
      Obviously in the presence of some prize bore , Albert had scribbled this down and shoved the book <head>across</head> the table to Warnie or Jack .
    </context>
  </instance>


  <instance id="across.p.fn.586174" docsrc="FN">
    <answer instance="across.p.fn.586174" senseid="1(1)"/>
    <context>
      The police hastily threw a cordon <head>across</head> the end of Duke Street and here the first clashes occurred .
    </context>
  </instance>


  <instance id="across.p.fn.586177" docsrc="FN">
    <answer instance="across.p.fn.586177" senseid="1(1)"/>
    <context>
      Lee threw the helmet <head>across</head> the ground towards him .
    </context>
  </instance>


  <instance id="across.p.fn.586185" docsrc="FN">
    <answer instance="across.p.fn.586185" senseid="1(1)"/>
    <context>
      In the end , she threw her pencil <head>across</head> the room in frustration , then paced over to the window .
    </context>
  </instance>


  <instance id="across.p.fn.586628" docsrc="FN">
    <answer instance="across.p.fn.586628" senseid="1(1)"/>
    <context>
      I found an old coat thrown <head>across</head> a garbage can in a back alley .
    </context>
  </instance>


  <instance id="across.p.fn.587458" docsrc="FN">
    <answer instance="across.p.fn.587458" senseid="1(1)"/>
    <context>
      She thrust the paper <head>across</head> the desk , then was gone almost as fast as she 'd come .
    </context>
  </instance>


  <instance id="across.p.fn.587988" docsrc="FN">
    <answer instance="across.p.fn.587988" senseid="1(1)"/>
    <context>
      He took off his jacket and tossed it <head>across</head> a wooden bench by the fire .
    </context>
  </instance>


  <instance id="across.p.fn.587996" docsrc="FN">
    <answer instance="across.p.fn.587996" senseid="1(1)"/>
    <context>
      She tossed the letter <head>across</head> the table .
    </context>
  </instance>


  <instance id="across.p.fn.587997" docsrc="FN">
    <answer instance="across.p.fn.587997" senseid="1(1)"/>
    <context>
      He folded the paper and tossed it <head>across</head> the table to eagerly awaiting hands .
    </context>
  </instance>


  <instance id="across.p.fn.588440" docsrc="FN">
    <answer instance="across.p.fn.588440" senseid="1(1)"/>
    <context>
      It unrolled as he tugged it <head>across</head> the bedroom floor , and inside was the blood-soaked corpse of Maria Shill .
    </context>
  </instance>


  <instance id="across.p.fn.588441" docsrc="FN">
    <answer instance="across.p.fn.588441" senseid="1(1)"/>
    <context>
      Mr Yarrow tugged a long card-index box <head>across</head> the desk and set about it with a bespittled finger .
    </context>
  </instance>


  <instance id="across.p.fn.588759" docsrc="FN">
    <answer instance="across.p.fn.588759" senseid="1(1)"/>
    <context>
      He felt himself yanked <head>across</head> the room and flung across his father 's legs , his body protected while his outstretched hand dangled like bait in the dog 's face .
    </context>
  </instance>


  <instance id="across.p.fn.589454" docsrc="FN">
    <answer instance="across.p.fn.589454" senseid="1(1)"/>
    <context>
      Another time , Alan Slab , who later served a life sentence for murder , chased me <head>across</head> the common in the dark for being cheeky .
    </context>
  </instance>


  <instance id="across.p.fn.589456" docsrc="FN">
    <answer instance="across.p.fn.589456" senseid="1(1)"/>
    <context>
      He was running , just as children of that age do , almost as if he was chasing the shadows <head>across</head> the moor .
    </context>
  </instance>


  <instance id="across.p.fn.591119" docsrc="FN">
    <answer instance="across.p.fn.591119" senseid="1(1)"/>
    <context>
      He escorted her <head>across</head> the courtyard , through the wrought-iron gate , and along the vaulted passage .
    </context>
  </instance>


  <instance id="across.p.fn.591123" docsrc="FN">
    <answer instance="across.p.fn.591123" senseid="1(1)"/>
    <context>
      Her eyes were full of female conspiracy as she escorted Magda <head>across</head> the room to meet Ferdi von Schonberg .
    </context>
  </instance>


  <instance id="across.p.fn.592298" docsrc="FN">
    <answer instance="across.p.fn.592298" senseid="1(1)"/>
    <context>
      He followed her <head>across</head> the landing where she opened one of three doors .
    </context>
  </instance>


  <instance id="across.p.fn.592301" docsrc="FN">
    <answer instance="across.p.fn.592301" senseid="1(1)"/>
    <context>
      Emily followed her <head>across</head> the yard into the surprisingly sunny warmth of the kitchen .
    </context>
  </instance>


  <instance id="across.p.fn.594150" docsrc="FN">
    <answer instance="across.p.fn.594150" senseid="1(1)"/>
    <context>
      Whitely has in his book The Theology of the New Testament a powerful image of an officer in the war who had to lead his troops <head>across</head> a dangerous minefield .
    </context>
  </instance>


  <instance id="across.p.fn.594153" docsrc="FN">
    <answer instance="across.p.fn.594153" senseid="1(1)"/>
    <context>
      The Kadets led other radical deputies <head>across</head> the border to Vyborg in Finland where they issued a manifesto calling for protest in the form of passive resistance .
    </context>
  </instance>


  <instance id="across.p.fn.594155" docsrc="FN">
    <answer instance="across.p.fn.594155" senseid="1(1)"/>
    <context>
      Jos led him <head>across</head> the dark yard to a set of double doors , near the old Lagonda .
    </context>
  </instance>


  <instance id="across.p.fn.594586" docsrc="FN">
    <answer instance="across.p.fn.594586" senseid="1(1)"/>
    <context>
      We walked naked along the path that led <head>across</head> the ice-covered sea .
    </context>
  </instance>


  <instance id="across.p.fn.595375" docsrc="FN">
    <answer instance="across.p.fn.595375" senseid="1(1)"/>
    <context>
      There was a lot of noise of men shouting and dogs barking , as the servants from the house pursued the robbers <head>across</head> the fields .
    </context>
  </instance>


  <instance id="across.p.fn.595377" docsrc="FN">
    <answer instance="across.p.fn.595377" senseid="1(1)"/>
    <context>
      With UN approval MacArthur pursued them <head>across</head> the parallel and on towards the Yalu River which marked the border with Communist China .
    </context>
  </instance>


  <instance id="across.p.fn.595378" docsrc="FN">
    <answer instance="across.p.fn.595378" senseid="1(1)"/>
    <context>
      Trail of destruction police pursue teenage joyrider <head>across</head> three counties .
    </context>
  </instance>


  <instance id="across.p.fn.599188" docsrc="FN">
    <answer instance="across.p.fn.599188" senseid="1(1)"/>
    <context>
      This prevents any escape <head>across</head> the open ground and many of the rabbits will become entangled in the net .
    </context>
  </instance>


  <instance id="across.p.fn.599613" docsrc="FN">
    <answer instance="across.p.fn.599613" senseid="1(1)"/>
    <context>
      Police say the man escaped <head>across</head> fields after what they said was a despicable attack .
    </context>
  </instance>


  <instance id="across.p.fn.600145" docsrc="FN">
    <answer instance="across.p.fn.600145" senseid="1(1)"/>
    <context>
      As the bombs in the hangars started to go off they beat a hasty retreat <head>across</head> the field .
    </context>
  </instance>


  <instance id="across.p.fn.605721" docsrc="FN">
    <answer instance="across.p.fn.605721" senseid="1(1)"/>
    <context>
      The drone buzzed curiously <head>across</head> the room and vanished behind the table , making its own checks on the Doctor 's health .
    </context>
  </instance>


  <instance id="across.p.fn.605722" docsrc="FN">
    <answer instance="across.p.fn.605722" senseid="1(1)"/>
    <context>
      In the morning a little aeroplane came buzzing <head>across</head> the blue window-pane of sky and alighted on the sugary beach .
    </context>
  </instance>


  <instance id="across.p.fn.605984" docsrc="FN">
    <answer instance="across.p.fn.605984" senseid="1(1)"/>
    <context>
      She could imagine it clanging <head>across</head> the hall , up the stairway , along the draughty corridors , around the drawing-room and out through the open windows .
    </context>
  </instance>


  <instance id="across.p.fn.606105" docsrc="FN">
    <answer instance="across.p.fn.606105" senseid="1(1)"/>
    <context>
      He longed for London Land , with gas lamps still flickering in the dusk , horse-drawn cabs clattering <head>across</head> the cobblestones , criminals no scarier than little boys scrounging for their supper .
    </context>
  </instance>


  <instance id="across.p.fn.606107" docsrc="FN">
    <answer instance="across.p.fn.606107" senseid="1(1)"/>
    <context>
      It clattered <head>across</head> the path and bounced against what looked like the battered frame of an old pram , with a bang like a pistol shot .
    </context>
  </instance>


  <instance id="across.p.fn.606586" docsrc="FN">
    <answer instance="across.p.fn.606586" senseid="1(1)"/>
    <context>
      She clumped <head>across</head> the star-patterned mosaic towards the walk-in cupboard where the ski-gear was kept .
    </context>
  </instance>


  <instance id="across.p.fn.606665" docsrc="FN">
    <answer instance="across.p.fn.606665" senseid="1(1)"/>
    <context>
      Interference crackled <head>across</head> the screen .
    </context>
  </instance>


  <instance id="across.p.fn.606809" docsrc="FN">
    <answer instance="across.p.fn.606809" senseid="1(1)"/>
    <context>
      She was standing on the tree that had crashed <head>across</head> the fence , looking like a garden plant in need of marriage guidance .
    </context>
  </instance>


  <instance id="across.p.fn.606810" docsrc="FN">
    <answer instance="across.p.fn.606810" senseid="1(1)"/>
    <context>
      He kicked the chair aside with a violence that sent it crashing <head>across</head> the floor .
    </context>
  </instance>


  <instance id="across.p.fn.607205" docsrc="FN">
    <answer instance="across.p.fn.607205" senseid="1(1)"/>
    <context>
      They picked their way through broken pieces of furniture , their feet crunching <head>across</head> splintered glass and wood .
    </context>
  </instance>


  <instance id="across.p.fn.607206" docsrc="FN">
    <answer instance="across.p.fn.607206" senseid="1(1)"/>
    <context>
      At one thirty-five by his watch , a small Citroen drove slowly down the slope from the road , crunching <head>across</head> the gravel and stopping within feet of his hiding place .
    </context>
  </instance>


  <instance id="across.p.fn.607207" docsrc="FN">
    <answer instance="across.p.fn.607207" senseid="1(1)"/>
    <context>
      Sometimes we crunched <head>across</head> crystalline ice , or slid tiny steps at a time over glass ice , so we created shiny black footprints in the dusting of snow .
    </context>
  </instance>


  <instance id="across.p.fn.607450" docsrc="FN">
    <answer instance="across.p.fn.607450" senseid="1(1)"/>
    <context>
      High heels pattered <head>across</head> the cloakroom floor and someone pushed at the toilet door .
    </context>
  </instance>


  <instance id="across.p.fn.607451" docsrc="FN">
    <answer instance="across.p.fn.607451" senseid="1(1)"/>
    <context>
      ` I 'm a ballet dancer , " she said , and they laughed as she pattered <head>across</head> the floor on her tip-toes .
    </context>
  </instance>


  <instance id="across.p.fn.607452" docsrc="FN">
    <answer instance="across.p.fn.607452" senseid="1(1)"/>
    <context>
      When Gloria came , pattering <head>across</head> the ward in all her best , Dot could n't bear to see her pretty face and turned away on the pillow with shut eyes .
    </context>
  </instance>


  <instance id="across.p.fn.607495" docsrc="FN">
    <answer instance="across.p.fn.607495" senseid="1(1)"/>
    <context>
      The man from Forensic arrives , his steel heel-caps pinging <head>across</head> the tarmac .
    </context>
  </instance>


  <instance id="across.p.fn.607880" docsrc="FN">
    <answer instance="across.p.fn.607880" senseid="1(1)"/>
    <context>
      Save the horses ! " , as the chief splashed <head>across</head> the creek to gather mounts for the fleeing families .
    </context>
  </instance>


  <instance id="across.p.fn.607975" docsrc="FN">
    <answer instance="across.p.fn.607975" senseid="1(1)"/>
    <context>
      Zigzags spluttered <head>across</head> her face .
    </context>
  </instance>


  <instance id="across.p.fn.608047" docsrc="FN">
    <answer instance="across.p.fn.608047" senseid="1(1)"/>
    <context>
      We squelched <head>across</head> the field , finally reaching the altar , a single slate slab mounted on stones , on the side of a bank overlooking a tangle of briars .
    </context>
  </instance>


  <instance id="across.p.fn.608092" docsrc="FN">
    <answer instance="across.p.fn.608092" senseid="1(1)"/>
    <context>
      She 'd tried to read , but her attention kept being drawn to what was happening outside and , even though she was annoyed at herself for giving in so easily , she kept returning to watch Dane 's powerful figure swishing expertly <head>across</head> the snow .
    </context>
  </instance>


  <instance id="across.p.fn.608149" docsrc="FN">
    <answer instance="across.p.fn.608149" senseid="1(1)"/>
    <context>
      Heavy footsteps thudded <head>across</head> the front porch .
    </context>
  </instance>


  <instance id="across.p.fn.608244" docsrc="FN">
    <answer instance="across.p.fn.608244" senseid="1(1)"/>
    <context>
      He crossed the road , thumped <head>across</head> a pasture , then dropped into a small valley where a tangle of thorns grew either side of a trickling brook .
    </context>
  </instance>


  <instance id="across.p.fn.608325" docsrc="FN">
    <answer instance="across.p.fn.608325" senseid="1(1)"/>
    <context>
      He kicked the grey into a gallop , and it thundered <head>across</head> the grass , throwing up torn lichen and humus .
    </context>
  </instance>


  <instance id="across.p.fn.608327" docsrc="FN">
    <answer instance="across.p.fn.608327" senseid="1(1)"/>
    <context>
      Great herds of horses thunder <head>across</head> the sweeping plains of Ellyrion .
    </context>
  </instance>


  <instance id="across.p.fn.614847" docsrc="FN">
    <answer instance="across.p.fn.614847" senseid="1(1)"/>
    <context>
      A harsh smile angled <head>across</head> his mouth .
    </context>
  </instance>


  <instance id="across.p.fn.614849" docsrc="FN">
    <answer instance="across.p.fn.614849" senseid="1(1)"/>
    <context>
      Ward was angling <head>across</head> the slope above to cut him off .
    </context>
  </instance>


  <instance id="across.p.fn.618020" docsrc="FN">
    <answer instance="across.p.fn.618020" senseid="1(1)"/>
    <context>
      It was postmarked Manchester , the paper was poor , and the writing scrawled and dipped <head>across</head> the stained envelope .
    </context>
  </instance>


  <instance id="across.p.fn.621007" docsrc="FN">
    <answer instance="across.p.fn.621007" senseid="1(1)"/>
    <context>
      The East German government 's decision to let the refugees leave <head>across</head> their own country came as a surprise to many , including some West German diplomats .
    </context>
  </instance>


  <instance id="across.p.fn.622000" docsrc="FN">
    <answer instance="across.p.fn.622000" senseid="1(1)"/>
    <context>
      Gloria 's voice reached me <head>across</head> the office and through the door .
    </context>
  </instance>


  <instance id="across.p.fn.622001" docsrc="FN">
    <answer instance="across.p.fn.622001" senseid="1(1)"/>
    <context>
      Reaching the village <head>across</head> the sea of dazzling snow was impossible by motor cycle , and often difficult on foot .
    </context>
  </instance>


  <instance id="across.p.fn.624264" docsrc="FN">
    <answer instance="across.p.fn.624264" senseid="1(1)"/>
    <context>
      We slanted <head>across</head> the river , the wind carrying us against the current , and coasted up the far bank .
    </context>
  </instance>


  <instance id="across.p.fn.624386" docsrc="FN">
    <answer instance="across.p.fn.624386" senseid="1(1)"/>
    <context>
      A searching spot snaked <head>across</head> the deck towards him .
    </context>
  </instance>


  <instance id="across.p.fn.624387" docsrc="FN">
    <answer instance="across.p.fn.624387" senseid="1(1)"/>
    <context>
      So I continued south , making my way along the great chalk road which snaked <head>across</head> the Downs to Dover .
    </context>
  </instance>


  <instance id="across.p.fn.624388" docsrc="FN">
    <answer instance="across.p.fn.624388" senseid="1(1)"/>
    <context>
      The drive snaked <head>across</head> the flank of the hill to a levelled clearing which had once been the site of a mine ; a giant stack still stood within a hundred yards of their door .
    </context>
  </instance>


  <instance id="across.p.fn.624391" docsrc="FN">
    <answer instance="across.p.fn.624391" senseid="1(1)"/>
    <context>
      A rubber hose-pipe snaked <head>across</head> the yard from the kitchen window , bringing hot water from the tap in the big sink .
    </context>
  </instance>


  <instance id="across.p.fn.624552" docsrc="FN">
    <answer instance="across.p.fn.624552" senseid="1(1)"/>
    <context>
      A green pickup swerved <head>across</head> a field to follow a combine with a tractor and trailer travelling alongside .
    </context>
  </instance>


  <instance id="across.p.fn.624554" docsrc="FN">
    <answer instance="across.p.fn.624554" senseid="1(1)"/>
    <context>
      Within twelve months of taking out a joint policy , a successful businesswoman was killed in her car when a lorry swerved <head>across</head> her path .
    </context>
  </instance>


  <instance id="across.p.fn.624558" docsrc="FN">
    <answer instance="across.p.fn.624558" senseid="1(1)"/>
    <context>
      Later he described how a car , driven by Mr Gooch had struck a kerb , swerved <head>across</head> the road , before being catapulted back again and out of site .
    </context>
  </instance>


  <instance id="across.p.fn.625671" docsrc="FN">
    <answer instance="across.p.fn.625671" senseid="1(1)"/>
    <context>
      We walked across to the teenagers ' car , which had veered <head>across</head> the lawn of a local church .
    </context>
  </instance>


  <instance id="across.p.fn.625674" docsrc="FN">
    <answer instance="across.p.fn.625674" senseid="1(1)"/>
    <context>
      ` He veered <head>across</head> the road and went into the opposite lane where he collided with a transit van . "
    </context>
  </instance>


  <instance id="across.p.fn.626015" docsrc="FN">
    <answer instance="across.p.fn.626015" senseid="1(1)"/>
    <context>
      The manoeuvre was almost complete when the car started weaving <head>across</head> the road .
    </context>
  </instance>


  <instance id="across.p.fn.626426" docsrc="FN">
    <answer instance="across.p.fn.626426" senseid="1(1)"/>
    <context>
      Imagine a trackway , winding <head>across</head> a hillside , no more than a sheep track , perhaps , or an ancient drove road .
    </context>
  </instance>


  <instance id="across.p.fn.626428" docsrc="FN">
    <answer instance="across.p.fn.626428" senseid="1(1)"/>
    <context>
      Bucharest 's Otopeni terminal is a distant fortress of grey and black , its approach obstructed by piles of rubble and tiny , dwindling buses winding <head>across</head> the runway .
    </context>
  </instance>


  <instance id="across.p.fn.626870" docsrc="FN">
    <answer instance="across.p.fn.626870" senseid="1(1)"/>
    <context>
      Days are not spent zigzagging <head>across</head> the mountain from one lift to the next .
    </context>
  </instance>


  <instance id="across.p.fn.626871" docsrc="FN">
    <answer instance="across.p.fn.626871" senseid="1(1)"/>
    <context>
      Flies zigzagged <head>across</head> the room , speeding about their business like bees in swarm .
    </context>
  </instance>


  <instance id="across.p.fn.632759" docsrc="FN">
    <answer instance="across.p.fn.632759" senseid="1(1)"/>
    <context>
      But just as the removal of trees from the lowlands has created considerable opposition from environmentalists so has the policy of planting them <head>across</head> the hillsides .
    </context>
  </instance>


  <instance id="across.p.fn.634256" docsrc="FN">
    <answer instance="across.p.fn.634256" senseid="2(2)"/>
    <context>
      He smeared the mud <head>across</head> his face , and then across his scalp so that it matted in his close-cut hair .
    </context>
  </instance>


  <instance id="across.p.fn.634257" docsrc="FN">
    <answer instance="across.p.fn.634257" senseid="2(2)"/>
    <context>
      But soon he stood back and smeared the tears <head>across</head> the dirt on his cheeks .
    </context>
  </instance>


  <instance id="across.p.fn.734820" docsrc="FN">
    <answer instance="across.p.fn.734820" senseid="1(1)"/>
    <context>
      They bustled to and fro <head>across</head> the dock and swarmed on and off the ships .
    </context>
  </instance>


  <instance id="across.p.fn.734821" docsrc="FN">
    <answer instance="across.p.fn.734821" senseid="1(1)"/>
    <context>
      Arturo Silvio , the modelling agency 's Milan chieftain , was bustling <head>across</head> the floor towards her .
    </context>
  </instance>


  <instance id="across.p.fn.735115" docsrc="FN">
    <answer instance="across.p.fn.735115" senseid="1(1)"/>
    <context>
      We turned upstream , clambering <head>across</head> tumbled boulders to find a crude wooden bridge .
    </context>
  </instance>


  <instance id="across.p.fn.735117" docsrc="FN">
    <answer instance="across.p.fn.735117" senseid="1(1)"/>
    <context>
      After he had clambered <head>across</head> he searched again , feeling desperate .
    </context>
  </instance>


  <instance id="across.p.fn.810188" docsrc="FN">
    <answer instance="across.p.fn.810188" senseid="1(1)"/>
    <context>
      Alexei climbed <head>across</head> stones slippery with moisture and polished by age .
    </context>
  </instance>


  <instance id="across.p.fn.735507" docsrc="FN">
    <answer instance="across.p.fn.735507" senseid="1(1)"/>
    <context>
      A starfish on the reef can crawl <head>across</head> a clam , fasten its tube feet on either side of its gape and slowly wrench the valves apart to feed on the flesh within .
    </context>
  </instance>


  <instance id="across.p.fn.735509" docsrc="FN">
    <answer instance="across.p.fn.735509" senseid="1(1)"/>
    <context>
      Sometimes he awoke to find a rat had crawled <head>across</head> his face .
    </context>
  </instance>


  <instance id="across.p.fn.735513" docsrc="FN">
    <answer instance="across.p.fn.735513" senseid="1(1)"/>
    <context>
      Dropping to her hands and knees , Isabel crawled gingerly forward <head>across</head> the earthen floor , clutching the candle-bowl .
    </context>
  </instance>


  <instance id="across.p.fn.735525" docsrc="FN">
    <answer instance="across.p.fn.735525" senseid="1(1)"/>
    <context>
      A fly crawled <head>across</head> the wall above the bed .
    </context>
  </instance>


  <instance id="across.p.fn.736019" docsrc="FN">
    <answer instance="across.p.fn.736019" senseid="1(1)"/>
    <context>
      He got up from his mattress , crept <head>across</head> the floor , and looked out .
    </context>
  </instance>


  <instance id="across.p.fn.736393" docsrc="FN">
    <answer instance="across.p.fn.736393" senseid="1(1)"/>
    <context>
      There was firelight in the room , a soft gentle radiance that warmed the old stone walls and sent huge , fantastical shadows dancing <head>across</head> the ceiling .
    </context>
  </instance>


  <instance id="across.p.fn.736394" docsrc="FN">
    <answer instance="across.p.fn.736394" senseid="1(1)"/>
    <context>
      Pale , rushing clouds danced <head>across</head> a blue almost as pale .
    </context>
  </instance>


  <instance id="across.p.fn.736398" docsrc="FN">
    <answer instance="across.p.fn.736398" senseid="1(1)"/>
    <context>
      She tried to pray for her father at the same time , but Madeleine danced <head>across</head> her invocation , Madeleine provocative in yellow pique and high-heeled sandals disrupted her holy words .
    </context>
  </instance>


  <instance id="across.p.fn.736401" docsrc="FN">
    <answer instance="across.p.fn.736401" senseid="1(1)"/>
    <context>
      She focused on the rim of her wine glass as phrases from the story danced mockingly <head>across</head> her memory .
    </context>
  </instance>


  <instance id="across.p.fn.736403" docsrc="FN">
    <answer instance="across.p.fn.736403" senseid="1(1)"/>
    <context>
      ` I did n't mean the apartment , " he drawled as the twins came dancing happily <head>across</head> the office towards them .
    </context>
  </instance>


  <instance id="across.p.fn.736406" docsrc="FN">
    <answer instance="across.p.fn.736406" senseid="1(1)"/>
    <context>
      It 's a story which has danced <head>across</head> the back pages of our newspapers for weeks .
    </context>
  </instance>


  <instance id="across.p.fn.736407" docsrc="FN">
    <answer instance="across.p.fn.736407" senseid="1(1)"/>
    <context>
      Watching from the window Muriel saw her swoop down the front steps , fling open the garden gate and dance <head>across</head> the road , past the Canoe Lake , and down the seafront in the direction of town .
    </context>
  </instance>


  <instance id="across.p.fn.736409" docsrc="FN">
    <answer instance="across.p.fn.736409" senseid="1(1)"/>
    <context>
      As she did one of the English players danced <head>across</head> the screen and up the sideline , outwitting several of the Moroccan side who tackled him from all directions .
    </context>
  </instance>


  <instance id="across.p.fn.736411" docsrc="FN">
    <answer instance="across.p.fn.736411" senseid="1(1)"/>
    <context>
      The council 's Brian Whalen wants to find out what produces the fantastic display which dances <head>across</head> the arctic and subarctic skies .
    </context>
  </instance>


  <instance id="across.p.fn.736948" docsrc="FN">
    <answer instance="across.p.fn.736948" senseid="1(1)"/>
    <context>
      He and Chuck vied to identify the exotic birds they saw : ibis , kingfishers , herons , white pheasants and once a peacock darted frantically <head>across</head> their path .
    </context>
  </instance>


  <instance id="across.p.fn.736952" docsrc="FN">
    <answer instance="across.p.fn.736952" senseid="1(1)"/>
    <context>
      Then the Lad darted <head>across</head> the room like a fleeing hare , and vanished , and Calatin opened his eyes and looked right at them .
    </context>
  </instance>


  <instance id="across.p.fn.737487" docsrc="FN">
    <answer instance="across.p.fn.737487" senseid="1(1)"/>
    <context>
      The animal crouched ready for an attack and then dashed <head>across</head> its cage floor towards the spot where Leyhausen was standing .
    </context>
  </instance>


  <instance id="across.p.fn.737498" docsrc="FN">
    <answer instance="across.p.fn.737498" senseid="1(1)"/>
    <context>
      She dashed <head>across</head> the road to the Welcome Cafe , owned by her friends , the Taylors .
    </context>
  </instance>


  <instance id="across.p.fn.737661" docsrc="FN">
    <answer instance="across.p.fn.737661" senseid="1(1)"/>
    <context>
      A look of horror flitted <head>across</head> his face , and he said with great feeling : ` I say , Cassie .
    </context>
  </instance>


  <instance id="across.p.fn.737664" docsrc="FN">
    <answer instance="across.p.fn.737664" senseid="1(1)"/>
    <context>
      A grin flitted <head>across</head> her face .
    </context>
  </instance>


  <instance id="across.p.fn.737671" docsrc="FN">
    <answer instance="across.p.fn.737671" senseid="1(1)"/>
    <context>
      for miles and miles the shadow of the aeroplane has flitted <head>across</head> hard shiny ice .
    </context>
  </instance>


  <instance id="across.p.fn.737856" docsrc="FN">
    <answer instance="across.p.fn.737856" senseid="1(1)"/>
    <context>
      The sun was blasting in her bedroom window and frolicking <head>across</head> her eyes .
    </context>
  </instance>


  <instance id="across.p.fn.738228" docsrc="FN">
    <answer instance="across.p.fn.738228" senseid="1(1)"/>
    <context>
      Not content with a simple sponsored walk or 24-hour swim , 11 of the office 's self couch potatoes intend to hike <head>across</head> the Brecon Beacons between 29 and 31 January .
    </context>
  </instance>


  <instance id="across.p.fn.738355" docsrc="FN">
    <answer instance="across.p.fn.738355" senseid="1(1)"/>
    <context>
      So I kept up the act , I opened the door and said his name in a quiet voice and hobbled weakly <head>across</head> the cellar and up the steps .
    </context>
  </instance>


  <instance id="across.p.fn.738356" docsrc="FN">
    <answer instance="across.p.fn.738356" senseid="1(1)"/>
    <context>
      Mr. Waddicar the caretaker was hobbling <head>across</head> the landing , like an old lollipop man frustrating traffic .
    </context>
  </instance>


  <instance id="across.p.fn.651688" docsrc="FN">
    <answer instance="across.p.fn.651688" senseid="1(1)"/>
    <context>
      She slid joyfully down from the bed and hopped <head>across</head> the cold carpet to the window .
    </context>
  </instance>


  <instance id="across.p.fn.738580" docsrc="FN">
    <answer instance="across.p.fn.738580" senseid="1(1)"/>
    <context>
      I dressed quickly and hurried <head>across</head> the courtyard to the refectory .
    </context>
  </instance>


  <instance id="across.p.fn.738583" docsrc="FN">
    <answer instance="across.p.fn.738583" senseid="1(1)"/>
    <context>
      He hurried <head>across</head> the fields towards the fire .
    </context>
  </instance>


  <instance id="across.p.fn.738586" docsrc="FN">
    <answer instance="across.p.fn.738586" senseid="1(1)"/>
    <context>
      Meg hurried <head>across</head> the short grass .
    </context>
  </instance>


  <instance id="across.p.fn.738588" docsrc="FN">
    <answer instance="across.p.fn.738588" senseid="1(1)"/>
    <context>
      As they were about to ride up someone hurried <head>across</head> the hall .
    </context>
  </instance>


  <instance id="across.p.fn.738593" docsrc="FN">
    <answer instance="across.p.fn.738593" senseid="1(1)"/>
    <context>
      As he hurried <head>across</head> the street Freddie spotted him .
    </context>
  </instance>


  <instance id="across.p.fn.748332" docsrc="FN">
    <answer instance="across.p.fn.748332" senseid="1(1)"/>
    <context>
      Coming from the latrine , the figure hugged the shadow of the building before jogging <head>across</head> open ground to the cover of Hut 5 .
    </context>
  </instance>


  <instance id="across.p.fn.749374" docsrc="FN">
    <answer instance="across.p.fn.749374" senseid="1(1)"/>
    <context>
      Again what the Sufi said leapt <head>across</head> barriers between religions .
    </context>
  </instance>


  <instance id="across.p.fn.749376" docsrc="FN">
    <answer instance="across.p.fn.749376" senseid="1(1)"/>
    <context>
      ( Neurotransmitters are chemicals that leap <head>across</head> the gaps between nerve cells to transmit messages in the central nervous system . )
    </context>
  </instance>


  <instance id="across.p.fn.749379" docsrc="FN">
    <answer instance="across.p.fn.749379" senseid="1(1)"/>
    <context>
      He depressed the accelerator a trifle and the Rover leaped <head>across</head> the metalled interruption of the ancient trackway .
    </context>
  </instance>


  <instance id="across.p.fn.749382" docsrc="FN">
    <answer instance="across.p.fn.749382" senseid="1(1)"/>
    <context>
      ` Michael would get into Rolls-Royces by leaping <head>across</head> the pavement and jumping in head first , " recalled Reed .
    </context>
  </instance>


  <instance id="across.p.fn.749388" docsrc="FN">
    <answer instance="across.p.fn.749388" senseid="1(1)"/>
    <context>
      She sizzled and singed , then the fire began to take a hold and flames leapt <head>across</head> her skin .
    </context>
  </instance>


  <instance id="across.p.fn.749930" docsrc="FN">
    <answer instance="across.p.fn.749930" senseid="1(1)"/>
    <context>
      He limped <head>across</head> the pavement and clambered into his car .
    </context>
  </instance>


  <instance id="across.p.fn.749931" docsrc="FN">
    <answer instance="across.p.fn.749931" senseid="1(1)"/>
    <context>
      He could hardly limp <head>across</head> the room and offer her a plastic spoon , especially as it had already been used .
    </context>
  </instance>


  <instance id="across.p.fn.750207" docsrc="FN">
    <answer instance="across.p.fn.750207" senseid="1(1)"/>
    <context>
      He held his hand to his forehead and loped <head>across</head> the bar toward the beautiful girl in the corner .
    </context>
  </instance>


  <instance id="across.p.fn.750208" docsrc="FN">
    <answer instance="across.p.fn.750208" senseid="1(1)"/>
    <context>
      Arrived at St Briac she had loped <head>across</head> the headland , tiring a bit from the feeling that her heart had dropped in her chest and , turning to lead , lodged across her solar plexus .
    </context>
  </instance>


  <instance id="across.p.fn.750287" docsrc="FN">
    <answer instance="across.p.fn.750287" senseid="1(1)"/>
    <context>
      It stopped instead , and two humans in dark blue suits got out and started to lumber <head>across</head> the field .
    </context>
  </instance>


  <instance id="across.p.fn.750288" docsrc="FN">
    <answer instance="across.p.fn.750288" senseid="1(1)"/>
    <context>
      Decked in tasselled yellow howdah cloths and ridden by straw-hatted Annamese mahouts perched straddle-legged behind their ears , a dozen elephants lumbered slowly <head>across</head> the flagstones and lined up before the open doors .
    </context>
  </instance>


  <instance id="across.p.fn.750289" docsrc="FN">
    <answer instance="across.p.fn.750289" senseid="1(1)"/>
    <context>
      The dragon stood up , lumbered heavily <head>across</head> the meadow , and fluttered into the air .
    </context>
  </instance>


  <instance id="across.p.fn.750371" docsrc="FN">
    <answer instance="across.p.fn.750371" senseid="1(1)"/>
    <context>
      The conversation died abruptly as Cranston lurched <head>across</head> the room .
    </context>
  </instance>


  <instance id="across.p.fn.750606" docsrc="FN">
    <answer instance="across.p.fn.750606" senseid="1(1)"/>
    <context>
      There was plenty of room for sheer caprice : Paul I's order for an overland march <head>across</head> unmapped territory to wrest India from the British was only the most bizarre instance .
    </context>
  </instance>


  <instance id="across.p.fn.750609" docsrc="FN">
    <answer instance="across.p.fn.750609" senseid="1(1)"/>
    <context>
      A long and weary march <head>across</head> the border to Northern Kenya .
    </context>
  </instance>


  <instance id="across.p.fn.751471" docsrc="FN">
    <answer instance="across.p.fn.751471" senseid="1(1)"/>
    <context>
      The orbital motion of the earth provided a causal explanation for why the planets appeared to meander <head>across</head> the sky .
    </context>
  </instance>


  <instance id="across.p.fn.751654" docsrc="FN">
    <answer instance="across.p.fn.751654" senseid="1(1)"/>
    <context>
      While he was speaking she got up and began pacing to and fro <head>across</head> the wide office .
    </context>
  </instance>


  <instance id="across.p.fn.751658" docsrc="FN">
    <answer instance="across.p.fn.751658" senseid="1(1)"/>
    <context>
      Asa got up and paced restlessly <head>across</head> the room .
    </context>
  </instance>


  <instance id="across.p.fn.752190" docsrc="FN">
    <answer instance="across.p.fn.752190" senseid="1(1)"/>
    <context>
      Leaving Okawi and Beruna , Miles turned away from the village and padded silently <head>across</head> the beach to the tree line .
    </context>
  </instance>


  <instance id="across.p.fn.752191" docsrc="FN">
    <answer instance="across.p.fn.752191" senseid="1(1)"/>
    <context>
      Slipping on a light cotton robe , she padded <head>across</head> the thick bedroom carpet , through the large living-room and into the kitchen .
    </context>
  </instance>


  <instance id="across.p.fn.752193" docsrc="FN">
    <answer instance="across.p.fn.752193" senseid="1(1)"/>
    <context>
      Barbara padded <head>across</head> the carpet to the en-suite bathroom and opened the medicine cabinet above the basin .
    </context>
  </instance>


  <instance id="across.p.fn.752195" docsrc="FN">
    <answer instance="across.p.fn.752195" senseid="1(1)"/>
    <context>
      He got out of bed and padded <head>across</head> the carpet to his briefcase .
    </context>
  </instance>


  <instance id="across.p.fn.752200" docsrc="FN">
    <answer instance="across.p.fn.752200" senseid="1(1)"/>
    <context>
      Would she ever again pad <head>across</head> the grass , barefoot in her bikini ?
    </context>
  </instance>


  <instance id="across.p.fn.752204" docsrc="FN">
    <answer instance="across.p.fn.752204" senseid="1(1)"/>
    <context>
      Dillon padded heavily <head>across</head> the room to sink into a chair next to Tweed .
    </context>
  </instance>


  <instance id="across.p.fn.752206" docsrc="FN">
    <answer instance="across.p.fn.752206" senseid="1(1)"/>
    <context>
      Her bare feet padded <head>across</head> the polished terracotta tiles to the bottles lined along a shelf in the corner .
    </context>
  </instance>


  <instance id="across.p.fn.752608" docsrc="FN">
    <answer instance="across.p.fn.752608" senseid="1(1)"/>
    <context>
      They plodded <head>across</head> the mud .
    </context>
  </instance>


  <instance id="across.p.fn.752609" docsrc="FN">
    <answer instance="across.p.fn.752609" senseid="1(1)"/>
    <context>
      Never again a time with such opportunity as from the train that plodded <head>across</head> the flat wilderness lands on the way to the East .
    </context>
  </instance>


  <instance id="across.p.fn.752768" docsrc="FN">
    <answer instance="across.p.fn.752768" senseid="1(1)"/>
    <context>
      Henry raised himself on tiptoe and pranced <head>across</head> the room .
    </context>
  </instance>


  <instance id="across.p.fn.752769" docsrc="FN">
    <answer instance="across.p.fn.752769" senseid="1(1)"/>
    <context>
      Noreen O'Neil looked good as she pranced <head>across</head> that stage to the catchy Irish tune .
    </context>
  </instance>


  <instance id="across.p.fn.752914" docsrc="FN">
    <answer instance="across.p.fn.752914" senseid="1(1)"/>
    <context>
      They prowled <head>across</head> the soft carpet in their elegant high-heeled shoes , and then kicked them off to lounge seductively on the four-poster bed .
    </context>
  </instance>


  <instance id="across.p.fn.753110" docsrc="FN">
    <answer instance="across.p.fn.753110" senseid="1(1)"/>
    <context>
      To help him do that , manager Graham Taylor 's best hope of Wright reproducing his Arsenal club form for England will be to let his free spirit roam <head>across</head> Wembley .
    </context>
  </instance>


  <instance id="across.p.fn.753746" docsrc="FN">
    <answer instance="across.p.fn.753746" senseid="1(1)"/>
    <context>
      With a whoop of pleasure Kirsty rushed <head>across</head> the room , heading for the door that led out into the hall .
    </context>
  </instance>


  <instance id="across.p.fn.754519" docsrc="FN">
    <answer instance="across.p.fn.754519" senseid="1(1)"/>
    <context>
      Lorimer sauntered <head>across</head> the room and sat down on a chair by the butler 's fire .
    </context>
  </instance>


  <instance id="across.p.fn.754520" docsrc="FN">
    <answer instance="across.p.fn.754520" senseid="1(1)"/>
    <context>
      The tall black man chuckled , then sauntered <head>across</head> Wavebreaker 's gangplank .
    </context>
  </instance>


  <instance id="across.p.fn.754656" docsrc="FN">
    <answer instance="across.p.fn.754656" senseid="1(1)"/>
    <context>
      A grey squirrel , spry after its winter sleep , startled Ben by scampering <head>across</head> his path .
    </context>
  </instance>


  <instance id="across.p.fn.754658" docsrc="FN">
    <answer instance="across.p.fn.754658" senseid="1(1)"/>
    <context>
      Cranston turned and quietly cursed as the madman scampered <head>across</head> the snow to greet them , yelping like an affectionate dog .
    </context>
  </instance>


  <instance id="across.p.fn.755096" docsrc="FN">
    <answer instance="across.p.fn.755096" senseid="1(1)"/>
    <context>
      Anabelle scrambled <head>across</head> the footbridge to the other side of the canal .
    </context>
  </instance>


  <instance id="across.p.fn.755380" docsrc="FN">
    <answer instance="across.p.fn.755380" senseid="1(1)"/>
    <context>
      The mice scurried <head>across</head> the grass to a slender apple tree , and lo and behold -- ` Sunflower seeds ! " screeched the mice .
    </context>
  </instance>


  <instance id="across.p.fn.755387" docsrc="FN">
    <answer instance="across.p.fn.755387" senseid="1(1)"/>
    <context>
      They scurry quickly <head>across</head> the table , keen to get to grips as quickly as possible .
    </context>
  </instance>


  <instance id="across.p.fn.755643" docsrc="FN">
    <answer instance="across.p.fn.755643" senseid="1(1)"/>
    <context>
      The little lizard will have scuttled <head>across</head> the beach during the middle of December and man did not appear until the evening of 31 December .
    </context>
  </instance>


  <instance id="across.p.fn.755644" docsrc="FN">
    <answer instance="across.p.fn.755644" senseid="1(1)"/>
    <context>
      He scuttled <head>across</head> the rich thick carpet like a toddler , making her laugh .
    </context>
  </instance>


  <instance id="across.p.fn.755645" docsrc="FN">
    <answer instance="across.p.fn.755645" senseid="1(1)"/>
    <context>
      Can I scuttle <head>across</head> the ceiling ?
    </context>
  </instance>


  <instance id="across.p.fn.755648" docsrc="FN">
    <answer instance="across.p.fn.755648" senseid="1(1)"/>
    <context>
      The remains of a table and chair told of more ordered times , spiders were everywhere , a mouse scuttled <head>across</head> the dirt floor startling the younger children who squeaked with fear .
    </context>
  </instance>


  <instance id="across.p.fn.755658" docsrc="FN">
    <answer instance="across.p.fn.755658" senseid="1(1)"/>
    <context>
      ` I never met Barney but I caught sight of the other one once , scuttling <head>across</head> the yard like a nervous rabbit .
    </context>
  </instance>


  <instance id="across.p.fn.756070" docsrc="FN">
    <answer instance="across.p.fn.756070" senseid="1(1)"/>
    <context>
      The moon was a slender crescent , and a few tattered clouds shuffled <head>across</head> the perfect dome of blue-black sky .
    </context>
  </instance>


  <instance id="across.p.fn.756336" docsrc="FN">
    <answer instance="across.p.fn.756336" senseid="1(1)"/>
    <context>
      I skipped <head>across</head> the baking flagstones , eyes clenched against the brutal light .
    </context>
  </instance>


  <instance id="across.p.fn.756338" docsrc="FN">
    <answer instance="across.p.fn.756338" senseid="1(1)"/>
    <context>
      As she spoke the pens of the newspaper reporters seemed to take on a frantic life of their own , skipping <head>across</head> the lines of their notebooks .
    </context>
  </instance>


  <instance id="across.p.fn.756342" docsrc="FN">
    <answer instance="across.p.fn.756342" senseid="1(1)"/>
    <context>
      The shadow of our plane skipped <head>across</head> the bright sea , then flickered over the outer coral .
    </context>
  </instance>


  <instance id="across.p.fn.756546" docsrc="FN">
    <answer instance="across.p.fn.756546" senseid="1(1)"/>
    <context>
      The owners are not seeing guilty behaviour when Rover slinks <head>across</head> the floor , they are seeing the submissive behaviour Rover displays in anticipation of the aggression , however mild , the owners are about to use in attempt to reprimand him .
    </context>
  </instance>


  <instance id="across.p.fn.756723" docsrc="FN">
    <answer instance="across.p.fn.756723" senseid="1(1)"/>
    <context>
      She saw fear slither <head>across</head> his face .
    </context>
  </instance>


  <instance id="across.p.fn.756728" docsrc="FN">
    <answer instance="across.p.fn.756728" senseid="1(1)"/>
    <context>
      The moisture seeping out had streaked the hillside with a vivid green line ; just feet from me , a correspondingly green snake slithered silently <head>across</head> the wet patch .
    </context>
  </instance>


  <instance id="across.p.fn.756729" docsrc="FN">
    <answer instance="across.p.fn.756729" senseid="1(1)"/>
    <context>
      It must be windy at the top , for he could hear a large object slithering closer <head>across</head> the roof .
    </context>
  </instance>


  <instance id="across.p.fn.757218" docsrc="FN">
    <answer instance="across.p.fn.757218" senseid="1(1)"/>
    <context>
      Sneaking <head>across</head> the kitchen she made herself some bread and margarine .
    </context>
  </instance>


  <instance id="across.p.fn.757430" docsrc="FN">
    <answer instance="across.p.fn.757430" senseid="1(1)"/>
    <context>
      Like the mark of a slap , an arc of pink sprang <head>across</head> each of the boy 's whitened cheeks .
    </context>
  </instance>


  <instance id="across.p.fn.757431" docsrc="FN">
    <answer instance="across.p.fn.757431" senseid="1(1)"/>
    <context>
      Lucy screamed and tried to protect her head and face with her arms while Silas sprang <head>across</head> the room and dragged Doreen from her .
    </context>
  </instance>


  <instance id="across.p.fn.758066" docsrc="FN">
    <answer instance="across.p.fn.758066" senseid="1(1)"/>
    <context>
      She sprinted <head>across</head> the playground , hampered by her satchel and tennis racket , just as the bus was about to pull away , and leaped aboard .
    </context>
  </instance>


  <instance id="across.p.fn.758067" docsrc="FN">
    <answer instance="across.p.fn.758067" senseid="1(1)"/>
    <context>
      And then , suddenly , we all saw him , sprinting <head>across</head> the road towards us .
    </context>
  </instance>


  <instance id="across.p.fn.758369" docsrc="FN">
    <answer instance="across.p.fn.758369" senseid="1(1)"/>
    <context>
      He staggered <head>across</head> the bouncing floor to the doorway and cautiously peered out .
    </context>
  </instance>


  <instance id="across.p.fn.758373" docsrc="FN">
    <answer instance="across.p.fn.758373" senseid="1(1)"/>
    <context>
      Jamie staggered <head>across</head> the street and collapsed in a pool of blood .
    </context>
  </instance>


  <instance id="across.p.fn.758682" docsrc="FN">
    <answer instance="across.p.fn.758682" senseid="1(1)"/>
    <context>
      Stamping <head>across</head> the room , the man made as if to grab Michael 's shirt .
    </context>
  </instance>


  <instance id="across.p.fn.759136" docsrc="FN">
    <answer instance="across.p.fn.759136" senseid="1(1)"/>
    <context>
      Loneliness stole <head>across</head> him at the strangest times .
    </context>
  </instance>


  <instance id="across.p.fn.759137" docsrc="FN">
    <answer instance="across.p.fn.759137" senseid="1(1)"/>
    <context>
      A look of watchfulness stole <head>across</head> Jane Pargeter 's eyes .
    </context>
  </instance>


  <instance id="across.p.fn.759138" docsrc="FN">
    <answer instance="across.p.fn.759138" senseid="1(1)"/>
    <context>
      His mouth caught hers again , and this time the tip of his tongue stole <head>across</head> her lips .
    </context>
  </instance>


  <instance id="across.p.fn.759334" docsrc="FN">
    <answer instance="across.p.fn.759334" senseid="1(1)"/>
    <context>
      He had taken only a few steps <head>across</head> the playground when he was stopped by a rough command .
    </context>
  </instance>


  <instance id="across.p.fn.759335" docsrc="FN">
    <answer instance="across.p.fn.759335" senseid="1(1)"/>
    <context>
      This time , we succeeded and indeed met no difficulties apart from one awkward step <head>across</head> a gap just before the cairn .
    </context>
  </instance>


  <instance id="across.p.fn.759340" docsrc="FN">
    <answer instance="across.p.fn.759340" senseid="1(1)"/>
    <context>
      She took three steps <head>across</head> the nibbled grass and turned .
    </context>
  </instance>


  <instance id="across.p.fn.759342" docsrc="FN">
    <answer instance="across.p.fn.759342" senseid="1(1)"/>
    <context>
      Remember how your baby , after weeks of aimless standing around holding onto the fireguard , suddenly took five steps <head>across</head> the room when nobody was looking ?
    </context>
  </instance>


  <instance id="across.p.fn.759343" docsrc="FN">
    <answer instance="across.p.fn.759343" senseid="1(1)"/>
    <context>
      They saw three men pushing some steps <head>across</head> the tarmac .
    </context>
  </instance>


  <instance id="across.p.fn.759345" docsrc="FN">
    <answer instance="across.p.fn.759345" senseid="1(1)"/>
    <context>
      And so this is how it ends , she thought minutes later as she walked with steady steps <head>across</head> the wooden planks .
    </context>
  </instance>


  <instance id="across.p.fn.760263" docsrc="FN">
    <answer instance="across.p.fn.760263" senseid="1(1)"/>
    <context>
      He opened the door wider and hesitantly stepped <head>across</head> the threshold .
    </context>
  </instance>


  <instance id="across.p.fn.760704" docsrc="FN">
    <answer instance="across.p.fn.760704" senseid="1(1)"/>
    <context>
      They looked so filthy and disreputable that a woman walking her dog stopped to stare at them as they straggled wearily <head>across</head> the wide , almost deserted beach .
    </context>
  </instance>


  <instance id="across.p.fn.760706" docsrc="FN">
    <answer instance="across.p.fn.760706" senseid="1(1)"/>
    <context>
      The breakfast things were still on the table ; the bedclothes lay tangled on the floor ; Tessa 's clothes straggled <head>across</head> the carpet from her open suitcase .
    </context>
  </instance>


  <instance id="across.p.fn.761140" docsrc="FN">
    <answer instance="across.p.fn.761140" senseid="1(1)"/>
    <context>
      Hopefully , your loved one is still in one piece and jubilantly striding <head>across</head> Westminster Bridge at the 26.2 mile stage -- the finish .
    </context>
  </instance>


  <instance id="across.p.fn.761311" docsrc="FN">
    <answer instance="across.p.fn.761311" senseid="1(1)"/>
    <context>
      A short stroll <head>across</head> the pretty River Leven will take you into the Church where the Cook family worshipped .
    </context>
  </instance>


  <instance id="across.p.fn.761314" docsrc="FN">
    <answer instance="across.p.fn.761314" senseid="1(1)"/>
    <context>
      A stroll <head>across</head> the border into Ulster , the breakfast train to Belfast and I 'm on British soil . "
    </context>
  </instance>


  <instance id="across.p.fn.761811" docsrc="FN">
    <answer instance="across.p.fn.761811" senseid="1(1)"/>
    <context>
      Now he 'd slowed down and was strolling <head>across</head> the road towards Peter the Dutchman and the red Jag .
    </context>
  </instance>


  <instance id="across.p.fn.762074" docsrc="FN">
    <answer instance="across.p.fn.762074" senseid="1(1)"/>
    <context>
      The land is just as beautiful , and their heroes strut <head>across</head> the world , but only the stupid still feel proud .
    </context>
  </instance>


  <instance id="across.p.fn.762355" docsrc="FN">
    <answer instance="across.p.fn.762355" senseid="1(1)"/>
    <context>
      She stumbled <head>across</head> the floor to the door and kicked something .
    </context>
  </instance>


  <instance id="across.p.fn.762362" docsrc="FN">
    <answer instance="across.p.fn.762362" senseid="1(1)"/>
    <context>
      He pushed himself back up on to his feet again and started to stumble <head>across</head> the sand to the village .
    </context>
  </instance>


  <instance id="across.p.fn.762612" docsrc="FN">
    <answer instance="across.p.fn.762612" senseid="1(1)"/>
    <context>
      In a timed swim <head>across</head> Honolulu Harbour in 1911 he covered 100 yards in 55.4 seconds , shattering the existing record by 4.6 seconds .
    </context>
  </instance>


  <instance id="across.p.fn.762613" docsrc="FN">
    <answer instance="across.p.fn.762613" senseid="1(1)"/>
    <context>
      A sponsored swim at Dovercourt swimming pool is planned next month followed by a swim <head>across</head> the Stour later in the year .
    </context>
  </instance>


  <instance id="across.p.fn.762617" docsrc="FN">
    <answer instance="across.p.fn.762617" senseid="1(1)"/>
    <context>
      The event begins with a mass start swim <head>across</head> the notorious Narrows from Strangford to Portaferry .
    </context>
  </instance>


  <instance id="across.p.fn.763047" docsrc="FN">
    <answer instance="across.p.fn.763047" senseid="1(1)"/>
    <context>
      She 's swimming <head>across</head> the canal ! "
    </context>
  </instance>


  <instance id="across.p.fn.763048" docsrc="FN">
    <answer instance="across.p.fn.763048" senseid="1(1)"/>
    <context>
      When a fish swims <head>across</head> the Earth 's magnetic field , like the coils of a wire in a dynamo , tiny electric currents flow in its body .
    </context>
  </instance>


  <instance id="across.p.fn.763051" docsrc="FN">
    <answer instance="across.p.fn.763051" senseid="1(1)"/>
    <context>
      He swam <head>across</head> the lake towards the silted-up island in the middle where a pair of swans nested .
    </context>
  </instance>


  <instance id="across.p.fn.763343" docsrc="FN">
    <answer instance="across.p.fn.763343" senseid="1(1)"/>
    <context>
      She tiptoed <head>across</head> the aisle and sat down beside the motionless figure .
    </context>
  </instance>


  <instance id="across.p.fn.763344" docsrc="FN">
    <answer instance="across.p.fn.763344" senseid="1(1)"/>
    <context>
      I tiptoed <head>across</head> the floor .
    </context>
  </instance>


  <instance id="across.p.fn.763347" docsrc="FN">
    <answer instance="across.p.fn.763347" senseid="1(1)"/>
    <context>
      I would run there , tiptoe <head>across</head> the green tiles and after measurement sprint back to the changing room to put on my gym shoes .
    </context>
  </instance>


  <instance id="across.p.fn.763446" docsrc="FN">
    <answer instance="across.p.fn.763446" senseid="1(1)"/>
    <context>
      After a delightful supper we just tottered <head>across</head> the forecourt of the Savoy Grill into the Savoy Theatre -- very intimate -- and we saw a nice show .
    </context>
  </instance>


  <instance id="across.p.fn.763580" docsrc="FN">
    <answer instance="across.p.fn.763580" senseid="1(1)"/>
    <context>
      An elderly woman wrapped inside a dressing gown traipsed <head>across</head> the road : ` What 's going on ?
    </context>
  </instance>


  <instance id="across.p.fn.763660" docsrc="FN">
    <answer instance="across.p.fn.763660" senseid="1(1)"/>
    <context>
      The small groups who tramped <head>across</head> the Cairngorms with him enjoyed his wit , admired his ability and trusted his leadership .
    </context>
  </instance>


  <instance id="across.p.fn.763661" docsrc="FN">
    <answer instance="across.p.fn.763661" senseid="1(1)"/>
    <context>
      She got wearily out of the car and tramped <head>across</head> the car park to the reception lobby , where she asked the receptionist with peroxided hair if she could phone the AA .
    </context>
  </instance>


  <instance id="across.p.fn.763663" docsrc="FN">
    <answer instance="across.p.fn.763663" senseid="1(1)"/>
    <context>
      Would millions of people tramp <head>across</head> the hills to look at a twentieth century Broadway Tower ?
    </context>
  </instance>


  <instance id="across.p.fn.763665" docsrc="FN">
    <answer instance="across.p.fn.763665" senseid="1(1)"/>
    <context>
      The idea for the first excursion had flashed through his brain as he tramped <head>across</head> the middle of England from Market Harborough to Leicester on his way to attend a temperance meeting .
    </context>
  </instance>


  <instance id="across.p.fn.763667" docsrc="FN">
    <answer instance="across.p.fn.763667" senseid="1(1)"/>
    <context>
      Tom tramped <head>across</head> the yard to the back of the house and up the steps .
    </context>
  </instance>


  <instance id="across.p.fn.763987" docsrc="FN">
    <answer instance="across.p.fn.763987" senseid="1(1)"/>
    <context>
      After most peoples experiences of travelling on camels they would probably find a penny farthing easier , but Robyn Davidson trekked 1,700 miles <head>across</head> the Australian desert with two camels and a dog for company .
    </context>
  </instance>


  <instance id="across.p.fn.764644" docsrc="FN">
    <answer instance="across.p.fn.764644" senseid="1(1)"/>
    <context>
      He opened the door , and they started to troop <head>across</head> the ward to Donna 's room .
    </context>
  </instance>


  <instance id="across.p.fn.764720" docsrc="FN">
    <answer instance="across.p.fn.764720" senseid="1(1)"/>
    <context>
      A hundred yards ahead a long line of men trotted slowly <head>across</head> the scarred earth towards some shattered trees and broken walls .
    </context>
  </instance>


  <instance id="across.p.fn.781475" docsrc="FN">
    <answer instance="across.p.fn.781475" senseid="1(1)"/>
    <context>
      To their right , a train trundled <head>across</head> Hungerford Bridge .
    </context>
  </instance>


  <instance id="across.p.fn.781557" docsrc="FN">
    <answer instance="across.p.fn.781557" senseid="1(1)"/>
    <context>
      To those humans who , given mastery of space , preferred to vault <head>across</head> it than to linger in orbit and build there , Mars and its hurtling moons had been the first great benefit of the gift .
    </context>
  </instance>


  <instance id="across.p.fn.781714" docsrc="FN">
    <answer instance="across.p.fn.781714" senseid="1(1)"/>
    <context>
      She waddled cautiously <head>across</head> the living-room , glaring imperiously but ineffectively at the slopping water glasses .
    </context>
  </instance>


  <instance id="across.p.fn.781845" docsrc="FN">
    <answer instance="across.p.fn.781845" senseid="1(1)"/>
    <context>
      Dury , paralysed down his left side since contracting polio at seven , waded unsteadily <head>across</head> a floor littered with slang dictionaries and history books .
    </context>
  </instance>


  <instance id="across.p.fn.781848" docsrc="FN">
    <answer instance="across.p.fn.781848" senseid="1(1)"/>
    <context>
      Reluctantly , and without much enthusiasm , Blair clambered down the river bank and waded <head>across</head> the stream .
    </context>
  </instance>


  <instance id="across.p.fn.781922" docsrc="FN">
    <answer instance="across.p.fn.781922" senseid="1(1)"/>
    <context>
      So still in the adventurous mood of my walk <head>across</head> the field , and my fright at seeing that leg , I rang the police .
    </context>
  </instance>


  <instance id="across.p.fn.781940" docsrc="FN">
    <answer instance="across.p.fn.781940" senseid="1(1)"/>
    <context>
      A short walk <head>across</head> Magdalen bridge and you 're in Oxford East territory , not the side of the city that draws the tourists but the Oxford of the Cowley complex and council estates .
    </context>
  </instance>


  <instance id="across.p.fn.782229" docsrc="FN">
    <answer instance="across.p.fn.782229" senseid="1(1)"/>
    <context>
      " So I waltzed him <head>across</head> the road and put him in a doorway and left him for somebody else to find .
    </context>
  </instance>


  <instance id="across.p.fn.782791" docsrc="FN">
    <answer instance="across.p.fn.782791" senseid="1(1)"/>
    <context>
      She wandered <head>across</head> the concourse to the Travellers ' Fare buffet and sat warming her hands around a cup of coffee while she waited for her train to arrive .
    </context>
  </instance>


  <instance id="across.p.fn.1086180" docsrc="FN">
    <answer instance="across.p.fn.1086180" senseid="1(1)"/>
    <context>
      Trent half swam and half wriggled <head>across</head> the cockpit to unblock the drainpipes .
    </context>
  </instance>


  <instance id="across.p.fn.1086181" docsrc="FN">
    <answer instance="across.p.fn.1086181" senseid="1(1)"/>
    <context>
      To his relief she wriggled <head>across</head> the seat , leaving room for him to get in beside her .
    </context>
  </instance>


  <instance id="across.p.fn.640211" docsrc="FN">
    <answer instance="across.p.fn.640211" senseid="1(1)"/>
    <context>
      In 1913 Studd and his daughter Edith 's young fiance Alfred Buxton , a descendant of the emancipator Sir Thomas Fowell Buxton [ q.v. ] , bicycled <head>across</head> East Africa to a populous region untouched by Christianity .
    </context>
  </instance>


  <instance id="across.p.fn.641006" docsrc="FN">
    <answer instance="across.p.fn.641006" senseid="1(1)"/>
    <context>
      As she cycled <head>across</head> the Pariser Platz on the Eastern side , her shrieks of joy echoed in the huge Doric columns of the Brandenburg Gate .
    </context>
  </instance>


  <instance id="across.p.fn.644826" docsrc="FN">
    <answer instance="across.p.fn.644826" senseid="1(1)"/>
    <context>
      Two of the Moi carrying short poles followed them to a dugout canoe moored by the camp , and they paddled <head>across</head> the river to the plain on the other side .
    </context>
  </instance>


  <instance id="across.p.fn.645050" docsrc="FN">
    <answer instance="across.p.fn.645050" senseid="1(1)"/>
    <context>
      She let out her pent-up breath in a loud gasp of relief ; then she bent over the handlebars and sent the bike whizzing as fast as she could pedal it <head>across</head> the remaining hundred yards or so of field .
    </context>
  </instance>


  <instance id="across.p.fn.646555" docsrc="FN">
    <answer instance="across.p.fn.646555" senseid="1(1)"/>
    <context>
      There are too many people nowadays who think they are achieving something by changing the scenery as often as possible : hitchhiking through Europe , peddling across Asia , rowing <head>across</head> the Atlantic and so forth .
    </context>
  </instance>


  <instance id="across.p.fn.647616" docsrc="FN">
    <answer instance="across.p.fn.647616" senseid="1(1)"/>
    <context>
      A plastic Santa was sledging <head>across</head> the snow-white surface of a cake .
    </context>
  </instance>


  <instance id="across.p.fn.398700" docsrc="FN">
    <answer instance="across.p.fn.398700" senseid="1(1)"/>
    <context>
      Roman lowered himself casually into his large executive swivel-chair behind his desk , and directed a dispassionate , shuttered gaze <head>across</head> the neat expanse of tooled dark green leather .
    </context>
  </instance>


  <instance id="across.p.fn.398707" docsrc="FN">
    <answer instance="across.p.fn.398707" senseid="1(1)"/>
    <context>
      I am looking thoughtful , but she is in no mood for meaningful gazes <head>across</head> the room .
    </context>
  </instance>


  <instance id="across.p.fn.398710" docsrc="FN">
    <answer instance="across.p.fn.398710" senseid="1(1)"/>
    <context>
      Her confidence was coming back now , so that she felt able to meet his gaze <head>across</head> the width of the small table .
    </context>
  </instance>


  <instance id="across.p.fn.399199" docsrc="FN">
    <answer instance="across.p.fn.399199" senseid="1(1)"/>
    <context>
      In silence , Victoria Hamilton gazed <head>across</head> her children 's heads , thinking about their future .
    </context>
  </instance>


  <instance id="across.p.fn.399205" docsrc="FN">
    <answer instance="across.p.fn.399205" senseid="1(1)"/>
    <context>
      They stood up and gazed <head>across</head> the garden .
    </context>
  </instance>


  <instance id="across.p.fn.399227" docsrc="FN">
    <answer instance="across.p.fn.399227" senseid="1(1)"/>
    <context>
      I nodded and gazed adoringly <head>across</head> the table at those dark , passionate eyes .
    </context>
  </instance>


  <instance id="across.p.fn.847474" docsrc="FN">
    <answer instance="across.p.fn.847474" senseid="1(1)"/>
    <context>
      A quick glance <head>across</head> the Channel will confirm that AV delivers none of these .
    </context>
  </instance>


  <instance id="across.p.fn.399503" docsrc="FN">
    <answer instance="across.p.fn.399503" senseid="1(1)"/>
    <context>
      He glanced <head>across</head> he canal to the swimming animals .
    </context>
  </instance>


  <instance id="across.p.fn.399528" docsrc="FN">
    <answer instance="across.p.fn.399528" senseid="1(1)"/>
    <context>
      He glanced <head>across</head> the table , saw me smiling , interpreted my thought and gave me a slow ironic blink .
    </context>
  </instance>


  <instance id="across.p.fn.400769" docsrc="FN">
    <answer instance="across.p.fn.400769" senseid="1(1)"/>
    <context>
      He paused , gave each of them a solemn look <head>across</head> his spectacles and then went on even more deliberately , in his dry old voice .
    </context>
  </instance>


  <instance id="across.p.fn.400771" docsrc="FN">
    <answer instance="across.p.fn.400771" senseid="1(1)"/>
    <context>
      He shot her a look <head>across</head> his shoulder .
    </context>
  </instance>


  <instance id="across.p.fn.401116" docsrc="FN">
    <answer instance="across.p.fn.401116" senseid="1(1)"/>
    <context>
      Note that if we were looking <head>across</head> the board from left to right the rig would still be relatively upright , as it is being pushed well forwards thereby supplying maximum power .
    </context>
  </instance>


  <instance id="across.p.fn.404785" docsrc="FN">
    <answer instance="across.p.fn.404785" senseid="1(1)"/>
    <context>
      She stared defiantly <head>across</head> the cockpit table at me .
    </context>
  </instance>


  <instance id="across.p.fn.404801" docsrc="FN">
    <answer instance="across.p.fn.404801" senseid="1(1)"/>
    <context>
      I stared grimly <head>across</head> the room as Lorne babbled on .
    </context>
  </instance>


  <instance id="across.p.fn.405789" docsrc="FN">
    <answer instance="across.p.fn.405789" senseid="1(1)"/>
    <context>
      Viewing sunset and dawnrise skyscapes was secondary to viewing each other <head>across</head> the road .
    </context>
  </instance>


  <instance id="across.p.fn.393995" docsrc="FN">
    <answer instance="across.p.fn.393995" senseid="1(1)"/>
    <context>
      She winced in pain as she felt a shock <head>across</head> her back at the impact .
    </context>
  </instance>


  <instance id="across.p.fn.394004" docsrc="FN">
    <answer instance="across.p.fn.394004" senseid="1(1)"/>
    <context>
      Then he felt a cool draught <head>across</head> his chest and arms as the outer door opened and someone entered the bedroom .
    </context>
  </instance>


  <instance id="across.p.fn.394010" docsrc="FN">
    <answer instance="across.p.fn.394010" senseid="1(1)"/>
    <context>
      He had almost reached it when he felt a searing pain <head>across</head> the back of his neck , and realised that he had been slashed with something sharp .
    </context>
  </instance>


  <instance id="across.p.fn.397130" docsrc="FN">
    <answer instance="across.p.fn.397130" senseid="1(1)"/>
    <context>
      At the top of a wave she could easily see <head>across</head> the Longstone rock to the other side .
    </context>
  </instance>


  <instance id="across.p.fn.397134" docsrc="FN">
    <answer instance="across.p.fn.397134" senseid="1(1)"/>
    <context>
      You could n't hardly see <head>across</head> the room sometimes .
    </context>
  </instance>


  <instance id="across.p.fn.215841" docsrc="FN">
    <answer instance="across.p.fn.215841" senseid="2(2)"/>
    <context>
      Senior security sources say they are hampered in their investigations because several of those involved are thought to live <head>across</head> the border outside their jurisdiction .
    </context>
  </instance>


  <instance id="across.p.fn.215847" docsrc="FN">
    <answer instance="across.p.fn.215847" senseid="2(2)"/>
    <context>
      A few days later , a lady who lived <head>across</head> the road made the mistake of asking me what sort of bird it had been .
    </context>
  </instance>


  <instance id="across.p.fn.249064" docsrc="FN">
    <answer instance="across.p.fn.249064" senseid="2(2)"/>
    <context>
      She stopped half a dozen yards off and pushed her wet hair behind her ears and draped her arms protectively <head>across</head> her undisguised bump .
    </context>
  </instance>


  <instance id="across.p.fn.249065" docsrc="FN">
    <answer instance="across.p.fn.249065" senseid="2(2)"/>
    <context>
      They lay together for a while , half asleep , kissing now and again ; then she draped one leg <head>across</head> his hips and they began to make love languorously , without speaking .
    </context>
  </instance>


  <instance id="across.p.fn.1067663" docsrc="FN">
    <answer instance="across.p.fn.1067663" senseid="1(1)"/>
    <context>
      Here the waters are split and piled up either side of a pathway <head>across</head> the sea bed .
    </context>
  </instance>


  <instance id="across.p.fn.1067664" docsrc="FN">
    <answer instance="across.p.fn.1067664" senseid="1(1)"/>
    <context>
      Mary could see a row of white stones marking the pathway <head>across</head> the marsh .
    </context>
  </instance>


  <instance id="across.p.fn.589342" docsrc="FN">
    <answer instance="across.p.fn.589342" senseid="1(1)"/>
    <context>
      To his relief she wriggled <head>across</head> the seat , leaving room for him to get in beside her .
    </context>
  </instance>


  <instance id="across.p.fn.667645" docsrc="FN">
    <answer instance="across.p.fn.667645" senseid="1(1)"/>
    <context>
      Soon the Jacobite infantry were in full flight , with William himself leading the pursuit <head>across</head> seven miles [ 11 km ] of countryside , where many stragglers died amid the dykes and hedges , though quarter was , on his order , given to all who asked for it .
    </context>
  </instance>


  <instance id="across.p.fn.703873" docsrc="FN">
    <answer instance="across.p.fn.703873" senseid="1(1)"/>
    <context>
      We skimmed <head>across</head> the surface of that sodding lake whilst all around us gathered the dark hosts of hell .
    </context>
  </instance>


  <instance id="across.p.fn.582322" docsrc="FN">
    <answer instance="across.p.fn.582322" senseid="1(1)"/>
    <context>
      They began hauling their sleds <head>across</head> the Antarctic on November 9 .
    </context>
  </instance>


  <instance id="across.p.fn.256920" docsrc="FN">
    <answer instance="across.p.fn.256920" senseid="1(1)"/>
    <context>
      What could be the point of life without that great sweeping tail that could scatter the stars <head>across</head> the sky , without the dark rumbling tenderness when they slept together after their soaring adventures .
    </context>
  </instance>


  <instance id="across.p.fn.256921" docsrc="FN">
    <answer instance="across.p.fn.256921" senseid="1(1)"/>
    <context>
      Before drinking he fumbles with a cigarette paper , overloading it with tobacco , scattering flakes <head>across</head> the table , into the booze .
    </context>
  </instance>


  <instance id="across.p.fn.256923" docsrc="FN">
    <answer instance="across.p.fn.256923" senseid="1(1)"/>
    <context>
      He scattered his clothes <head>across</head> West London in a variety of dustbins and builder 's skips .
    </context>
  </instance>


  <instance id="across.p.fn.634390" docsrc="FN">
    <answer instance="across.p.fn.634390" senseid="1(1)"/>
    <context>
      The waiter spread a napkin <head>across</head> Flora 's knees , presented the menu .
    </context>
  </instance>


  <instance id="across.p.fn.634403" docsrc="FN">
    <answer instance="across.p.fn.634403" senseid="1(1)"/>
    <context>
      He opened the folder and spread its contents <head>across</head> the table .
    </context>
  </instance>


  <instance id="across.p.fn.591811" docsrc="FN">
    <answer instance="across.p.fn.591811" senseid="1(1)"/>
    <context>
      Over 100,000 civilians fled <head>across</head> the border .
    </context>
  </instance>


  <instance id="across.p.fn.828200" docsrc="FN">
    <answer instance="across.p.fn.828200" senseid="1(1)"/>
    <context>
      However it was to no avail : the Orcs swarmed <head>across</head> the river floating on broken timber beams and other debris .
    </context>
  </instance>


  <instance id="across.p.fn.828201" docsrc="FN">
    <answer instance="across.p.fn.828201" senseid="1(1)"/>
    <context>
      Many hundreds of rebels swarmed <head>across</head> the roof of a rose-red plate-district , heading for a tree of administrative towers .
    </context>
  </instance>


  <instance id="across.p.fn.828202" docsrc="FN">
    <answer instance="across.p.fn.828202" senseid="1(1)"/>
    <context>
      Even the birds which had swarmed <head>across</head> the sky had disappeared .
    </context>
  </instance>


  <instance id="across.p.fn.852449" docsrc="FN">
    <answer instance="across.p.fn.852449" senseid="1(1)"/>
    <context>
      Lorton passed a small brown envelope <head>across</head> the table .
    </context>
  </instance>


  <instance id="across.p.fn.846322" docsrc="FN">
    <answer instance="across.p.fn.846322" senseid="1(1)"/>
    <context>
      A fine spray of liquid mud and cow-dung showered <head>across</head> the room and , as the brooms hit the wall , ricocheted and settled on their clothes and faces .
    </context>
  </instance>


  <instance id="across.p.fn.886664" docsrc="FN">
    <answer instance="across.p.fn.886664" senseid="2(2)"/>
    <context>
      He slept alone in the big double bed , curled up in his stolen greatcoat beneath a single woollen blanket exactly like the one that was nailed <head>across</head> the window .
    </context>
  </instance>


  <instance id="across.p.fn.886665" docsrc="FN">
    <answer instance="across.p.fn.886665" senseid="2(2)"/>
    <context>
      I could see it over by the wooden boards that had been nailed <head>across</head> Quigley 's windows .
    </context>
  </instance>


  <instance id="across.p.fn.916529" docsrc="FN">
    <answer instance="across.p.fn.916529" senseid="1(1)"/>
    <context>
      Late in 1981 I travelled <head>across</head> northern China , from Peking in the east to Xian , Urumchi , Turpan and Kashgar in the west .
    </context>
  </instance>


  <instance id="across.p.fn.916530" docsrc="FN">
    <answer instance="across.p.fn.916530" senseid="1(1)"/>
    <context>
      He had travelled <head>across</head> the city from the suburbs to the apartments of the ruling elite .
    </context>
  </instance>


  <instance id="across.p.fn.915667" docsrc="FN">
    <answer instance="across.p.fn.915667" senseid="1(1)"/>
    <context>
      Last week , for example we were looking at the mind boggling distances that we encounter when we journey <head>across</head> the universe .
    </context>
  </instance>


  <instance id="across.p.fn.929972" docsrc="FN">
    <answer instance="across.p.fn.929972" senseid="1(1)"/>
    <context>
      From all my travels , and my journeys <head>across</head> the galaxies , I always return to this country , in this time zone .
    </context>
  </instance>


  <instance id="across.p.fn.929976" docsrc="FN">
    <answer instance="across.p.fn.929976" senseid="1(1)"/>
    <context>
      Follow this with a journey <head>across</head> the dusty terrain on the wild runaway Mine Train .
    </context>
  </instance>


  <instance id="across.p.fn.931224" docsrc="FN">
    <answer instance="across.p.fn.931224" senseid="1(1)"/>
    <context>
      Water was conducted into the meadow via artificially constructed channels and elaborate sluice gates and allowed to flow <head>across</head> the grass .
    </context>
  </instance>


  <instance id="across.p.fn.920437" docsrc="FN">
    <answer instance="across.p.fn.920437" senseid="1(1)"/>
    <context>
      The butter was dribbling <head>across</head> that huge mark on his cheek .
    </context>
  </instance>


  <instance id="across.p.fn.922089" docsrc="FN">
    <answer instance="across.p.fn.922089" senseid="1(1)"/>
    <context>
      The Antarctic ozone ` hole " in the stratosphere that splashed <head>across</head> the headlines in 1988 , has continued to grow and is now the size of the USA .
    </context>
  </instance>


  <instance id="across.p.fn.927949" docsrc="FN">
    <answer instance="across.p.fn.927949" senseid="1(1)"/>
    <context>
      Having swept across the Bahamas on Aug. 23 , the hurricane ravaged southern Florida in the early hours of Aug. 24 before proceeding westwards <head>across</head> the Gulf of Mexico .
    </context>
  </instance>


  <instance id="across.p.fn.928324" docsrc="FN">
    <answer instance="across.p.fn.928324" senseid="1(1)"/>
    <context>
      He was also sensible enough to realise that if he made a sexual advance to Blanche she would slap him <head>across</head> his stubbly moustache .
    </context>
  </instance>


  <instance id="across.p.fn.928327" docsrc="FN">
    <answer instance="across.p.fn.928327" senseid="1(1)"/>
    <context>
      He was walking off when I reached out , grabbed him again and slapped him <head>across</head> the head .
    </context>
  </instance>


  <instance id="across.p.fn.935432" docsrc="FN">
    <answer instance="across.p.fn.935432" senseid="1(1)"/>
    <context>
      The light from the hall spilled <head>across</head> the multi-coloured counterpane , and he laid her gently in the middle .
    </context>
  </instance>


  <instance id="across.p.fn.935772" docsrc="FN">
    <answer instance="across.p.fn.935772" senseid="1(1)"/>
    <context>
      The problem results when acid rainclouds drifting <head>across</head> moorland come into contact with the branches of conifers .
    </context>
  </instance>


  <instance id="across.p.fn.935775" docsrc="FN">
    <answer instance="across.p.fn.935775" senseid="1(1)"/>
    <context>
      One cool September Saturday , as the first snowflakes drifted quietly <head>across</head> the picture window , a white-faced , rather exhausted Isobel sat sewing in her living-room .
    </context>
  </instance>


  <instance id="across.p.fn.955817" docsrc="FN">
    <answer instance="across.p.fn.955817" senseid="1(1)"/>
    <context>
      Pink clouds with white tipped edges were gliding <head>across</head> the sky .
    </context>
  </instance>


  <instance id="across.p.fn.1074537" docsrc="FN">
    <answer instance="across.p.fn.1074537" senseid="1(1)"/>
    <context>
      Flying low <head>across</head> the track was a formation of swans -- five of them at least -- their anxious , elongated necks rigid with effort ; their great wings beating in slow motion .
    </context>
  </instance>


  <instance id="across.p.fn.976489" docsrc="FN">
    <answer instance="across.p.fn.976489" senseid="1(1)"/>
    <context>
      He headed <head>across</head> the Bayswater Road into the park at a brisk pace , knowing he could n't hope to find a pub until he reached Knightsbridge .
    </context>
  </instance>


  <instance id="across.p.fn.976495" docsrc="FN">
    <answer instance="across.p.fn.976495" senseid="1(1)"/>
    <context>
      Locking up his desk , he headed <head>across</head> the hall to Sergeant Longbright 's office .
    </context>
  </instance>


  <instance id="across.p.fn.976500" docsrc="FN">
    <answer instance="across.p.fn.976500" senseid="1(1)"/>
    <context>
      Stiffly , walking like a machine , he headed <head>across</head> town for his apartment .
    </context>
  </instance>


  <instance id="across.p.fn.981066" docsrc="FN">
    <answer instance="across.p.fn.981066" senseid="1(1)"/>
    <context>
      Anthea stalked <head>across</head> the car park of Randall Lodge like a woman with a purpose .
    </context>
  </instance>


  <instance id="across.p.fn.981067" docsrc="FN">
    <answer instance="across.p.fn.981067" senseid="1(1)"/>
    <context>
      After a moment , she spun on her heel and stalked <head>across</head> the platform to the door that led to the large communal dressing-room .
    </context>
  </instance>


  <instance id="across.p.fn.998942" docsrc="FN">
    <answer instance="across.p.fn.998942" senseid="1(1)"/>
    <context>
      I storm <head>across</head> the board and topple his bishop or something , then turn round and find he 's closed the back door .
    </context>
  </instance>


  <instance id="across.p.fn.998944" docsrc="FN">
    <answer instance="across.p.fn.998944" senseid="1(1)"/>
    <context>
      I stormed <head>across</head> the wet barren sands towards the thin line of sea on the distant horizon .
    </context>
  </instance>


  <instance id="across.p.fn.1057813" docsrc="FN">
    <answer instance="across.p.fn.1057813" senseid="1(1)"/>
    <context>
      He touched his temple with his right forefinger and Lee saw again the white scar <head>across</head> his knuckles , a remnant of pain from his childhood , still yelling .
    </context>
  </instance>


  <instance id="across.p.fn.642879" docsrc="FN">
    <answer instance="across.p.fn.642879" senseid="1(1)"/>
    <context>
      Jake ferried them <head>across</head> the ford on his cart with horse and master enjoying a paddle .
    </context>
  </instance>


  <instance id="across.p.fn.642882" docsrc="FN">
    <answer instance="across.p.fn.642882" senseid="1(1)"/>
    <context>
      Since the tragedy , the Swindon Bus Company has been ferrying the children <head>across</head> town .
    </context>
  </instance>


  <instance id="across.p.fn.437719" docsrc="FN">
    <answer instance="across.p.fn.437719" senseid="1(1)"/>
    <context>
      A beam flashed <head>across</head> the runway only a few metres away from the shuttle 's nose .
    </context>
  </instance>


  <instance id="across.p.fn.1149268" docsrc="FN">
    <answer instance="across.p.fn.1149268" senseid="1(1)"/>
    <context>
      He leaned <head>across</head> the counter .
    </context>
  </instance>


  <instance id="across.p.fn.1149278" docsrc="FN">
    <answer instance="across.p.fn.1149278" senseid="1(1)"/>
    <context>
      He leant <head>across</head> the back seat so that he could look up and see her face .
    </context>
  </instance>


  <instance id="across.p.fn.1149283" docsrc="FN">
    <answer instance="across.p.fn.1149283" senseid="1(1)"/>
    <context>
      Benjamin leaned <head>across</head> the table , ticking the points off on his long fingers .
    </context>
  </instance>


  <instance id="across.p.fn.248787" docsrc="FN">
    <answer instance="across.p.fn.248787" senseid="1(1)"/>
    <context>
      Brandon then told one of the other group : ` Order your food and leave if you do n't want trouble , or I 'll splatter your face <head>across</head> the road . "
    </context>
  </instance>


  <instance id="across.p.fn.265636" docsrc="FN">
    <answer instance="across.p.fn.265636" senseid="1(1)"/>
    <context>
      A valuable way of concealing them is to have bars , stripes or blobs of colour that appear to overflow from one section to the next , as though someone has splashed ink <head>across</head> the animal .
    </context>
  </instance>


  <instance id="across.p.fn.683441" docsrc="FN">
    <answer instance="across.p.fn.683441" senseid="1(1)"/>
    <context>
      She looked up into his face and resisted the urge to snatch the folder from his hand and strew its contents defiantly <head>across</head> the carpet .
    </context>
  </instance>


</lexelt>
