<lexelt item="after">

  <instance id="after.p.fn.606210" docsrc="FN">
    <answer instance="after.p.fn.606210" senseid="5(2)"/>
    <context>
      He was whistling to keep up his spirits , that was all , Robert said to himself as the boys clattered <head>after</head> him . 
    </context>
  </instance>


  <instance id="after.p.fn.608413" docsrc="FN">
    <answer instance="after.p.fn.608413" senseid="5(2)"/>
    <context>
      I stopped but he did n't and I wheezed <head>after</head> him . 
    </context>
  </instance>


  <instance id="after.p.fn.733267" docsrc="FN">
    <answer instance="after.p.fn.733267" senseid="5(2)"/>
    <context>
      Peter ambled <head>after</head> them and joined other fathers who would doubtless have to help with bootlaces . 
    </context>
  </instance>


  <instance id="after.p.fn.734959" docsrc="FN">
    <answer instance="after.p.fn.734959" senseid="5(2)"/>
    <context>
      It was up in an instant and capering <head>after</head> its prey like an aquatic grasshopper . 
    </context>
  </instance>


  <instance id="after.p.fn.735321" docsrc="FN">
    <answer instance="after.p.fn.735321" senseid="5(2)"/>
    <context>
      Philip crawled in <head>after</head> him and they sat close up against the side . 
    </context>
  </instance>


  <instance id="after.p.fn.651555" docsrc="FN">
    <answer instance="after.p.fn.651555" senseid="5(2)"/>
    <context>
      The Doctor gathered up his hat and umbrella and hopped down <head>after</head> them . 
    </context>
  </instance>


  <instance id="after.p.fn.748329" docsrc="FN">
    <answer instance="after.p.fn.748329" senseid="5(2)"/>
    <context>
      He has a run , Hugh Morris jogs <head>after</head> it and returns the ball to Russell . 
    </context>
  </instance>


  <instance id="after.p.fn.752303" docsrc="FN">
    <answer instance="after.p.fn.752303" senseid="5(2)"/>
    <context>
      Viol abandoned his drink and padded <head>after</head> him , twenty yards behind . 
    </context>
  </instance>


  <instance id="after.p.fn.752625" docsrc="FN">
    <answer instance="after.p.fn.752625" senseid="5(2)"/>
    <context>
      There were better things in life , for a young man like him , than plodding round London <head>after</head> a pick-pocket . 
    </context>
  </instance>


  <instance id="after.p.fn.752939" docsrc="FN">
    <answer instance="after.p.fn.752939" senseid="5(2)"/>
    <context>
      The cat prowled <head>after</head> him , padding softly through the dark grass . 
    </context>
  </instance>


  <instance id="after.p.fn.754338" docsrc="FN">
    <answer instance="after.p.fn.754338" senseid="7(3)"/>
    <context>
      When Kaye 's not rushing round <head>after</head> her children , she makes time for her hobby which is collecting 19th-century watercolours . 
    </context>
  </instance>


  <instance id="after.p.fn.754542" docsrc="FN">
    <answer instance="after.p.fn.754542" senseid="5(2)"/>
    <context>
      In sauntering <head>after</head> his cattle , he acquires a habit of indolence and at length the sale of a half-fed cow or hog , furnishes the means of adding intemperance to idleness . 
    </context>
  </instance>


  <instance id="after.p.fn.754594" docsrc="FN">
    <answer instance="after.p.fn.754594" senseid="5(2)"/>
    <context>
      She scampered down the bank <head>after</head> the dog . 
    </context>
  </instance>


  <instance id="after.p.fn.754642" docsrc="FN">
    <answer instance="after.p.fn.754642" senseid="5(2)"/>
    <context>
      Soon after our conversation was interrupted by my flailing attempts to follow Grond while Pat scampered <head>after</head> me on what appeared to be a completely different route . 
    </context>
  </instance>


  <instance id="after.p.fn.754678" docsrc="FN">
    <answer instance="after.p.fn.754678" senseid="5(2)"/>
    <context>
      Nearby ewes then ran away , followed by lambs that scampered <head>after</head> their mothers . 
    </context>
  </instance>


  <instance id="after.p.fn.754679" docsrc="FN">
    <answer instance="after.p.fn.754679" senseid="5(2)"/>
    <context>
      Robert waved them on , and they scampered <head>after</head> the rest of the class . 
    </context>
  </instance>


  <instance id="after.p.fn.755200" docsrc="FN">
    <answer instance="after.p.fn.755200" senseid="7(3)"/>
    <context>
      Either offside or obstruction , or both , could have been awarded against Wasps as they scrambled <head>after</head> the ball as the final line-out , which they lost , broke up . 
    </context>
  </instance>


  <instance id="after.p.fn.755455" docsrc="FN">
    <answer instance="after.p.fn.755455" senseid="7(3)"/>
    <context>
      Rachel was furious , scurrying <head>after</head> her tall , arrogant fiance , her wrist in his hard hand as he strode across the marble floors with a set face towards the exit on Des Voeux Road . 
    </context>
  </instance>


  <instance id="after.p.fn.755459" docsrc="FN">
    <answer instance="after.p.fn.755459" senseid="7(3)"/>
    <context>
      Sheldukher scurried <head>after</head> the others . 
    </context>
  </instance>


  <instance id="after.p.fn.755466" docsrc="FN">
    <answer instance="after.p.fn.755466" senseid="7(3)"/>
    <context>
      He caught up the skirts of his robe and scurried <head>after</head> them . 
    </context>
  </instance>


  <instance id="after.p.fn.755796" docsrc="FN">
    <answer instance="after.p.fn.755796" senseid="5(2)"/>
    <context>
      They scuttled off <head>after</head> the other boys . 
    </context>
  </instance>


  <instance id="after.p.fn.756666" docsrc="FN">
    <answer instance="after.p.fn.756666" senseid="5(2)"/>
    <context>
      Byrne slithered in <head>after</head> him . 
    </context>
  </instance>


  <instance id="after.p.fn.758052" docsrc="FN">
    <answer instance="after.p.fn.758052" senseid="7(3)"/>
    <context>
      She immediately sprinted <head>after</head> him . 
    </context>
  </instance>


  <instance id="after.p.fn.758250" docsrc="FN">
    <answer instance="after.p.fn.758250" senseid="5(2)"/>
    <context>
      He went on ahead while Willie staggered on <head>after</head> him . 
    </context>
  </instance>


  <instance id="after.p.fn.762554" docsrc="FN">
    <answer instance="after.p.fn.762554" senseid="5(2)"/>
    <context>
      The clan held back politely as he swaggered down <head>after</head> the others into the sheltered hollow . 
    </context>
  </instance>


  <instance id="after.p.fn.762576" docsrc="FN">
    <answer instance="after.p.fn.762576" senseid="5(2)"/>
    <context>
      His shadow swaggered <head>after</head> him . 
    </context>
  </instance>


  <instance id="after.p.fn.764639" docsrc="FN">
    <answer instance="after.p.fn.764639" senseid="5(2)"/>
    <context>
      We trooped <head>after</head> her , watching the sway of her buttocks through the khaki coveralls . 
    </context>
  </instance>


  <instance id="after.p.fn.764717" docsrc="FN">
    <answer instance="after.p.fn.764717" senseid="5(2)"/>
    <context>
      Did he really expect her to trot right on <head>after</head> him -- like an obedient dog or something ? 
    </context>
  </instance>


  <instance id="after.p.fn.764773" docsrc="FN">
    <answer instance="after.p.fn.764773" senseid="5(2)"/>
    <context>
      Trotting <head>after</head> her , Frankie automatically rubbed his hand on his trousers before daring to reach for the gloved hand she offered . 
    </context>
  </instance>


  <instance id="after.p.fn.781789" docsrc="FN">
    <answer instance="after.p.fn.781789" senseid="5(2)"/>
    <context>
      Melinda waded out <head>after</head> me and we climbed up one of the mooring ropes on to the deck . 
    </context>
  </instance>


  <instance id="after.p.fn.782485" docsrc="FN">
    <answer instance="after.p.fn.782485" senseid="5(2)"/>
    <context>
      Keith automatically began to turn the corner but when he saw I was carrying on to the bottom he stopped and wandered down <head>after</head> me . 
    </context>
  </instance>


  <instance id="after.p.fn.224031" docsrc="FN">
    <answer instance="after.p.fn.224031" senseid="1(1)"/>
    <context>
      Paul ( 20 ) , from Balerno , was knifed through the heart in the early hours of Saturday , February 6 <head>after</head> a night out with 18-year-old brother Peter and friend Tom Cole ( 20 ) . 
    </context>
  </instance>


  <instance id="after.p.fn.287537" docsrc="FN">
    <answer instance="after.p.fn.287537" senseid="1(1)"/>
    <context>
      He always gets like that and then he forgets <head>after</head> like a month or two when he has n't worked for him . 
    </context>
  </instance>


  <instance id="after.p.fn.292691" docsrc="FN">
    <answer instance="after.p.fn.292691" senseid="1(1)"/>
    <context>
      The matter was reported to the police , but the proceedings against the man were discontinued <head>after</head> he had been charged with kidnapping . 
    </context>
  </instance>


  <instance id="after.p.fn.578430" docsrc="FN">
    <answer instance="after.p.fn.578430" senseid="9(5)"/>
    <context>
      But the Neighbours crew dubbed me Bruiser <head>after</head> a scene in which I was supposed to hit Jason , " she said . 
    </context>
  </instance>


  <instance id="after.p.fn.579034" docsrc="FN">
    <answer instance="after.p.fn.579034" senseid="9(5)"/>
    <context>
      The culture is named <head>after</head> a village away from the lake , though the better finds have been at Sesto Calende , the town at the end of the lakebound autostrada that heads north from Milan . 
    </context>
  </instance>


  <instance id="after.p.fn.707401" docsrc="FN">
    <answer instance="after.p.fn.707401" senseid="1(1)"/>
    <context>
      His career as a Scottish International ended <head>after</head> the ill-fated Argentina campaign when he vociferously criticised the SFA 's handling of the tour and complained about the standard of accommodation . 
    </context>
  </instance>


  <instance id="after.p.fn.707418" docsrc="FN">
    <answer instance="after.p.fn.707418" senseid="1(1)"/>
    <context>
      The relationship ended <head>after</head> five years : her lover grew too tired to cope with caring for her . 
    </context>
  </instance>


  <instance id="after.p.fn.875135" docsrc="FN">
    <answer instance="after.p.fn.875135" senseid="1(1)"/>
    <context>
      Detectives arrested the suspect at his home in Toxteth <head>after</head> a lengthy cat-and-mouse game involving surveillance experts . 
    </context>
  </instance>


  <instance id="after.p.fn.875167" docsrc="FN">
    <answer instance="after.p.fn.875167" senseid="1(1)"/>
    <context>
      The assistant chief constable also said last night that police had arrested four people in Derby <head>after</head> the shooting and they were assisting detectives with their inquiries . 
    </context>
  </instance>


  <instance id="after.p.fn.796928" docsrc="FN">
    <answer instance="after.p.fn.796928" senseid="1(1)"/>
    <context>
      What happened <head>after</head> the call from Jack ? " 
    </context>
  </instance>


  <instance id="after.p.fn.796965" docsrc="FN">
    <answer instance="after.p.fn.796965" senseid="1(1)"/>
    <context>
      The shooting happened <head>after</head> the prince went in search of a dinghy taken from his yacht . 
    </context>
  </instance>


  <instance id="after.p.fn.796966" docsrc="FN">
    <answer instance="after.p.fn.796966" senseid="1(1)"/>
    <context>
      The split happened <head>after</head> a property company took over the White Hart and raised the rent from $20,000 to $37,000 a year . 
    </context>
  </instance>


  <instance id="after.p.fn.797195" docsrc="FN">
    <answer instance="after.p.fn.797195" senseid="1(1)"/>
    <context>
      A decline occurred <head>after</head> 1939 , and the post-war population never exceeded six pairs and was often less . 
    </context>
  </instance>


  <instance id="after.p.fn.806928" docsrc="FN">
    <answer instance="after.p.fn.806928" senseid="1(1)"/>
    <context>
      I usually cooked Sunday lunch <head>after</head> we got back from church . 
    </context>
  </instance>


  <instance id="after.p.fn.814387" docsrc="FN">
    <answer instance="after.p.fn.814387" senseid="1(1)"/>
    <context>
      It 's the kind of place best avoided <head>after</head> dark ; it makes me think of poor Moley , and Ratty 's warning , and that 's why I call it the Wild Wood . 
    </context>
  </instance>


  <instance id="after.p.fn.815692" docsrc="FN">
    <answer instance="after.p.fn.815692" senseid="1(1)"/>
    <context>
      Passers by have been questioned by police in an attempt to discover more about the stubbly , blotchy-faced man who who escaped in a stolen car driven by an accomplice <head>after</head> the latest robbery . 
    </context>
  </instance>


  <instance id="after.p.fn.908198" docsrc="FN">
    <answer instance="after.p.fn.908198" senseid="1(1)"/>
    <context>
      <head>After</head> a week Deborah phoned her mother in tears . 
    </context>
  </instance>


  <instance id="after.p.fn.843173" docsrc="FN">
    <answer instance="after.p.fn.843173" senseid="1(1)"/>
    <context>
      It ai n't cool to be cold when you 're trying to catch some kip <head>after</head> an energetic day 's walking . 
    </context>
  </instance>


  <instance id="after.p.fn.858066" docsrc="FN">
    <answer instance="after.p.fn.858066" senseid="1(1)-1"/>
    <context>
      CHRIS EUBANK finds himself in a predicament <head>after</head> his successful WBO super-middleweight title defence against Ohio veteran , Lindell Holmes , at Olympia , London . 
    </context>
  </instance>


  <instance id="after.p.fn.1141279" docsrc="FN">
    <answer instance="after.p.fn.1141279" senseid="6(2a)"/>
    <context>
      I shouted <head>after</head> them in hoarse astonishment . 
    </context>
  </instance>


  <instance id="after.p.fn.1141281" docsrc="FN">
    <answer instance="after.p.fn.1141281" senseid="6(2a)"/>
    <context>
      I wound down the window of the car and shouted <head>after</head> the woman , ` Kilturk ? " 
    </context>
  </instance>


  <instance id="after.p.fn.889641" docsrc="FN">
    <answer instance="after.p.fn.889641" senseid="1(1)"/>
    <context>
      STANDARDS engineer David Savage has retired <head>after</head> 11 years with BNFL at Risley . 
    </context>
  </instance>


  <instance id="after.p.fn.889702" docsrc="FN">
    <answer instance="after.p.fn.889702" senseid="1(1)"/>
    <context>
      He retired in 1971 , <head>after</head> two years as Senior Air Staff Officer at Maintenance Command . 
    </context>
  </instance>


  <instance id="after.p.fn.889863" docsrc="FN">
    <answer instance="after.p.fn.889863" senseid="1(1)-1"/>
    <context>
      The minister , who had radically restructured French research and technology , actually handed in his resignation on 2 February <head>after</head> a clash with President Francois Mitterrand -- but it only became public last week . 
    </context>
  </instance>


  <instance id="after.p.fn.890664" docsrc="FN">
    <answer instance="after.p.fn.890664" senseid="1(1)"/>
    <context>
      After only a week of filming his third American film , Kidnapped , in 1937 , he was fired by Darryl F Zanuck <head>after</head> an argument , and Zanuck saw to it that Preminger was virtually blacklisted . 
    </context>
  </instance>


  <instance id="after.p.fn.933353" docsrc="FN">
    <answer instance="after.p.fn.933353" senseid="1(1)"/>
    <context>
      <head>After</head> reflux the sample was cooled on ice and centrifuged at 1500 g for 15 minutes . 
    </context>
  </instance>


  <instance id="after.p.fn.915854" docsrc="FN">
    <answer instance="after.p.fn.915854" senseid="1(1)"/>
    <context>
      There was little reason to stay on in an empty house , Belinda decided as she covered and refrigerated the kedgeree <head>after</head> her father had left . 
    </context>
  </instance>


  <instance id="after.p.fn.1029660" docsrc="FN">
    <answer instance="after.p.fn.1029660" senseid="1(1)"/>
    <context>
      If you wish to freeze any dishes <head>after</head> you have cooked them , slightly reduce the cooking time to ensure that the food does n't overcook during reheating . 
    </context>
  </instance>


  <instance id="after.p.fn.1030069" docsrc="FN">
    <answer instance="after.p.fn.1030069" senseid="1(1)"/>
    <context>
      Sadly , <head>after</head> Hevelius 's death , the beautiful copper engraving from which the now ` obsolete " map had been printed was melted down to make a tea-kettle . 
    </context>
  </instance>


  <instance id="after.p.fn.913899" docsrc="FN">
    <answer instance="after.p.fn.913899" senseid="1(1)"/>
    <context>
      The vinyl may harden and crack <head>after</head> 10 to 15 years , but until then the bed will be just as comfortable as the day you bought it . 
    </context>
  </instance>


  <instance id="after.p.fn.914333" docsrc="FN">
    <answer instance="after.p.fn.914333" senseid="1(1)"/>
    <context>
      <head>After</head> a few seconds , he crumpled the aluminium with a sudden grip of his fist , as though he had taken an important decision . 
    </context>
  </instance>


  <instance id="after.p.fn.928578" docsrc="FN">
    <answer instance="after.p.fn.928578" senseid="5(2)"/>
    <context>
      She sidled along the drive <head>after</head> her husband and up to the front door . 
    </context>
  </instance>


  <instance id="after.p.fn.933932" docsrc="FN">
    <answer instance="after.p.fn.933932" senseid="1(1)"/>
    <context>
      If this were to be the position when goods perish <head>after</head> the risk has passed to the buyer , it would be a contradiction in terms . 
    </context>
  </instance>


  <instance id="after.p.fn.935451" docsrc="FN">
    <answer instance="after.p.fn.935451" senseid="1(1)"/>
    <context>
      <head>After</head> a while , coffee spilled from the cup onto his toes and he opened his eyes . 
    </context>
  </instance>


  <instance id="after.p.fn.935762" docsrc="FN">
    <answer instance="after.p.fn.935762" senseid="1(1)"/>
    <context>
      A Radioactive cloud that drifted across Britain <head>after</head> a fire at the Windscale nuclear factory in Cumbria in 1957 may have killed hundreds of people . 
    </context>
  </instance>


  <instance id="after.p.fn.940484" docsrc="FN">
    <answer instance="after.p.fn.940484" senseid="1(1)"/>
    <context>
      <head>After</head> they did this four more times I decided to try to outdo them , and got a sheet of glass ready . 
    </context>
  </instance>


  <instance id="after.p.fn.954700" docsrc="FN">
    <answer instance="after.p.fn.954700" senseid="1(1)"/>
    <context>
      AN Oxford student has plunged to his death <head>after</head> a late-night drink and drugs party . 
    </context>
  </instance>


  <instance id="after.p.fn.772457" docsrc="FN">
    <answer instance="after.p.fn.772457" senseid="6(2a)"/>
    <context>
      I inquired <head>after</head> my brother , Max , who had finally agreed a few months ago to work for Dad 's firm , and I established that he was in Paris for a few more days . 
    </context>
  </instance>


  <instance id="after.p.fn.772459" docsrc="FN">
    <answer instance="after.p.fn.772459" senseid="6(2a)"/>
    <context>
      I never inquired <head>after</head> Jean-Claude and I never heard from him . 
    </context>
  </instance>


  <instance id="after.p.fn.1003055" docsrc="FN">
    <answer instance="after.p.fn.1003055" senseid="7(3)"/>
    <context>
      If you 've mastered the basics of riding and are a competent rider lusting <head>after</head> some unbridled adventure , saddle up for trail riding -- a trek lasting two or three days with overnight stops . 
    </context>
  </instance>


  <instance id="after.p.fn.1003074" docsrc="FN">
    <answer instance="after.p.fn.1003074" senseid="7(3)"/>
    <context>
      He lusts <head>after</head> Fat Margot 's tits and is jealous because tonight I 'll cup them in my hands . 
    </context>
  </instance>


  <instance id="after.p.fn.1003083" docsrc="FN">
    <answer instance="after.p.fn.1003083" senseid="7(3)"/>
    <context>
      Fears were expressed by puritan divines that to thirst <head>after</head> natural knowledge was to run the risk of elevating reason at the expense of faith . 
    </context>
  </instance>


  <instance id="after.p.fn.1040299" docsrc="FN">
    <answer instance="after.p.fn.1040299" senseid="1(1)-1"/>
    <context>
      He awoke early <head>after</head> a disturbed sleep . 
    </context>
  </instance>


  <instance id="after.p.fn.1073222" docsrc="FN">
    <answer instance="after.p.fn.1073222" senseid="1(1)-1"/>
    <context>
      Both were crestfallen <head>after</head> Stevie 's erratic performance on the 17th . 
    </context>
  </instance>


  <instance id="after.p.fn.1080504" docsrc="FN">
    <answer instance="after.p.fn.1080504" senseid="1(1)-1"/>
    <context>
      The sergeant thought Blanche would be tired <head>after</head> the tension of the previous hour or two , and he expected Blanche to sit at her desk quietly for a few minutes . 
    </context>
  </instance>


  <instance id="after.p.fn.1080517" docsrc="FN">
    <answer instance="after.p.fn.1080517" senseid="1(1)-1"/>
    <context>
      ` I was pretty tired <head>after</head> the first lot , " said Catalina . 
    </context>
  </instance>


  <instance id="after.p.fn.1080724" docsrc="FN">
    <answer instance="after.p.fn.1080724" senseid="1(1)-1"/>
    <context>
      ` A man can be dead tired <head>after</head> a week 's work but he can still give his wife a helping hand . 
    </context>
  </instance>


  <instance id="after.p.fn.1080726" docsrc="FN">
    <answer instance="after.p.fn.1080726" senseid="1(1)-1"/>
    <context>
      ` I 'm still rather tired <head>after</head> the birth , " she admitted , ` but I 'm getting stronger . " 
    </context>
  </instance>


  <instance id="after.p.fn.1080728" docsrc="FN">
    <answer instance="after.p.fn.1080728" senseid="1(1)-1"/>
    <context>
      Edward Siegel , tired <head>after</head> the operation , explained to Cowley that , ` His system is basically dormant . 
    </context>
  </instance>


  <instance id="after.p.fn.1243787" docsrc="FN">
    <answer instance="after.p.fn.1243787" senseid="1(1)-1"/>
    <context>
      `` People are all tuckered out <head>after</head> the last couple of days , '' said Kevin Lawrie , a vice president at Mellon Bank in Pittsburgh .
    </context>
  </instance>


  <instance id="after.p.fn.1086577" docsrc="FN">
    <answer instance="after.p.fn.1086577" senseid="1(1)-1"/>
    <context>
      Davies left Lansdowne Road looking pensive , but alert to Australia 's dislike of Garryowens , their growing weariness <head>after</head> two years of international stress , and the disruption of losing a fourth player through injury . 
    </context>
  </instance>


  <instance id="after.p.fn.1105619" docsrc="FN">
    <answer instance="after.p.fn.1105619" senseid="1(1)-1"/>
    <context>
      ` I 'm ravenous <head>after</head> all that exercise , " he announced , allowing his glance to flicker over the hastily buttoned blouse . 
    </context>
  </instance>


  <instance id="after.p.fn.1240958" docsrc="FN">
    <answer instance="after.p.fn.1240958" senseid="1(1)"/>
    <context>
      This year 's $1.3 million advertising campaign features a young girl being resuscitated <head>after</head> a car accident involving a drink driver .
    </context>
  </instance>


  <instance id="after.p.fn.1204718" docsrc="FN">
    <answer instance="after.p.fn.1204718" senseid="1(1)"/>
    <context>
      The complete range of Dorman Long lintels are galvanised <head>after</head> fabrication ( especially at the danger points of edges , welds , and internal surfaces ) , this provides better protection against corrosion and staining .
    </context>
  </instance>


  <instance id="after.p.fn.1217086" docsrc="FN">
    <answer instance="after.p.fn.1217086" senseid="1(1)"/>
    <context>
      Remember that I had left England less than three days before this <head>after</head> an exceptionally grey and dull winter and the bright colours which typify so much Australian knitting were a delight .
    </context>
  </instance>


  <instance id="after.p.fn.733117" docsrc="FN">
    <answer instance="after.p.fn.733117" senseid="7(3)"/>
    <context>
      Betty was beginning to pine and to yearn <head>after</head> Beuno . 
    </context>
  </instance>


  <instance id="after.p.fn.733118" docsrc="FN">
    <answer instance="after.p.fn.733118" senseid="7(3)"/>
    <context>
      This was not strictly true but she was not going to give Matthew Preston the satisfaction of knowing that Jenny still yearned <head>after</head> him . 
    </context>
  </instance>


  <instance id="after.p.fn.733119" docsrc="FN">
    <answer instance="after.p.fn.733119" senseid="7(3)"/>
    <context>
      Why else should I still be yearning <head>after</head> a man whom I knew to be a murderer while shrinking from the innocent Syl whose only crime was that I found him unattractive ? 
    </context>
  </instance>


  <instance id="after.p.fn.1241408" docsrc="FN">
    <answer instance="after.p.fn.1241408" senseid="1(1)"/>
    <context>
      PRINCESS Stephanie plans to tie the knot with her former bodyguard <head>after</head> Christmas .
    </context>
  </instance>


  <instance id="after.p.fn.1242964" docsrc="FN">
    <answer instance="after.p.fn.1242964" senseid="1(1)"/>
    <context>
      Koshnick managed to get away from as many as 2,000 protesters <head>after</head> the intervention of the Croat mayor Mijo Brajkovic , EU spokesman Dragan Gasic said .
    </context>
  </instance>


  <instance id="after.p.fn.417424" docsrc="FN">
    <answer instance="after.p.fn.417424" senseid="9(5)"/>
    <context>
      In all his thirty-three years no single woman had ever addressed him <head>after</head> such a fashion , or spoken of such a delicate matter . 
    </context>
  </instance>


  <instance id="after.p.fn.1150532" docsrc="FN">
    <answer instance="after.p.fn.1150532" senseid="1(1)"/>
    <context>
      <head>After</head> a while the man stood up . 
    </context>
  </instance>


  <instance id="after.p.fn.582806" docsrc="FN">
    <answer instance="after.p.fn.582806" senseid="7(3)"/>
    <context>
      The gaunt woman hurled his plastic pistol <head>after</head> him . 
    </context>
  </instance>


  <instance id="after.p.fn.590030" docsrc="FN">
    <answer instance="after.p.fn.590030" senseid="7(3)"/>
    <context>
      The headlights went off , doors slammed , and the driver chased <head>after</head> the others , who were almost at our tents . 
    </context>
  </instance>


  <instance id="after.p.fn.590039" docsrc="FN">
    <answer instance="after.p.fn.590039" senseid="7(3)"/>
    <context>
      He wheeled around and chased <head>after</head> them . 
    </context>
  </instance>


  <instance id="after.p.fn.593372" docsrc="FN">
    <answer instance="after.p.fn.593372" senseid="5(2)"/>
    <context>
      Noreen looked to her but Carmella rose at once and followed out <head>after</head> Mick and Joey at the opposite side . 
    </context>
  </instance>


  <instance id="after.p.fn.27613" docsrc="FN">
    <answer instance="after.p.fn.27613" senseid="1(1)"/>
    <context>
      <head>After</head> the first world war , Croats , Bosnians , Serbs and Slovenes united freely . 
    </context>
  </instance>


  <instance id="after.p.fn.596969" docsrc="FN">
    <answer instance="after.p.fn.596969" senseid="5(2)"/>
    <context>
      Depressed , she finished adjusting her protective lenses and trailed <head>after</head> him , still smearing insulating oil over her face . 
    </context>
  </instance>


  <instance id="after.p.fn.596974" docsrc="FN">
    <answer instance="after.p.fn.596974" senseid="5(2)"/>
    <context>
      Half a dozen Floridians trailed <head>after</head> their leader , making the shape of a V with her at the point . 
    </context>
  </instance>


  <instance id="after.p.fn.597103" docsrc="FN">
    <answer instance="after.p.fn.597103" senseid="5(2)"/>
    <context>
      I trailed up the hill <head>after</head> the others , thinking how different she looked wearing that stiff new uniform instead of her tatty little cotton dress and gym shoes . 
    </context>
  </instance>


  <instance id="after.p.fn.597120" docsrc="FN">
    <answer instance="after.p.fn.597120" senseid="5(2)"/>
    <context>
      We had stopped trailing around <head>after</head> the men in the left , contorting ourselves in the hope of receiving some grudging crumbs of approval . 
    </context>
  </instance>


  <instance id="after.p.fn.597121" docsrc="FN">
    <answer instance="after.p.fn.597121" senseid="5(2)"/>
    <context>
      I seem to recall that that was just about my worst nightmare -- trailing around <head>after</head> a consultant who thought medical students were the lowest form of life -- which they were , of course . " 
    </context>
  </instance>


</lexelt>
