<lexelt item="beneath">

  <instance id="beneath.p.fn.607339" docsrc="FN">
    <answer instance="beneath.p.fn.607339" senseid="2(1a)"/>
    <context>
      A BOAT that can run swiftly and silently without a churning propeller has been the dream of naval commanders ever since the first submarine slid gurgling <head>beneath</head> the waves . 
    </context>
  </instance>


  <instance id="beneath.p.fn.618045" docsrc="FN">
    <answer instance="beneath.p.fn.618045" senseid="1(1)"/>
    <context>
      This is especially important when an aquifer dips <head>beneath</head> another layer that is much less permeable . 
    </context>
  </instance>


  <instance id="beneath.p.fn.618691" docsrc="FN">
    <answer instance="beneath.p.fn.618691" senseid="1(1)"/>
    <context>
      The ground dropped sharply <head>beneath</head> us as we bounced off the nearest trunk . 
    </context>
  </instance>


  <instance id="beneath.p.fn.624395" docsrc="FN">
    <answer instance="beneath.p.fn.624395" senseid="1(1)"/>
    <context>
      Where Mr Winchester 's cross-Pacific connections become less sure is when they become tangible and man-made : the optical-fibre telephone cable that snakes <head>beneath</head> the Pacific from California to Hawaii and then branches out to Japan and Guam ; the AsiaSat satellite and its fellow ` birds " , sitting on the equator to bounce across Asia the telephone calls of businessmen and the television dramas of Hollywood ; the new Boeing 747-400 , able to fly non-stop from Sydney to Los Angeles ; and , odd as it seems , the Macintosh computer . 
    </context>
  </instance>


  <instance id="beneath.p.fn.628231" docsrc="FN">
    <answer instance="beneath.p.fn.628231" senseid="1(1)"/>
    <context>
      She was eventually deposited , within a new coffin , <head>beneath</head> the altar-slab in her husband 's chantry chapel in the Abbey in 1878 . 
    </context>
  </instance>


  <instance id="beneath.p.fn.632065" docsrc="FN">
    <answer instance="beneath.p.fn.632065" senseid="1(1)"/>
    <context>
      It is only by placing the new station <head>beneath</head> the existing one that all the required rail connections can be made . 
    </context>
  </instance>


  <instance id="beneath.p.fn.635764" docsrc="FN">
    <answer instance="beneath.p.fn.635764" senseid="1(1)"/>
    <context>
      Reaching for a napkin , Ashley tucked it <head>beneath</head> Thomas 's chin . 
    </context>
  </instance>


  <instance id="beneath.p.fn.751671" docsrc="FN">
    <answer instance="beneath.p.fn.751671" senseid="1(1)"/>
    <context>
      And that night when Linnet , face to face with her own reflection in her solitary looking-glass and the stark realization of how much it had really meant to her , had been unable to sleep Tristan had walked with her for hours in the manor garden , Gemma watching them from her bedroom window as they paced <head>beneath</head> the chestnut trees , engrossed , almost entwined , like turning to like , intent wholly and exclusively upon one another . 
    </context>
  </instance>


  <instance id="beneath.p.fn.759140" docsrc="FN">
    <answer instance="beneath.p.fn.759140" senseid="2(1a)"/>
    <context>
      What was the hold he exerted over her , that could steal <head>beneath</head> her guard and leave her so vulnerable to his own undeniable brand of charm ? 
    </context>
  </instance>


  <instance id="beneath.p.fn.760284" docsrc="FN">
    <answer instance="beneath.p.fn.760284" senseid="1(1)"/>
    <context>
      Stripping off the rest of her wet clothes , she bundled them out on the landing , then irritably turned on the shower and stepped <head>beneath</head> the hot jets . 
    </context>
  </instance>


  <instance id="beneath.p.fn.760711" docsrc="FN">
    <answer instance="beneath.p.fn.760711" senseid="1(1)"/>
    <context>
      He was young , his blond hair straggling <head>beneath</head> an enormous cap , his stout body so stuffed into a French doublet that when he stood up in the stirrups ( to give himself height ) his coat bulged at the seams . 
    </context>
  </instance>


  <instance id="beneath.p.fn.761842" docsrc="FN">
    <answer instance="beneath.p.fn.761842" senseid="1(1)"/>
    <context>
      Young lovers strolled quietly <head>beneath</head> the trees , or sat together on the few wooden benches , daring to snatch the odd , discreet kiss or embrace . 
    </context>
  </instance>


  <instance id="beneath.p.fn.763078" docsrc="FN">
    <answer instance="beneath.p.fn.763078" senseid="1(1)"/>
    <context>
      The tuna fish swim <head>beneath</head> schools of dolphins , fishermen do not discriminate and scoop up the whole lot in their nets . 
    </context>
  </instance>


  <instance id="beneath.p.fn.763079" docsrc="FN">
    <answer instance="beneath.p.fn.763079" senseid="1(1)"/>
    <context>
      They swim <head>beneath</head> the surface with sharp black fins , waiting to attack . 
    </context>
  </instance>


  <instance id="beneath.p.fn.401299" docsrc="FN">
    <answer instance="beneath.p.fn.401299" senseid="3(2)"/>
    <context>
      They are searching the flat methodically , opening cushions , moving furniture , looking <head>beneath</head> the floor . 
    </context>
  </instance>


  <instance id="beneath.p.fn.1148557" docsrc="FN">
    <answer instance="beneath.p.fn.1148557" senseid="1(1)"/>
    <context>
      We huddle <head>beneath</head> the covers , but to our dismay , the one duvet is but a slim pink layer of fabric resembling a furniture cover . 
    </context>
  </instance>


  <instance id="beneath.p.fn.1148558" docsrc="FN">
    <answer instance="beneath.p.fn.1148558" senseid="1(1)"/>
    <context>
      She was still trembling half an hour later , as she huddled <head>beneath</head> a small gateway , trying to keep her footing on the wet grass of the embankment . 
    </context>
  </instance>


  <instance id="beneath.p.fn.652652" docsrc="FN">
    <answer instance="beneath.p.fn.652652" senseid="1(1)"/>
    <context>
      His arm was hurting <head>beneath</head> its bandage . 
    </context>
  </instance>


  <instance id="beneath.p.fn.1149775" docsrc="FN">
    <answer instance="beneath.p.fn.1149775" senseid="1(1)"/>
    <context>
      The dead priest 's body still sprawled <head>beneath</head> his sheet in that small white room . 
    </context>
  </instance>


  <instance id="beneath.p.fn.1248937" docsrc="FN">
    <answer instance="beneath.p.fn.1248937" senseid="1(1)"/>
    <context>
      Sugar grains crunched and gritted on the table <head>beneath</head> it .
    </context>
  </instance>


  <instance id="beneath.p.fn.1248965" docsrc="FN">
    <answer instance="beneath.p.fn.1248965" senseid="1(1)"/>
    <context>
      As she stepped , slivers of glass cracked and crunched <head>beneath</head> her feet .
    </context>
  </instance>


  <instance id="beneath.p.fn.1248967" docsrc="FN">
    <answer instance="beneath.p.fn.1248967" senseid="1(1)"/>
    <context>
      More glass covered the road ; she heard it crunching <head>beneath</head> the tyres .
    </context>
  </instance>


  <instance id="beneath.p.fn.1149921" docsrc="FN">
    <answer instance="beneath.p.fn.1149921" senseid="1(1)"/>
    <context>
      <head>Beneath</head> the boards on which the men squatted the matter froze hard and solid . 
    </context>
  </instance>


  <instance id="beneath.p.fn.394107" docsrc="FN">
    <answer instance="beneath.p.fn.394107" senseid="1(1)"/>
    <context>
      She jumped back in surprise as she felt his fingers <head>beneath</head> hers , twined around the handle . 
    </context>
  </instance>


  <instance id="beneath.p.fn.394999" docsrc="FN">
    <answer instance="beneath.p.fn.394999" senseid="1(1)"/>
    <context>
      I can feel again <head>beneath</head> my fingers the vigorous resentment of the caterpillar , the wet , leathery hydrangea leaves , and my mother 's little work-worn hand . 
    </context>
  </instance>


  <instance id="beneath.p.fn.395001" docsrc="FN">
    <answer instance="beneath.p.fn.395001" senseid="1(1)"/>
    <context>
      He found his belly seething and bubbling with movements he could feel quite clearly <head>beneath</head> his hands . 
    </context>
  </instance>


  <instance id="beneath.p.fn.375642" docsrc="FN">
    <answer instance="beneath.p.fn.375642" senseid="1(1)"/>
    <context>
      Charsky heard a strange rustling sound <head>beneath</head> him . 
    </context>
  </instance>


  <instance id="beneath.p.fn.396025" docsrc="FN">
    <answer instance="beneath.p.fn.396025" senseid="1(1)"/>
    <context>
      Only in Trnopolje and Omarska , they felt , were they beginning to see the truth <head>beneath</head> the facade of propaganda . 
    </context>
  </instance>


  <instance id="beneath.p.fn.261676" docsrc="FN">
    <answer instance="beneath.p.fn.261676" senseid="3(2)"/>
    <context>
      Suddenly Lee saw the exhaustion in the folds of skin <head>beneath</head> her mother 's eyes . 
    </context>
  </instance>


  <instance id="beneath.p.fn.437057" docsrc="FN">
    <answer instance="beneath.p.fn.437057" senseid="1(1)"/>
    <context>
      A string of multi-coloured lights gleamed <head>beneath</head> the overhanging thatch and bright yellow light was streaming from its tiny windows . 
    </context>
  </instance>


  <instance id="beneath.p.fn.437137" docsrc="FN">
    <answer instance="beneath.p.fn.437137" senseid="1(1)"/>
    <context>
      It was as though a white cloak had been thrown over the entire countryside , a cloak which gleamed <head>beneath</head> an enormous ghostly-white moon , robbing the night of its darkness . 
    </context>
  </instance>


  <instance id="beneath.p.fn.456748" docsrc="FN">
    <answer instance="beneath.p.fn.456748" senseid="3(2)"/>
    <context>
      From our campsite the route climbed above the tundra <head>beneath</head> the mighty rock cliffs of Hongu South Peak , festooned with snow and ice like feathered-icing on some gigantic cake , to the top of a lateral moraine . 
    </context>
  </instance>


  <instance id="beneath.p.fn.471570" docsrc="FN">
    <answer instance="beneath.p.fn.471570" senseid="3(2)"/>
    <context>
      We found our torches and entered the caves <head>beneath</head> the island . 
    </context>
  </instance>


  <instance id="beneath.p.fn.689294" docsrc="FN">
    <answer instance="beneath.p.fn.689294" senseid="1(1)"/>
    <context>
      Lindsey leaned forward , her fingers gently probing <head>beneath</head> the man 's jaw . 
    </context>
  </instance>


  <instance id="beneath.p.fn.689296" docsrc="FN">
    <answer instance="beneath.p.fn.689296" senseid="1(1)"/>
    <context>
      There is already evidence that mining corporations are interested in probing <head>beneath</head> the sedimentary rocks to find new deposits . 
    </context>
  </instance>


  <instance id="beneath.p.fn.809642" docsrc="FN">
    <answer instance="beneath.p.fn.809642" senseid="3(2)"/>
    <context>
      Bending double , he ducked <head>beneath</head> the window and was moving towards the door when a long man-shaped shadow moved across the bar of light thrown out onto the paved pathway . 
    </context>
  </instance>


  <instance id="beneath.p.fn.940273" docsrc="FN">
    <answer instance="beneath.p.fn.940273" senseid="1(1)"/>
    <context>
      The noise of splintering wood became more commonplace than the singing of birds as saplings and lesser trees were crushed <head>beneath</head> the weight of falling forest giants . 
    </context>
  </instance>


  <instance id="beneath.p.fn.940348" docsrc="FN">
    <answer instance="beneath.p.fn.940348" senseid="1(1)"/>
    <context>
      Dante 's sinners are buried in mud , shut up in the trunks of trees , frozen solid in blocks of ice , crushed <head>beneath</head> stones . 
    </context>
  </instance>


  <instance id="beneath.p.fn.946084" docsrc="FN">
    <answer instance="beneath.p.fn.946084" senseid="2(1a)"/>
    <context>
      It secretes a new , soft wrinkled skin <head>beneath</head> the shell . 
    </context>
  </instance>


  <instance id="beneath.p.fn.1057941" docsrc="FN">
    <answer instance="beneath.p.fn.1057941" senseid="1(1)"/>
    <context>
      He moved forward , tracing the scar <head>beneath</head> Chen 's left ear with his forefinger . 
    </context>
  </instance>


  <instance id="beneath.p.fn.1205613" docsrc="FN">
    <answer instance="beneath.p.fn.1205613" senseid="2(1a)"/>
    <context>
      The execution stake was now hidden <head>beneath</head> its wall of flame .
    </context>
  </instance>


  <instance id="beneath.p.fn.1205614" docsrc="FN">
    <answer instance="beneath.p.fn.1205614" senseid="2(1a)"/>
    <context>
      Hens and geese were picking around in two small haystacks and fleets of tiny yellow chickens were half hidden <head>beneath</head> some planking and under the foundations of some rickety sheds .
    </context>
  </instance>


  <instance id="beneath.p.fn.1205620" docsrc="FN">
    <answer instance="beneath.p.fn.1205620" senseid="2(1a)"/>
    <context>
      For the past 300 years the substantial remains of one of medieval England 's most important fortresses have lain hidden <head>beneath</head> part of the city centre .
    </context>
  </instance>


  <instance id="beneath.p.fn.1215174" docsrc="FN">
    <answer instance="beneath.p.fn.1215174" senseid="2(1a)"/>
    <context>
      It was the image of a large bulky-looking object shrouded <head>beneath</head> a groundsheet and secured with baling wire , and it was humming and humming and humming .
    </context>
  </instance>


  <instance id="beneath.p.fn.1217737" docsrc="FN">
    <answer instance="beneath.p.fn.1217737" senseid="2(1a)"/>
    <context>
      The most satisfactory arrangement is to have the cable connector concealed <head>beneath</head> a small paving slab .
    </context>
  </instance>


  <instance id="beneath.p.fn.1217748" docsrc="FN">
    <answer instance="beneath.p.fn.1217748" senseid="2(1a)"/>
    <context>
      Amazingly she found herself treated to a brief smile as Niall , hair concealed <head>beneath</head> the operating cap , glanced briefly in her direction before he bent over the unconscious man once more .
    </context>
  </instance>


  <instance id="beneath.p.fn.1217751" docsrc="FN">
    <answer instance="beneath.p.fn.1217751" senseid="2(1a)"/>
    <context>
      The actual knee is concealed <head>beneath</head> the plumage and is almost contiguous with the body .
    </context>
  </instance>


  <instance id="beneath.p.fn.1220215" docsrc="FN">
    <answer instance="beneath.p.fn.1220215" senseid="2(1a)"/>
    <context>
      Carla gave her attention to a brass bell , a crinoline lady with a clapper of dirty base metal enshrouded <head>beneath</head> the silly wide skirt .
    </context>
  </instance>


  <instance id="beneath.p.fn.786628" docsrc="FN">
    <answer instance="beneath.p.fn.786628" senseid="1(1)"/>
    <context>
      The slugs obligingly congregate <head>beneath</head> the citrus dome and can be gathered for disposal . 
    </context>
  </instance>


  <instance id="beneath.p.fn.1148653" docsrc="FN">
    <answer instance="beneath.p.fn.1148653" senseid="1(1)"/>
    <context>
      I huddled down <head>beneath</head> the parapet . 
    </context>
  </instance>


  <instance id="beneath.p.fn.585834" docsrc="FN">
    <answer instance="beneath.p.fn.585834" senseid="1(1)"/>
    <context>
      A waitress shoved a plate of cocktail bits <head>beneath</head> Joshua 's nose . 
    </context>
  </instance>


  <instance id="beneath.p.fn.586255" docsrc="FN">
    <answer instance="beneath.p.fn.586255" senseid="1(1)"/>
    <context>
      What safety they offered was debatable , but if worst came to worst he would throw himself <head>beneath</head> a car , and deny the voiders the entertainment of his slow demise . 
    </context>
  </instance>


  <instance id="beneath.p.fn.598410" docsrc="FN">
    <answer instance="beneath.p.fn.598410" senseid="2(1a)"/>
    <context>
      His eyebrows shot up till they almost disappeared <head>beneath</head> his hairline . 
    </context>
  </instance>


  <instance id="beneath.p.fn.598416" docsrc="FN">
    <answer instance="beneath.p.fn.598416" senseid="2(1a)"/>
    <context>
      Whatever disappears <head>beneath</head> the surface can no longer be seen . 
    </context>
  </instance>


  <instance id="beneath.p.fn.598417" docsrc="FN">
    <answer instance="beneath.p.fn.598417" senseid="2(1a)"/>
    <context>
      ` One of the boys was still visible when we arrived but he disappeared <head>beneath</head> the surface . " 
    </context>
  </instance>


  <instance id="beneath.p.fn.598423" docsrc="FN">
    <answer instance="beneath.p.fn.598423" senseid="2(1a)"/>
    <context>
      He stumbled then fell on to the track , his scream silenced abruptly as he disappeared <head>beneath</head> the screeching wheels . 
    </context>
  </instance>


  <instance id="beneath.p.fn.683487" docsrc="FN">
    <answer instance="beneath.p.fn.683487" senseid="1(1)"/>
    <context>
      And strew palm branches <head>beneath</head> the donkey 's hooves . 
    </context>
  </instance>


</lexelt>
