<lexelt item="beside">

  <instance id="beside.p.fn.629667" docsrc="FN">
    <answer instance="beside.p.fn.629667" senseid="1(1)"/>
    <context>
      He took out his cigarette case , laid it <head>beside</head> him . 
    </context>
  </instance>


  <instance id="beside.p.fn.629702" docsrc="FN">
    <answer instance="beside.p.fn.629702" senseid="1(1)"/>
    <context>
      Mrs Ridley settled herself in a green velvet armchair , laying her stick carefully on the floor <head>beside</head> her . 
    </context>
  </instance>


  <instance id="beside.p.fn.629705" docsrc="FN">
    <answer instance="beside.p.fn.629705" senseid="1(1)"/>
    <context>
      She lays the ashtray on the ground <head>beside</head> the bed then turns towards me , 
    </context>
  </instance>


  <instance id="beside.p.fn.734960" docsrc="FN">
    <answer instance="beside.p.fn.734960" senseid="1(1)"/>
    <context>
      But there he was , capering <head>beside</head> the ruin . 
    </context>
  </instance>


  <instance id="beside.p.fn.809907" docsrc="FN">
    <answer instance="beside.p.fn.809907" senseid="1(1)"/>
    <context>
      After telling the driver to take them to the marina , he climbed in <head>beside</head> her . 
    </context>
  </instance>


  <instance id="beside.p.fn.809909" docsrc="FN">
    <answer instance="beside.p.fn.809909" senseid="1(1)"/>
    <context>
      ` God bless you , my son , " Devlin said and climbed in <head>beside</head> him . 
    </context>
  </instance>


  <instance id="beside.p.fn.751804" docsrc="FN">
    <answer instance="beside.p.fn.751804" senseid="1(1)"/>
    <context>
      Jules paced <head>beside</head> her and said nothing at all , imagining no doubt that she was a poor little orphan . 
    </context>
  </instance>


  <instance id="beside.p.fn.756235" docsrc="FN">
    <answer instance="beside.p.fn.756235" senseid="1(1)"/>
    <context>
      She grabs a hold of my arm and skips along <head>beside</head> me . 
    </context>
  </instance>


  <instance id="beside.p.fn.756237" docsrc="FN">
    <answer instance="beside.p.fn.756237" senseid="1(1)"/>
    <context>
      He was with her now skipping along <head>beside</head> her , holding her hand , laughing and chattering , smiling at her with those winsome green eyes . 
    </context>
  </instance>


  <instance id="beside.p.fn.756238" docsrc="FN">
    <answer instance="beside.p.fn.756238" senseid="1(1)"/>
    <context>
      Ruth smiled at her son who skipped along <head>beside</head> them , swinging on Connor 's hand , while Ruth pushed the new baby in her shiny new perambulator . 
    </context>
  </instance>


  <instance id="beside.p.fn.756239" docsrc="FN">
    <answer instance="beside.p.fn.756239" senseid="1(1)"/>
    <context>
      He took Mr Hellyer 's hand and skipped happily along <head>beside</head> him . 
    </context>
  </instance>


  <instance id="beside.p.fn.756382" docsrc="FN">
    <answer instance="beside.p.fn.756382" senseid="1(1)"/>
    <context>
      But she picked the bag up and staggered along while Nick skipped <head>beside</head> her , jumping the sleepers . 
    </context>
  </instance>


  <instance id="beside.p.fn.760172" docsrc="FN">
    <answer instance="beside.p.fn.760172" senseid="1(1)"/>
    <context>
      Then , stepping up <head>beside</head> him , the Judge put up his hand and caught the rope of the alarm bell . 
    </context>
  </instance>


  <instance id="beside.p.fn.760645" docsrc="FN">
    <answer instance="beside.p.fn.760645" senseid="1(1)"/>
    <context>
      She stomped over to the window <head>beside</head> Blanche , her voice suddenly strident with anger and sadness . 
    </context>
  </instance>


  <instance id="beside.p.fn.764888" docsrc="FN">
    <answer instance="beside.p.fn.764888" senseid="1(1)"/>
    <context>
      The waitress trotting along <head>beside</head> her had seemed unsettled by the other man 's eyes . 
    </context>
  </instance>


  <instance id="beside.p.fn.781745" docsrc="FN">
    <answer instance="beside.p.fn.781745" senseid="1(1)"/>
    <context>
      As I stood on the walkway , the water level reached above my knees , and I waded along <head>beside</head> the wall in the direction of the lower door and the river . 
    </context>
  </instance>


  <instance id="beside.p.fn.1148157" docsrc="FN">
    <answer instance="beside.p.fn.1148157" senseid="1(1)"/>
    <context>
      <head>Beside</head> me crouched the provost , looking concerned . 
    </context>
  </instance>


  <instance id="beside.p.fn.1153568" docsrc="FN">
    <answer instance="beside.p.fn.1153568" senseid="1(1)"/>
    <context>
      <head>Beside</head> the fire sat Doctor Jekyll , looking white and ill . 
    </context>
  </instance>


  <instance id="beside.p.fn.1153944" docsrc="FN">
    <answer instance="beside.p.fn.1153944" senseid="1(1)"/>
    <context>
      Philip sat down <head>beside</head> him . 
    </context>
  </instance>


  <instance id="beside.p.fn.1149966" docsrc="FN">
    <answer instance="beside.p.fn.1149966" senseid="1(1)"/>
    <context>
      She switched it off and squatted <head>beside</head> the kegs to read the labels . 
    </context>
  </instance>


  <instance id="beside.p.fn.1149967" docsrc="FN">
    <answer instance="beside.p.fn.1149967" senseid="1(1)"/>
    <context>
      Oliver was on the tow-path , squatting <head>beside</head> Mr Hellyer . 
    </context>
  </instance>


  <instance id="beside.p.fn.1150320" docsrc="FN">
    <answer instance="beside.p.fn.1150320" senseid="1(1)"/>
    <context>
      Stella was standing <head>beside</head> Alexis . 
    </context>
  </instance>


  <instance id="beside.p.fn.1150322" docsrc="FN">
    <answer instance="beside.p.fn.1150322" senseid="1(1)"/>
    <context>
      There he was , standing <head>beside</head> the bed in grey trousers and a black jersey , and looking disgustingly wide-awake . 
    </context>
  </instance>


  <instance id="beside.p.fn.1150328" docsrc="FN">
    <answer instance="beside.p.fn.1150328" senseid="1(1)"/>
    <context>
      Lawton loomed up and stood <head>beside</head> him . 
    </context>
  </instance>


  <instance id="beside.p.fn.1150331" docsrc="FN">
    <answer instance="beside.p.fn.1150331" senseid="1(1)"/>
    <context>
      Emily was standing <head>beside</head> the stationary Lagonda , holding a bicycle . 
    </context>
  </instance>


  <instance id="beside.p.fn.1150335" docsrc="FN">
    <answer instance="beside.p.fn.1150335" senseid="1(1)"/>
    <context>
      Mr Allen was tactless enough to offer his opinion while standing <head>beside</head> Mr Dinkins . 
    </context>
  </instance>


  <instance id="beside.p.fn.1150339" docsrc="FN">
    <answer instance="beside.p.fn.1150339" senseid="1(1)"/>
    <context>
      One of those people who stood <head>beside</head> you and waved one of those big carpet-beater things . 
    </context>
  </instance>


  <instance id="beside.p.fn.676883" docsrc="FN">
    <answer instance="beside.p.fn.676883" senseid="1(1)"/>
    <context>
      Here there is a large hanging locker <head>beside</head> the vanity with two drawers underneath . 
    </context>
  </instance>


  <instance id="beside.p.fn.474986" docsrc="FN">
    <answer instance="beside.p.fn.474986" senseid="1(1)"/>
    <context>
      Paul bit his lip as he jogged at his father 's shoulder along a trail that wound through fringes of jungle <head>beside</head> the La Nga River . 
    </context>
  </instance>


  <instance id="beside.p.fn.580210" docsrc="FN">
    <answer instance="beside.p.fn.580210" senseid="1(1)"/>
    <context>
      It was a command , not a suggestion , and , though she resented being ordered about , she crossed and knelt <head>beside</head> him . 
    </context>
  </instance>


  <instance id="beside.p.fn.580290" docsrc="FN">
    <answer instance="beside.p.fn.580290" senseid="1(1)"/>
    <context>
      Deciding that attack was the best form of defence , I knelt <head>beside</head> him and lowering my head to within inches of his , said , ` Next time , It 'll be the bread knife . " 
    </context>
  </instance>


  <instance id="beside.p.fn.711966" docsrc="FN">
    <answer instance="beside.p.fn.711966" senseid="1(1)"/>
    <context>
      Everything in the house froze solid -- the water in the kettle , even my false teeth in a cup <head>beside</head> my bed . 
    </context>
  </instance>


  <instance id="beside.p.fn.785208" docsrc="FN">
    <answer instance="beside.p.fn.785208" senseid="1(1)"/>
    <context>
      It was he who created the Saturday market and built the church of St Margaret <head>beside</head> it , just before the end of the eleventh century . 
    </context>
  </instance>


  <instance id="beside.p.fn.372436" docsrc="FN">
    <answer instance="beside.p.fn.372436" senseid="1(1)"/>
    <context>
      She sat back on the sofa and motioned him <head>beside</head> her . 
    </context>
  </instance>


  <instance id="beside.p.fn.928595" docsrc="FN">
    <answer instance="beside.p.fn.928595" senseid="1(1)"/>
    <context>
      Crilly sidles in <head>beside</head> me with two double shots of Jameson 's . 
    </context>
  </instance>


  <instance id="beside.p.fn.1057787" docsrc="FN">
    <answer instance="beside.p.fn.1057787" senseid="1(1)"/>
    <context>
      If Bootsy had a chin , it was not much in evidence and Matthew could see two distinct pimples <head>beside</head> his nose . 
    </context>
  </instance>


  <instance id="beside.p.fn.1249957" docsrc="FN">
    <answer instance="beside.p.fn.1249957" senseid="1(1)"/>
    <context>
      Suddenly Clare jumped up , leaving his bucket to be kicked over by the cow , went quickly towards her , and , kneeling down <head>beside</head> her , took her in his arms .
    </context>
  </instance>


  <instance id="beside.p.fn.1249960" docsrc="FN">
    <answer instance="beside.p.fn.1249960" senseid="1(1)"/>
    <context>
      Rourke knelt down <head>beside</head> her and said softly , ` Forget about the police .
    </context>
  </instance>


  <instance id="beside.p.fn.1249964" docsrc="FN">
    <answer instance="beside.p.fn.1249964" senseid="1(1)"/>
    <context>
      Travis watched her for a second , then eased off his load and knelt down <head>beside</head> her .
    </context>
  </instance>


  <instance id="beside.p.fn.1249965" docsrc="FN">
    <answer instance="beside.p.fn.1249965" senseid="1(1)"/>
    <context>
      The crowd parted and an English doctor stepped over the warning wire and knelt down <head>beside</head> the man .
    </context>
  </instance>


  <instance id="beside.p.fn.1249967" docsrc="FN">
    <answer instance="beside.p.fn.1249967" senseid="1(1)"/>
    <context>
      Sendei knelt down <head>beside</head> her as she fiddled about inside the hatch .
    </context>
  </instance>


  <instance id="beside.p.fn.1249969" docsrc="FN">
    <answer instance="beside.p.fn.1249969" senseid="1(1)"/>
    <context>
      Cornelius lowered Tuppe to the floor and knelt down <head>beside</head> him .
    </context>
  </instance>


  <instance id="beside.p.fn.1249974" docsrc="FN">
    <answer instance="beside.p.fn.1249974" senseid="1(1)"/>
    <context>
      Philip knelt down <head>beside</head> him .
    </context>
  </instance>


  <instance id="beside.p.fn.1250017" docsrc="FN">
    <answer instance="beside.p.fn.1250017" senseid="1(1)"/>
    <context>
      ` Gran ! " she whispered , and knelt down <head>beside</head> her , squeezing her hand .
    </context>
  </instance>


  <instance id="beside.p.fn.1250021" docsrc="FN">
    <answer instance="beside.p.fn.1250021" senseid="1(1)"/>
    <context>
      ` Best get out of them wet things , " he said , kneeling down <head>beside</head> him , ` so 's I can dry them for tomorrow . "
    </context>
  </instance>


  <instance id="beside.p.fn.1250027" docsrc="FN">
    <answer instance="beside.p.fn.1250027" senseid="1(1)"/>
    <context>
      Corbett dug out his long Welsh dagger , knelt down <head>beside</head> the grave and prised open the lid .
    </context>
  </instance>


  <instance id="beside.p.fn.1250034" docsrc="FN">
    <answer instance="beside.p.fn.1250034" senseid="1(1)"/>
    <context>
      Several miles away in Queen Margaret Drive , a BBC technician knelt down <head>beside</head> a music stand and gently pulled a strip of card aside revealing some names and numbers .
    </context>
  </instance>


  <instance id="beside.p.fn.1250046" docsrc="FN">
    <answer instance="beside.p.fn.1250046" senseid="1(1)"/>
    <context>
      Shiona took her hands in hers and knelt down <head>beside</head> her .
    </context>
  </instance>


  <instance id="beside.p.fn.1250155" docsrc="FN">
    <answer instance="beside.p.fn.1250155" senseid="1(1)"/>
    <context>
      In absolute terror , I lay down <head>beside</head> him .
    </context>
  </instance>


  <instance id="beside.p.fn.1250157" docsrc="FN">
    <answer instance="beside.p.fn.1250157" senseid="1(1)"/>
    <context>
      Cleo lay down <head>beside</head> the dog , resting her cheek on one hand .
    </context>
  </instance>


  <instance id="beside.p.fn.1250178" docsrc="FN">
    <answer instance="beside.p.fn.1250178" senseid="1(1)"/>
    <context>
      Then he undressed and lay down <head>beside</head> her and took her in his arms .
    </context>
  </instance>


  <instance id="beside.p.fn.1250205" docsrc="FN">
    <answer instance="beside.p.fn.1250205" senseid="1(1)"/>
    <context>
      I lay down <head>beside</head> him and thought about sharing my ideas with him .
    </context>
  </instance>


  <instance id="beside.p.fn.1153588" docsrc="FN">
    <answer instance="beside.p.fn.1153588" senseid="1(1)"/>
    <context>
      Everyone began to tell her that the shortest day had been passed and Fred sat down <head>beside</head> Anne . 
    </context>
  </instance>


  <instance id="beside.p.fn.1153898" docsrc="FN">
    <answer instance="beside.p.fn.1153898" senseid="1(1)"/>
    <context>
      Joyce sits up in the bed <head>beside</head> me . 
    </context>
  </instance>


  <instance id="beside.p.fn.1149962" docsrc="FN">
    <answer instance="beside.p.fn.1149962" senseid="1(1)"/>
    <context>
      Hardly glancing at Berowne 's body Dalgliesh picked his way across the carpet to Harry Mack and squatted <head>beside</head> him . 
    </context>
  </instance>


  <instance id="beside.p.fn.1150066" docsrc="FN">
    <answer instance="beside.p.fn.1150066" senseid="1(1)"/>
    <context>
      She went over to the fire and squatted down <head>beside</head> the twins , warming her hands and bare feet . 
    </context>
  </instance>


  <instance id="beside.p.fn.1150075" docsrc="FN">
    <answer instance="beside.p.fn.1150075" senseid="1(1)"/>
    <context>
      He squatted down <head>beside</head> her and took one of her hands in his and waited for her to go on . 
    </context>
  </instance>


  <instance id="beside.p.fn.1148288" docsrc="FN">
    <answer instance="beside.p.fn.1148288" senseid="1(1)"/>
    <context>
      Benedicta rose and crouched <head>beside</head> her , stroking her hands gently . 
    </context>
  </instance>


  <instance id="beside.p.fn.1148289" docsrc="FN">
    <answer instance="beside.p.fn.1148289" senseid="1(1)"/>
    <context>
      He hurried over to where Ngune lay and crouched anxiously <head>beside</head> him , horrified at the sight of Ngune 's discoloured , swollen face . 
    </context>
  </instance>


  <instance id="beside.p.fn.1148293" docsrc="FN">
    <answer instance="beside.p.fn.1148293" senseid="1(1)"/>
    <context>
      George stopped and Libby crouched <head>beside</head> him , waiting until her eyes saw the figure by the tree . 
    </context>
  </instance>


  <instance id="beside.p.fn.1148428" docsrc="FN">
    <answer instance="beside.p.fn.1148428" senseid="1(1)"/>
    <context>
      He crouched down <head>beside</head> her and put his hand lightly on her shoulder . 
    </context>
  </instance>


  <instance id="beside.p.fn.1248512" docsrc="FN">
    <answer instance="beside.p.fn.1248512" senseid="1(1)"/>
    <context>
      Chamlong , seated <head>beside</head> Suchinda , appealed to protestors to refrain from violence .
    </context>
  </instance>


</lexelt>
