<lexelt item="behind">

  <instance id="behind.p.fn.340898" docsrc="FN">
    <answer instance="behind.p.fn.340898" senseid="5(3)"/>
    <context>
      Why he chose to throw his weight <head>behind</head> a man who stood such a slender chance remains unclear . 
    </context>
  </instance>


  <instance id="behind.p.fn.601860" docsrc="FN">
    <answer instance="behind.p.fn.601860" senseid="1(1)"/>
    <context>
      He had withdrawn <head>behind</head> his shield of mysterious self-possession . 
    </context>
  </instance>


  <instance id="behind.p.fn.608145" docsrc="FN">
    <answer instance="behind.p.fn.608145" senseid="1(1)"/>
    <context>
      He turned as he heard the door swish shut <head>behind</head> her . 
    </context>
  </instance>


  <instance id="behind.p.fn.618022" docsrc="FN">
    <answer instance="behind.p.fn.618022" senseid="1(1)"/>
    <context>
      The sun was already dipping <head>behind</head> the evening clouds and the colours and fun had disappeared . 
    </context>
  </instance>


  <instance id="behind.p.fn.618666" docsrc="FN">
    <answer instance="behind.p.fn.618666" senseid="1(1)"/>
    <context>
      The land drops <head>behind</head> him . " 
    </context>
  </instance>


  <instance id="behind.p.fn.623466" docsrc="FN">
    <answer instance="behind.p.fn.623466" senseid="1(1)"/>
    <context>
      These bare poles are all that remains of the jungle that the lake drowned as the waters rose <head>behind</head> the dam . 
    </context>
  </instance>


  <instance id="behind.p.fn.659763" docsrc="FN">
    <answer instance="behind.p.fn.659763" senseid="1(1)"/>
    <context>
      They stowed Tal <head>behind</head> their seats , with her bag and all the other stuff that had accumulated there . 
    </context>
  </instance>


  <instance id="behind.p.fn.734930" docsrc="FN">
    <answer instance="behind.p.fn.734930" senseid="1(1)"/>
    <context>
      He cantered <head>behind</head> the tower . 
    </context>
  </instance>


  <instance id="behind.p.fn.810199" docsrc="FN">
    <answer instance="behind.p.fn.810199" senseid="1(1)"/>
    <context>
      Vitor climbed <head>behind</head> the wheel . 
    </context>
  </instance>


  <instance id="behind.p.fn.810200" docsrc="FN">
    <answer instance="behind.p.fn.810200" senseid="1(1)"/>
    <context>
      With the fifth in my pocket , I went back outside , climbed <head>behind</head> the wheel and rolled away from the kerb . 
    </context>
  </instance>


  <instance id="behind.p.fn.735527" docsrc="FN">
    <answer instance="behind.p.fn.735527" senseid="1(1)"/>
    <context>
      Hunt 's boots were in front of him and he could hear Byrne crawling <head>behind</head> him . 
    </context>
  </instance>


  <instance id="behind.p.fn.735528" docsrc="FN">
    <answer instance="behind.p.fn.735528" senseid="1(1)"/>
    <context>
      Christina crawled <head>behind</head> one of the gaudily painted island buses for most of the journey , waving at several giggling little girls , their pig-tailed hair bouncing on pristine white uniform blouses . 
    </context>
  </instance>


  <instance id="behind.p.fn.735943" docsrc="FN">
    <answer instance="behind.p.fn.735943" senseid="4(2a)"/>
    <context>
      Cecil crept up <head>behind</head> Sam and poked him with his over-sized weapon . 
    </context>
  </instance>


  <instance id="behind.p.fn.736702" docsrc="FN">
    <answer instance="behind.p.fn.736702" senseid="1(1)"/>
    <context>
      The demon danced back <head>behind</head> Rose 's eyes . 
    </context>
  </instance>


  <instance id="behind.p.fn.736962" docsrc="FN">
    <answer instance="behind.p.fn.736962" senseid="1(1)"/>
    <context>
      Sullivan registered the figure and darted <head>behind</head> the curtains . 
    </context>
  </instance>


  <instance id="behind.p.fn.738271" docsrc="FN">
    <answer instance="behind.p.fn.738271" senseid="1(1)"/>
    <context>
      I hobbled <head>behind</head> . 
    </context>
  </instance>


  <instance id="behind.p.fn.749937" docsrc="FN">
    <answer instance="behind.p.fn.749937" senseid="3(2)"/>
    <context>
      Fiver and Pipkin , limping <head>behind</head> the others , and conspicuously under-sized and tired , were being attacked by the crow . 
    </context>
  </instance>


  <instance id="behind.p.fn.750172" docsrc="FN">
    <answer instance="behind.p.fn.750172" senseid="3(2)"/>
    <context>
      The rambling voice got lost in a maze of tenses as Twoflower ran along the dead tunnels , with the dragon loping along easily <head>behind</head> him . 
    </context>
  </instance>


  <instance id="behind.p.fn.750197" docsrc="FN">
    <answer instance="behind.p.fn.750197" senseid="3(2)"/>
    <context>
      <head>Behind</head> his horse a dog loped obediently . 
    </context>
  </instance>


  <instance id="behind.p.fn.750209" docsrc="FN">
    <answer instance="behind.p.fn.750209" senseid="3(2)"/>
    <context>
      But as she loped reluctantly <head>behind</head> Spittals onto the raised podium , shielding her eyes from the scorching white of the television lights , aware of an expectant murmur from faces she could not see , her lips were set in a pout of discontent . 
    </context>
  </instance>


  <instance id="behind.p.fn.750898" docsrc="FN">
    <answer instance="behind.p.fn.750898" senseid="3(2)"/>
    <context>
      Oliver marched grimly along <head>behind</head> her . 
    </context>
  </instance>


  <instance id="behind.p.fn.751197" docsrc="FN">
    <answer instance="behind.p.fn.751197" senseid="3(2)"/>
    <context>
      <head>Behind</head> the cadets marched three hundred uniformed women soldiers of the army . 
    </context>
  </instance>


  <instance id="behind.p.fn.751244" docsrc="FN">
    <answer instance="behind.p.fn.751244" senseid="3(2)"/>
    <context>
      ` Clumsy sod , " he said when he got up shaking his fist at Gordon with the big feet who was marching <head>behind</head> him . 
    </context>
  </instance>


  <instance id="behind.p.fn.751245" docsrc="FN">
    <answer instance="behind.p.fn.751245" senseid="3(2)"/>
    <context>
      Two guards marched in front of him , and two guards marched <head>behind</head> him . 
    </context>
  </instance>


  <instance id="behind.p.fn.751667" docsrc="FN">
    <answer instance="behind.p.fn.751667" senseid="3(2)"/>
    <context>
      Richie glanced over his shoulder at the young PC pacing <head>behind</head> them . 
    </context>
  </instance>


  <instance id="behind.p.fn.752004" docsrc="FN">
    <answer instance="behind.p.fn.752004" senseid="1(1)"/>
    <context>
      She seemed , to Tammuz , quite agitated , pacing up and down <head>behind</head> her desk , swishing around in a long , belted gown . 
    </context>
  </instance>


  <instance id="behind.p.fn.752049" docsrc="FN">
    <answer instance="behind.p.fn.752049" senseid="1(1)"/>
    <context>
      He paced around <head>behind</head> his desk , running his hand through his hair , uncertain of exactly what he was going to do . 
    </context>
  </instance>


  <instance id="behind.p.fn.752211" docsrc="FN">
    <answer instance="behind.p.fn.752211" senseid="3(2)"/>
    <context>
      Two huge gaolers , with the bodies of apes and the faces of cruel mastiffs , padded silently <head>behind</head> them . 
    </context>
  </instance>


  <instance id="behind.p.fn.752406" docsrc="FN">
    <answer instance="behind.p.fn.752406" senseid="3(2)"/>
    <context>
      We were walking up the road from the hotel when a young man padded up <head>behind</head> us and greeted us in English . 
    </context>
  </instance>


  <instance id="behind.p.fn.753757" docsrc="FN">
    <answer instance="behind.p.fn.753757" senseid="1(1)"/>
    <context>
      Seeing Felix resignedly pick up his towel and bathing suit , Mabs and Tashie rushed <head>behind</head> a rock to change ; Joyce was already in her swimsuit , prancing on long legs , showing her teeth . 
    </context>
  </instance>


  <instance id="behind.p.fn.755396" docsrc="FN">
    <answer instance="behind.p.fn.755396" senseid="1(1)"/>
    <context>
      She glimpsed the shell of one of the creatures scurrying <head>behind</head> a line of rocks . 
    </context>
  </instance>


  <instance id="behind.p.fn.755659" docsrc="FN">
    <answer instance="behind.p.fn.755659" senseid="1(1)"/>
    <context>
      Had she scuttled <head>behind</head> it ? she wondered , as she filled her brush with colour . 
    </context>
  </instance>


  <instance id="behind.p.fn.755660" docsrc="FN">
    <answer instance="behind.p.fn.755660" senseid="1(1)"/>
    <context>
      He scuttled <head>behind</head> the nearest tank and watched Fakrid and Jinkwa 's predictable reaction to the latest development with amusement . 
    </context>
  </instance>


  <instance id="behind.p.fn.756249" docsrc="FN">
    <answer instance="behind.p.fn.756249" senseid="1(1)"/>
    <context>
      The black girl laughed and skipped away <head>behind</head> the curtain which led to the interior of the City of Dreams . 
    </context>
  </instance>


  <instance id="behind.p.fn.756448" docsrc="FN">
    <answer instance="behind.p.fn.756448" senseid="1(1)"/>
    <context>
      people who had made him skulk <head>behind</head> trees until they had passed . 
    </context>
  </instance>


  <instance id="behind.p.fn.760162" docsrc="FN">
    <answer instance="behind.p.fn.760162" senseid="3(2)"/>
    <context>
      Manville jabbed his knuckles in the man 's back as he stepped up <head>behind</head> him . 
    </context>
  </instance>


  <instance id="behind.p.fn.760274" docsrc="FN">
    <answer instance="behind.p.fn.760274" senseid="1(1)"/>
    <context>
      He reached for her and she stepped nimbly <head>behind</head> a chair . 
    </context>
  </instance>


  <instance id="behind.p.fn.760277" docsrc="FN">
    <answer instance="behind.p.fn.760277" senseid="3(2)"/>
    <context>
      He pushed his hands in his pockets and stepped a little <head>behind</head> her as she strode . 
    </context>
  </instance>


  <instance id="behind.p.fn.760278" docsrc="FN">
    <answer instance="behind.p.fn.760278" senseid="1(1)"/>
    <context>
      To complete her feeling of helplessness , he gagged her with a wide strip of thick linen , and stepped <head>behind</head> her out of sight . 
    </context>
  </instance>


  <instance id="behind.p.fn.760709" docsrc="FN">
    <answer instance="behind.p.fn.760709" senseid="3(2)"/>
    <context>
      Straggling <head>behind</head> her was a small child , about four or five , O could n't see what sex the child was . 
    </context>
  </instance>


  <instance id="behind.p.fn.760710" docsrc="FN">
    <answer instance="behind.p.fn.760710" senseid="3(2)"/>
    <context>
      On the way the children straggled <head>behind</head> them or dived down lanes where archways blocked out the steadily mounting sun . 
    </context>
  </instance>


  <instance id="behind.p.fn.761149" docsrc="FN">
    <answer instance="behind.p.fn.761149" senseid="3(2)"/>
    <context>
      Gunter Schmidt strode <head>behind</head> her , tall , white-haired , elegant . 
    </context>
  </instance>


  <instance id="behind.p.fn.762568" docsrc="FN">
    <answer instance="behind.p.fn.762568" senseid="1(1)"/>
    <context>
      At that moment Dexter swaggered up <head>behind</head> the constable to find out what was happening . 
    </context>
  </instance>


  <instance id="behind.p.fn.763447" docsrc="FN">
    <answer instance="behind.p.fn.763447" senseid="3(2)"/>
    <context>
      Charlotte came forward to greet Ruth , little Enoch at fourteen months tottering unsteadily <head>behind</head> her . 
    </context>
  </instance>


  <instance id="behind.p.fn.763617" docsrc="FN">
    <answer instance="behind.p.fn.763617" senseid="3(2)"/>
    <context>
      When a larger group came tramping in <head>behind</head> a piper , Cameron and Menzies recognized some stalwarts from Foss on Tummel . 
    </context>
  </instance>


  <instance id="behind.p.fn.763641" docsrc="FN">
    <answer instance="behind.p.fn.763641" senseid="3(2)"/>
    <context>
      <head>Behind</head> them tramp the children like miniature adults , small hoes sticking out of their bundles . 
    </context>
  </instance>


  <instance id="behind.p.fn.763669" docsrc="FN">
    <answer instance="behind.p.fn.763669" senseid="3(2)"/>
    <context>
      As he tramped <head>behind</head> the horses , he spoke to them constantly , in a caressing tone . 
    </context>
  </instance>


  <instance id="behind.p.fn.764711" docsrc="FN">
    <answer instance="behind.p.fn.764711" senseid="3(2)"/>
    <context>
      They would curse their lack of height as they pranced round because the tallest Girls were always chosen as ` drivers " and simply trotted <head>behind</head> . 
    </context>
  </instance>


  <instance id="behind.p.fn.765112" docsrc="FN">
    <answer instance="behind.p.fn.765112" senseid="3(2)"/>
    <context>
      She trudged slowly <head>behind</head> Evelyn , who took the cloth and started to rub out the first word with painstaking precision . 
    </context>
  </instance>


  <instance id="behind.p.fn.781478" docsrc="FN">
    <answer instance="behind.p.fn.781478" senseid="3(2)"/>
    <context>
      Thus it was that Rincewind , hurrying through the crowded , flare-lit evening bazaars of Morpork with the Luggage trundling <head>behind</head> him , jostled a tall dark figure , turned to deliver a few suitable curses , and beheld Death . 
    </context>
  </instance>


  <instance id="behind.p.fn.781993" docsrc="FN">
    <answer instance="behind.p.fn.781993" senseid="1(1)"/>
    <context>
      Lady Eleanor replied she was going for a walk <head>behind</head> the church . " 
    </context>
  </instance>


  <instance id="behind.p.fn.641162" docsrc="FN">
    <answer instance="behind.p.fn.641162" senseid="3(2)"/>
    <context>
      Well , I cycled up quite slowly <head>behind</head> him and then I stopped with my feet on the ground and felt for the gun . 
    </context>
  </instance>


  <instance id="behind.p.fn.647896" docsrc="FN">
    <answer instance="behind.p.fn.647896" senseid="3(2)"/>
    <context>
      Hoffmann landed prettily -- he was getting to like this machine -- and taxied <head>behind</head> a small truck in which an airman held up a board reading FOLLOW ME , until they got to a Heinkel 111 whose propellers were already spinning . 
    </context>
  </instance>


  <instance id="behind.p.fn.847511" docsrc="FN">
    <answer instance="behind.p.fn.847511" senseid="4(2a)"/>
    <context>
      Crouched down beside it , Delaney took another searching glance <head>behind</head> him , at the lifeless , cluttered room . 
    </context>
  </instance>


  <instance id="behind.p.fn.399615" docsrc="FN">
    <answer instance="behind.p.fn.399615" senseid="4(2a)"/>
    <context>
      The young man glanced <head>behind</head> himself dubiously , into the interior . 
    </context>
  </instance>


  <instance id="behind.p.fn.399617" docsrc="FN">
    <answer instance="behind.p.fn.399617" senseid="1(1)"/>
    <context>
      Madge glanced <head>behind</head> Lily to see that the dressing room door was shut . 
    </context>
  </instance>


  <instance id="behind.p.fn.400887" docsrc="FN">
    <answer instance="behind.p.fn.400887" senseid="4(2a)"/>
    <context>
      From his expression there was not much chance of speaking to him at all and she cast a wary look <head>behind</head> her to the door . 
    </context>
  </instance>


  <instance id="behind.p.fn.400897" docsrc="FN">
    <answer instance="behind.p.fn.400897" senseid="4(2a)"/>
    <context>
      A quick anxious look <head>behind</head> her and she found what she was looking for . 
    </context>
  </instance>


  <instance id="behind.p.fn.401246" docsrc="FN">
    <answer instance="behind.p.fn.401246" senseid="4(2a)"/>
    <context>
      Grace looked quickly <head>behind</head> her , and saw the people on the rock . 
    </context>
  </instance>


  <instance id="behind.p.fn.403240" docsrc="FN">
    <answer instance="behind.p.fn.403240" senseid="1(1)"/>
    <context>
      Edna wont be letting viewers peep <head>behind</head> HER lace curtains . 
    </context>
  </instance>


  <instance id="behind.p.fn.1148273" docsrc="FN">
    <answer instance="behind.p.fn.1148273" senseid="1(1)"/>
    <context>
      The Palestinian gunmen crouching <head>behind</head> the sand embankment across Boulevard Ariss went on watching the Syrian tanks , ignoring the sound . 
    </context>
  </instance>


  <instance id="behind.p.fn.1148968" docsrc="FN">
    <answer instance="behind.p.fn.1148968" senseid="1(1)"/>
    <context>
      Small took the wheel of a dilapidated pick-up , while two men knelt <head>behind</head> the cab with shotguns . 
    </context>
  </instance>


  <instance id="behind.p.fn.1152139" docsrc="FN">
    <answer instance="behind.p.fn.1152139" senseid="1(1)"/>
    <context>
      When Topaz had first seen the two men riding close to where she was lying <head>behind</head> some rocks , the idea of appropriating one of the horses had n't occurred to her . 
    </context>
  </instance>


  <instance id="behind.p.fn.1149949" docsrc="FN">
    <answer instance="behind.p.fn.1149949" senseid="1(1)"/>
    <context>
      I had fallen asleep , squatting <head>behind</head> a buttress of the church of St Nicholas long after curfew , my lips blue , my teeth chattering with the cold . 
    </context>
  </instance>


  <instance id="behind.p.fn.1149952" docsrc="FN">
    <answer instance="behind.p.fn.1149952" senseid="1(1)"/>
    <context>
      While his retainers squatted noiselessly <head>behind</head> him , the Tominah advanced to the edge of a rock overlooking the pool by about six feet , closed his eyes and opened his betel-nut-rouged mouth . 
    </context>
  </instance>


  <instance id="behind.p.fn.1149954" docsrc="FN">
    <answer instance="behind.p.fn.1149954" senseid="1(1)"/>
    <context>
      One helper ( the tallest ) should squat <head>behind</head> the person and raise their shoulders slightly . 
    </context>
  </instance>


  <instance id="behind.p.fn.1150302" docsrc="FN">
    <answer instance="behind.p.fn.1150302" senseid="1(1)"/>
    <context>
      Mr Evans stood <head>behind</head> the counter and read the letter and Albert and Carrie watched him . 
    </context>
  </instance>


  <instance id="behind.p.fn.1150305" docsrc="FN">
    <answer instance="behind.p.fn.1150305" senseid="1(1)"/>
    <context>
      I stood <head>behind</head> her and , when she said the word , helped her to heave the load from the ground . 
    </context>
  </instance>


  <instance id="behind.p.fn.1150316" docsrc="FN">
    <answer instance="behind.p.fn.1150316" senseid="1(1)"/>
    <context>
      He lifted out a white silk blouse trimmed with fine lace , felt the fabric and handed it to the sales assistant who stood <head>behind</head> them . 
    </context>
  </instance>


  <instance id="behind.p.fn.1249413" docsrc="FN">
    <answer instance="behind.p.fn.1249413" senseid="1(1)"/>
    <context>
      He went forward , trees whispering <head>behind</head> him , the face with its knotted eyes lurching in his arms .
    </context>
  </instance>


  <instance id="behind.p.fn.394073" docsrc="FN">
    <answer instance="behind.p.fn.394073" senseid="1(1)"/>
    <context>
      Ted Parsons had got ashore , but when lying rock-still he felt a gun <head>behind</head> his ear and was captured . 
    </context>
  </instance>


  <instance id="behind.p.fn.394082" docsrc="FN">
    <answer instance="behind.p.fn.394082" senseid="1(1)"/>
    <context>
      Yes , thought Dyson , at that I can feel a pricking <head>behind</head> the lids of my eyes ! 
    </context>
  </instance>


  <instance id="behind.p.fn.395991" docsrc="FN">
    <answer instance="behind.p.fn.395991" senseid="1(1)"/>
    <context>
      She came through the front door of the shop and was a little surprised at not seeing her husband <head>behind</head> the counter . 
    </context>
  </instance>


  <instance id="behind.p.fn.397000" docsrc="FN">
    <answer instance="behind.p.fn.397000" senseid="1(1)"/>
    <context>
      Through the window he could see over grey slate roofs across the bay to Newlyn , a mound of little houses <head>behind</head> its quays and boats and sheds . 
    </context>
  </instance>


  <instance id="behind.p.fn.397180" docsrc="FN">
    <answer instance="behind.p.fn.397180" senseid="1(1)"/>
    <context>
      Then a distorted voice began speaking , his silhouette vaguely seen <head>behind</head> the milky glass . 
    </context>
  </instance>


  <instance id="behind.p.fn.397182" docsrc="FN">
    <answer instance="behind.p.fn.397182" senseid="4(2a)"/>
    <context>
      Then they were gone , and he craned back to see <head>behind</head> him , to see if they were following . 
    </context>
  </instance>


  <instance id="behind.p.fn.396674" docsrc="FN">
    <answer instance="behind.p.fn.396674" senseid="1(1)"/>
    <context>
      Throughout their journey they had felt little of the uneasy fear that smells danger <head>behind</head> every bush but despite the weariness that dulled their senses these half-seen forms of rock among the trees seemed now to imply a threatening human presence . 
    </context>
  </instance>


  <instance id="behind.p.fn.207285" docsrc="FN">
    <answer instance="behind.p.fn.207285" senseid="1(1)"/>
    <context>
      As they left the confines of the city and started on the long straight empty road to Samana , the sun was glowing ruby-red <head>behind</head> the dark wooded hills , the sky translucent delicate silk . 
    </context>
  </instance>


  <instance id="behind.p.fn.207321" docsrc="FN">
    <answer instance="behind.p.fn.207321" senseid="1(1)"/>
    <context>
      He walked to the old-fashioned kitchen range , where red-hot coals glowed <head>behind</head> the bars of the grate . 
    </context>
  </instance>


  <instance id="behind.p.fn.237941" docsrc="FN">
    <answer instance="behind.p.fn.237941" senseid="1(1)"/>
    <context>
      At the same time the defender raises his knee and pulls the attacker 's extended punch aim , using that arm as a support to strike <head>behind</head> the attacker 's kneecap with his foot . 
    </context>
  </instance>


  <instance id="behind.p.fn.240613" docsrc="FN">
    <answer instance="behind.p.fn.240613" senseid="1(1)"/>
    <context>
      But he 'll be caged <head>behind</head> bars like everyone else " . 
    </context>
  </instance>


  <instance id="behind.p.fn.241378" docsrc="FN">
    <answer instance="behind.p.fn.241378" senseid="1(1)"/>
    <context>
      Her father , a greengrocer , had stabled the pony <head>behind</head> the shop in the middle of town , fed it on sprouts and boiled potatoes and encouraged Nutty to turn it into a show-jumper . 
    </context>
  </instance>


  <instance id="behind.p.fn.440896" docsrc="FN">
    <answer instance="behind.p.fn.440896" senseid="1(1)"/>
    <context>
      She lay on the bed and pulled the coverlet up over herself and the golden Satan shone <head>behind</head> her closed eyes . 
    </context>
  </instance>


  <instance id="behind.p.fn.450330" docsrc="FN">
    <answer instance="behind.p.fn.450330" senseid="1(1)"/>
    <context>
      On another day we climbed up the hill <head>behind</head> the cottage , a craggy natural fortress where Iron Age remains of habitation can still be seen , to look back from two hundred feet up . 
    </context>
  </instance>


  <instance id="behind.p.fn.474146" docsrc="FN">
    <answer instance="behind.p.fn.474146" senseid="1(1)"/>
    <context>
      It is often cold on the moors <head>behind</head> Haworth , and the winds blow all winter . 
    </context>
  </instance>


  <instance id="behind.p.fn.470895" docsrc="FN">
    <answer instance="behind.p.fn.470895" senseid="1(1)"/>
    <context>
      He pointed to a cliff <head>behind</head> the waterfall . 
    </context>
  </instance>


  <instance id="behind.p.fn.1063718" docsrc="FN">
    <answer instance="behind.p.fn.1063718" senseid="1(1)"/>
    <context>
      Eventually they pulled into the lane <head>behind</head> the house . 
    </context>
  </instance>


  <instance id="behind.p.fn.707747" docsrc="FN">
    <answer instance="behind.p.fn.707747" senseid="1(1)"/>
    <context>
      She slammed the door at once , even though it cut off the light from the hall , and ran into the dark , still hauling Anna <head>behind</head> her . 
    </context>
  </instance>


  <instance id="behind.p.fn.809631" docsrc="FN">
    <answer instance="behind.p.fn.809631" senseid="1(1)"/>
    <context>
      Maxim ducked <head>behind</head> the first man who was hauling back his breath in short gasps . 
    </context>
  </instance>


  <instance id="behind.p.fn.809636" docsrc="FN">
    <answer instance="behind.p.fn.809636" senseid="1(1)"/>
    <context>
      Ace drew her Browning and fired at Mait , but he had ducked <head>behind</head> the wall of the sedan chair and the bullets ricocheted off what could only be metal . 
    </context>
  </instance>


  <instance id="behind.p.fn.919964" docsrc="FN">
    <answer instance="behind.p.fn.919964" senseid="1(1)"/>
    <context>
      ` Sounds reasonable , " said Paul , putting his thumbs <head>behind</head> his wide red braces , ` but of course that would n't work . " 
    </context>
  </instance>


  <instance id="behind.p.fn.919966" docsrc="FN">
    <answer instance="behind.p.fn.919966" senseid="1(1)"/>
    <context>
      I could put all that fear <head>behind</head> me now and get going again . 
    </context>
  </instance>


  <instance id="behind.p.fn.920211" docsrc="FN">
    <answer instance="behind.p.fn.920211" senseid="1(1)"/>
    <context>
      The family of murdered heiress Janie Shepherd are celebrating tonight after waiting 13 years to see her killer put <head>behind</head> bars . 
    </context>
  </instance>


  <instance id="behind.p.fn.862861" docsrc="FN">
    <answer instance="behind.p.fn.862861" senseid="1(1)"/>
    <context>
      His gloved hands were handcuffed <head>behind</head> his back . 
    </context>
  </instance>


  <instance id="behind.p.fn.928611" docsrc="FN">
    <answer instance="behind.p.fn.928611" senseid="1(1)"/>
    <context>
      Tavalouze sidled up <head>behind</head> him and said in a low voice , ` Remove your hood , the veil . 
    </context>
  </instance>


  <instance id="behind.p.fn.975507" docsrc="FN">
    <answer instance="behind.p.fn.975507" senseid="1(1)"/>
    <context>
      While , <head>behind</head> her , on silent feet , a dark man with hooded eyes stalked her . 
    </context>
  </instance>


  <instance id="behind.p.fn.981060" docsrc="FN">
    <answer instance="behind.p.fn.981060" senseid="1(1)"/>
    <context>
      ` I 'll get undressed , " she muttered and stalked off <head>behind</head> a bush . 
    </context>
  </instance>


  <instance id="behind.p.fn.1092308" docsrc="FN">
    <answer instance="behind.p.fn.1092308" senseid="4(2a)"/>
    <context>
      Dalziel and Pascoe looked at each other for a long moment after the door had slammed <head>behind</head> Evans . 
    </context>
  </instance>


  <instance id="behind.p.fn.1092376" docsrc="FN">
    <answer instance="behind.p.fn.1092376" senseid="4(2a)"/>
    <context>
      When the great gate of Newgate slammed <head>behind</head> them , Cranston leaned against it , gasping for clean air , his great body quivering like a beached whale 's . 
    </context>
  </instance>


  <instance id="behind.p.fn.1092377" docsrc="FN">
    <answer instance="behind.p.fn.1092377" senseid="4(2a)"/>
    <context>
      We heard it slam <head>behind</head> us and the key turn in the lock . 
    </context>
  </instance>


  <instance id="behind.p.fn.1231528" docsrc="FN">
    <answer instance="behind.p.fn.1231528" senseid="5(3)"/>
    <context>
      She 'd never really understood the meaning <head>behind</head> the adage -- until now .
    </context>
  </instance>


  <instance id="behind.p.fn.1171181" docsrc="FN">
    <answer instance="behind.p.fn.1171181" senseid="1(1)"/>
    <context>
      ` He broke a man 's arm a year ago , snapped it like a dried twig <head>behind</head> his back . 
    </context>
  </instance>


  <instance id="behind.p.fn.1205591" docsrc="FN">
    <answer instance="behind.p.fn.1205591" senseid="1(1)"/>
    <context>
      I could not see him well ; he was mainly hidden <head>behind</head> trees , and motionless .
    </context>
  </instance>


  <instance id="behind.p.fn.1205596" docsrc="FN">
    <answer instance="behind.p.fn.1205596" senseid="1(1)"/>
    <context>
      The third was the communal gardens , hidden <head>behind</head> the housing facades , green oases growing vegetables , fruit trees , herbs and flowers .
    </context>
  </instance>


  <instance id="behind.p.fn.1205598" docsrc="FN">
    <answer instance="behind.p.fn.1205598" senseid="1(1)"/>
    <context>
      For years it was hidden <head>behind</head> other trees and rhododendron bushes .
    </context>
  </instance>


  <instance id="behind.p.fn.1205599" docsrc="FN">
    <answer instance="behind.p.fn.1205599" senseid="1(1)"/>
    <context>
      One conclusive test was conducted by an American bishop , suspicious that there might be a ventriloquist hidden <head>behind</head> a curtain .
    </context>
  </instance>


  <instance id="behind.p.fn.1205602" docsrc="FN">
    <answer instance="behind.p.fn.1205602" senseid="1(1)"/>
    <context>
      Colloquially known as la piscine , so named after the nearby disused les Tourelles swimming pool , the complex of modern and antiquated buildings was hidden <head>behind</head> an eighteen-foot high wall .
    </context>
  </instance>


  <instance id="behind.p.fn.1205412" docsrc="FN">
    <answer instance="behind.p.fn.1205412" senseid="1(1)"/>
    <context>
      As Sara leaned over the gate , a slight figure who had been obscured <head>behind</head> them began walking towards her along the hedge .
    </context>
  </instance>


  <instance id="behind.p.fn.1205413" docsrc="FN">
    <answer instance="behind.p.fn.1205413" senseid="1(1)"/>
    <context>
      It was dark on the river , the moon obscured <head>behind</head> the Wall 's north-western edge .
    </context>
  </instance>


  <instance id="behind.p.fn.1205414" docsrc="FN">
    <answer instance="behind.p.fn.1205414" senseid="1(1)"/>
    <context>
      The sun was low by now , obscured <head>behind</head> the wattle of leafless branches , and the air had a chilly edge .
    </context>
  </instance>


  <instance id="behind.p.fn.1217726" docsrc="FN">
    <answer instance="behind.p.fn.1217726" senseid="1(1)"/>
    <context>
      A small green bulb concealed <head>behind</head> the panel flashed on momentarily .
    </context>
  </instance>


  <instance id="behind.p.fn.1217728" docsrc="FN">
    <answer instance="behind.p.fn.1217728" senseid="1(1)"/>
    <context>
      In England it lies concealed <head>behind</head> Tescos and the shopping mall .
    </context>
  </instance>


  <instance id="behind.p.fn.1217858" docsrc="FN">
    <answer instance="behind.p.fn.1217858" senseid="1(1)"/>
    <context>
      Otto 's house was now concealed from view <head>behind</head> groves of sombre cypresses .
    </context>
  </instance>


  <instance id="behind.p.fn.1148270" docsrc="FN">
    <answer instance="behind.p.fn.1148270" senseid="1(1)"/>
    <context>
      He crouched <head>behind</head> the mother to squirt milk into the bottle . 
    </context>
  </instance>


  <instance id="behind.p.fn.770736" docsrc="FN">
    <answer instance="behind.p.fn.770736" senseid="3(2)"/>
    <context>
      He heard the Medjay come up <head>behind</head> him . 
    </context>
  </instance>


  <instance id="behind.p.fn.1248383" docsrc="FN">
    <answer instance="behind.p.fn.1248383" senseid="1(1)"/>
    <context>
      There was a man seated <head>behind</head> the desk reading a book .
    </context>
  </instance>


  <instance id="behind.p.fn.1248394" docsrc="FN">
    <answer instance="behind.p.fn.1248394" senseid="1(1)"/>
    <context>
      He hobbled through the first available door , which was marked Adjutant General , and saw a red-faced major seated <head>behind</head> the desk .
    </context>
  </instance>


  <instance id="behind.p.fn.1248423" docsrc="FN">
    <answer instance="behind.p.fn.1248423" senseid="1(1)"/>
    <context>
      Mr Bush , the young headmaster of the village school , was seated <head>behind</head> the pulpit at the organ .
    </context>
  </instance>


  <instance id="behind.p.fn.584498" docsrc="FN">
    <answer instance="behind.p.fn.584498" senseid="4(2a)"/>
    <context>
      Staring at him in confusion , she hauled herself upright in the bed and pushed the pillow <head>behind</head> her . 
    </context>
  </instance>


  <instance id="behind.p.fn.584506" docsrc="FN">
    <answer instance="behind.p.fn.584506" senseid="4(2a)"/>
    <context>
      She pushed a chair <head>behind</head> him and he dropped on to it , sitting forward , gripping the sideboard . 
    </context>
  </instance>


  <instance id="behind.p.fn.585857" docsrc="FN">
    <answer instance="behind.p.fn.585857" senseid="1(1)"/>
    <context>
      She reached the house , ran into the front room and shoved the suitcase <head>behind</head> a big , glass case that had a capercailzie in it . 
    </context>
  </instance>


  <instance id="behind.p.fn.1249534" docsrc="FN">
    <answer instance="behind.p.fn.1249534" senseid="1(1)"/>
    <context>
      There was a loud clack <head>behind</head> him as one of the players hurled the white down the table , scattering the colours .
    </context>
  </instance>


  <instance id="behind.p.fn.592966" docsrc="FN">
    <answer instance="behind.p.fn.592966" senseid="3(2)"/>
    <context>
      He was following <head>behind</head> her , and Ronni could feel his annoyance growing . 
    </context>
  </instance>


  <instance id="behind.p.fn.592977" docsrc="FN">
    <answer instance="behind.p.fn.592977" senseid="3(2)"/>
    <context>
      The shelling and mortaring was still intense as I followed <head>behind</head> the medics . 
    </context>
  </instance>


  <instance id="behind.p.fn.596832" docsrc="FN">
    <answer instance="behind.p.fn.596832" senseid="3(2)"/>
    <context>
      He looked up as Marion , Conroy still clutched to her side , came out through the doors from the stage , some of the others trailing <head>behind</head> her . 
    </context>
  </instance>


  <instance id="behind.p.fn.596835" docsrc="FN">
    <answer instance="behind.p.fn.596835" senseid="3(2)"/>
    <context>
      I trailed <head>behind</head> him . 
    </context>
  </instance>


  <instance id="behind.p.fn.596840" docsrc="FN">
    <answer instance="behind.p.fn.596840" senseid="3(2)"/>
    <context>
      Reluctantly , Lou dragged herself upright and trailed <head>behind</head> Melissa . 
    </context>
  </instance>


  <instance id="behind.p.fn.596905" docsrc="FN">
    <answer instance="behind.p.fn.596905" senseid="3(2)"/>
    <context>
      Maxim trailed into the room <head>behind</head> him , vaguely looking for a fresh drink and finding Ages instead , who had been more than vaguely looking for him . 
    </context>
  </instance>


  <instance id="behind.p.fn.597116" docsrc="FN">
    <answer instance="behind.p.fn.597116" senseid="3(2)"/>
    <context>
      He trailed along <head>behind</head> her through the sand dunes , along the edge of the tidal salt marsh . 
    </context>
  </instance>


  <instance id="behind.p.fn.597118" docsrc="FN">
    <answer instance="behind.p.fn.597118" senseid="3(2)"/>
    <context>
      Harry trailed along <head>behind</head> Ockleton , bemused as he always was by beeswaxed pews and glittering plate in what experience had taught him was an irreligious world . 
    </context>
  </instance>


  <instance id="behind.p.fn.597180" docsrc="FN">
    <answer instance="behind.p.fn.597180" senseid="3(2)"/>
    <context>
      ` Even a blind man could see that I hold all the cards in this situation , " he told her flatly as she trailed slowly and miserably into the room <head>behind</head> him . 
    </context>
  </instance>


  <instance id="behind.p.fn.598385" docsrc="FN">
    <answer instance="behind.p.fn.598385" senseid="1(1)"/>
    <context>
      The sun had disappeared <head>behind</head> swollen grey clouds which threatened a rougher crossing back to the island than the trip earlier on . 
    </context>
  </instance>


  <instance id="behind.p.fn.600406" docsrc="FN">
    <answer instance="behind.p.fn.600406" senseid="1(1)"/>
    <context>
      Then they , too , retreated <head>behind</head> the altar screen with a last puff of smoke and the chanting came to an end . 
    </context>
  </instance>


  <instance id="behind.p.fn.600412" docsrc="FN">
    <answer instance="behind.p.fn.600412" senseid="1(1)"/>
    <context>
      His eyes flickered momentarily , then he retreated <head>behind</head> a withdrawn expression which gave absolutely nothing away . 
    </context>
  </instance>


  <instance id="behind.p.fn.600413" docsrc="FN">
    <answer instance="behind.p.fn.600413" senseid="1(1)"/>
    <context>
      Mr Mullen 's face seemed to darken and swell , and Anna retreated <head>behind</head> Jimmy . 
    </context>
  </instance>


  <instance id="behind.p.fn.600421" docsrc="FN">
    <answer instance="behind.p.fn.600421" senseid="1(1)"/>
    <context>
      Constable Quince had retreated <head>behind</head> a stack of deckchairs and extinguished his cigarette . 
    </context>
  </instance>


  <instance id="behind.p.fn.601397" docsrc="FN">
    <answer instance="behind.p.fn.601397" senseid="1(1)"/>
    <context>
      Then he waved , and vanished <head>behind</head> the black glass . 
    </context>
  </instance>


  <instance id="behind.p.fn.601399" docsrc="FN">
    <answer instance="behind.p.fn.601399" senseid="1(1)"/>
    <context>
      ` You English , " she said , and vanished <head>behind</head> the screen . 
    </context>
  </instance>


</lexelt>
