<lexelt item="before">

  <instance id="before.p.fn.629649" docsrc="FN">
    <answer instance="before.p.fn.629649" senseid="2(2)"/>
    <context>
      ` Why , thank you ! " she exclaimed as he laid the plate <head>before</head> her . 
    </context>
  </instance>


  <instance id="before.p.fn.752504" docsrc="FN">
    <answer instance="before.p.fn.752504" senseid="2(2)"/>
    <context>
      I parade <head>before</head> him naked , but all he does is tinker with the television buttons . 
    </context>
  </instance>


  <instance id="before.p.fn.756309" docsrc="FN">
    <answer instance="before.p.fn.756309" senseid="2(2)"/>
    <context>
      Ingrid watched her , as she skipped lightly <head>before</head> her eager audience and gave a little half curtsy . 
    </context>
  </instance>


  <instance id="before.p.fn.764087" docsrc="FN">
    <answer instance="before.p.fn.764087" senseid="1(1)"/>
    <context>
      This was about the only use for insect repellent , as the mosquitoes seemed to have become hardened to the hundreds of tourists who had trekked through <head>before</head> us . 
    </context>
  </instance>


  <instance id="before.p.fn.1152807" docsrc="FN">
    <answer instance="before.p.fn.1152807" senseid="2(2)"/>
    <context>
      As she knelt there , with Fand lying quietly <head>before</head> her on the beach , nothing else seemed to matter much . 
    </context>
  </instance>


  <instance id="before.p.fn.1150281" docsrc="FN">
    <answer instance="before.p.fn.1150281" senseid="2(2)"/>
    <context>
      Sufficiently stoned but not unreasonably so , we stand <head>before</head> the bathroom mirror , marvelling at the crisp clean surfaces of ourselves and one another . 
    </context>
  </instance>


  <instance id="before.p.fn.187124" docsrc="FN">
    <answer instance="before.p.fn.187124" senseid="1(1)"/>
    <context>
      Ralph Glaber may thus be correct in referring to hostilities <head>before</head> 1026 . 
    </context>
  </instance>


  <instance id="before.p.fn.949461" docsrc="FN">
    <answer instance="before.p.fn.949461" senseid="3(2a)"/>
    <context>
      He was arraigned on eight counts of treason <head>before</head> Sir Travers Humphreys [ q.v. ] at the Old Bailey on 28 November 1945 . 
    </context>
  </instance>


  <instance id="before.p.fn.249014" docsrc="FN">
    <answer instance="before.p.fn.249014" senseid="1(1)"/>
    <context>
      The brassicas are susceptible to a fungus disease called finger and toe , particularly in acid soil , and , if sown <head>before</head> mid-May , are liable to mildew . 
    </context>
  </instance>


  <instance id="before.p.fn.255784" docsrc="FN">
    <answer instance="before.p.fn.255784" senseid="1(1)"/>
    <context>
      Sinn Fein plans to host a reception for the US visitors <head>before</head> the afternoon talks . 
    </context>
  </instance>


  <instance id="before.p.fn.435874" docsrc="FN">
    <answer instance="before.p.fn.435874" senseid="1(1)"/>
    <context>
      Sinn Fein plans to host a reception for the US visitors <head>before</head> the afternoon talks . 
    </context>
  </instance>


  <instance id="before.p.fn.184899" docsrc="FN">
    <answer instance="before.p.fn.184899" senseid="2(2)"/>
    <context>
      For although executions <head>before</head> English crowds ended in 1868 , it was not until 1939 that France decided to follow suit and withdraw the scaffold behind prison walls . 
    </context>
  </instance>


  <instance id="before.p.fn.816505" docsrc="FN">
    <answer instance="before.p.fn.816505" senseid="1(1)"/>
    <context>
      The weekend <head>before</head> your birthday . 
    </context>
  </instance>


  <instance id="before.p.fn.580277" docsrc="FN">
    <answer instance="before.p.fn.580277" senseid="2(2)"/>
    <context>
      And out of the crowd came this man who knelt <head>before</head> Jesus and pleaded for mercy for his son , an epileptic , who suffered terribly , was a danger to himself and to others . 
    </context>
  </instance>


  <instance id="before.p.fn.810689" docsrc="FN">
    <answer instance="before.p.fn.810689" senseid="1(1)"/>
    <context>
      In the decade <head>before</head> the war , Jewish settlement in the East End led to some involvement in the London underworld on the part of the Jewish population . 
    </context>
  </instance>


  <instance id="before.p.fn.674820" docsrc="FN">
    <answer instance="before.p.fn.674820" senseid="1(1)"/>
    <context>
      Toast the oatmeal under a medium grill <head>before</head> use . 
    </context>
  </instance>


  <instance id="before.p.fn.707863" docsrc="FN">
    <answer instance="before.p.fn.707863" senseid="3(2a)"/>
    <context>
      ` I got hauled up <head>before</head> the chief psychiatrist because of the champagne that was flowing . " 
    </context>
  </instance>


  <instance id="before.p.fn.796982" docsrc="FN">
    <answer instance="before.p.fn.796982" senseid="1(1)"/>
    <context>
      It happened <head>before</head> her mother 's death , when she was staying two weeks in the villa with her father . 
    </context>
  </instance>


  <instance id="before.p.fn.801763" docsrc="FN">
    <answer instance="before.p.fn.801763" senseid="2(2)"/>
    <context>
      He unzipped his fly and peed <head>before</head> their very eyes . 
    </context>
  </instance>


  <instance id="before.p.fn.814260" docsrc="FN">
    <answer instance="before.p.fn.814260" senseid="1(1)"/>
    <context>
      It was months ago and Ben had insisted on going into Pugh 's , though they had always avoided the shop <head>before</head> . 
    </context>
  </instance>


  <instance id="before.p.fn.815814" docsrc="FN">
    <answer instance="before.p.fn.815814" senseid="1(1)"/>
    <context>
      Seven people managed to escape <head>before</head> emergency crews arrived . 
    </context>
  </instance>


  <instance id="before.p.fn.664521" docsrc="FN">
    <answer instance="before.p.fn.664521" senseid="1(1)"/>
    <context>
      In the end the one certainty is that the fox hunting debate will be aired in the council chamber again <head>before</head> very long 
    </context>
  </instance>


  <instance id="before.p.fn.818986" docsrc="FN">
    <answer instance="before.p.fn.818986" senseid="2(2)"/>
    <context>
      On the far side , he lay flat against the hill and watched as jolly old St Nicholas attempted to calm a ululating infant by seesawing a vermilion plastic pony <head>before</head> its horrified eyes . 
    </context>
  </instance>


  <instance id="before.p.fn.831515" docsrc="FN">
    <answer instance="before.p.fn.831515" senseid="1(1)"/>
    <context>
      In such a case , the tube must be rotated <head>before</head> the elastic sail tensioner is stretched into position in the nock slot . 
    </context>
  </instance>


  <instance id="before.p.fn.825706" docsrc="FN">
    <answer instance="before.p.fn.825706" senseid="1(1)"/>
    <context>
      ` And <head>before</head> I go tomorrow we 'll compose a joint letter to the two of them , pointing out how well we get on without them and urging them not to hurry back . 
    </context>
  </instance>


  <instance id="before.p.fn.825739" docsrc="FN">
    <answer instance="before.p.fn.825739" senseid="1(1)"/>
    <context>
      Stravinsky had started composing Les Noces <head>before</head> 1913 and often played it toDiaghilev , gradually simplifying his ideas until it became the present cantata for voices , four pianos and percussion . 
    </context>
  </instance>


  <instance id="before.p.fn.1058992" docsrc="FN">
    <answer instance="before.p.fn.1058992" senseid="1(1)"/>
    <context>
      ` Then the lion looked up and said ` I do n't know about you , mate , but I 'm saying grace <head>before</head> meals . " 
    </context>
  </instance>


  <instance id="before.p.fn.1059043" docsrc="FN">
    <answer instance="before.p.fn.1059043" senseid="2(2)"/>
    <context>
      At Canterbury Queen Margaret said prayers <head>before</head> the tomb of Thomas a Becket . 
    </context>
  </instance>


  <instance id="before.p.fn.904610" docsrc="FN">
    <answer instance="before.p.fn.904610" senseid="1(1)"/>
    <context>
      ` He reached you through your Tarot <head>before</head> . 
    </context>
  </instance>


  <instance id="before.p.fn.1198487" docsrc="FN">
    <answer instance="before.p.fn.1198487" senseid="1(1)"/>
    <context>
      " Presumably he telephoned for the mechanic <head>before</head> he left . "
    </context>
  </instance>


  <instance id="before.p.fn.844444" docsrc="FN">
    <answer instance="before.p.fn.844444" senseid="1(1)"/>
    <context>
      Finally get to sleep at five , thinking : ` I do n't care who runs the country , as long as he does n't wake me <head>before</head> noon . " 
    </context>
  </instance>


  <instance id="before.p.fn.864044" docsrc="FN">
    <answer instance="before.p.fn.864044" senseid="3(2a)"/>
    <context>
      The killings have been surrounded by controversy ever since , but Government lawyers were arguing <head>before</head> the Human Rights Commission today that a British inquest has already ruled that the deaths were ` lawful " . 
    </context>
  </instance>


  <instance id="before.p.fn.875520" docsrc="FN">
    <answer instance="before.p.fn.875520" senseid="1(1)"/>
    <context>
      I shall find the body in a jiffy and we shall apprehend the guilty party <head>before</head> the day is out . " 
    </context>
  </instance>


  <instance id="before.p.fn.933641" docsrc="FN">
    <answer instance="before.p.fn.933641" senseid="1(1)"/>
    <context>
      Beacon fires are a particularly vivid parallel with the technique of moxibustion , where needles are heated by small fires <head>before</head> insertion in the body . 
    </context>
  </instance>


  <instance id="before.p.fn.1029379" docsrc="FN">
    <answer instance="before.p.fn.1029379" senseid="1(1)"/>
    <context>
      Frozen pasta rarely has to be defrosted <head>before</head> use . 
    </context>
  </instance>


  <instance id="before.p.fn.916731" docsrc="FN">
    <answer instance="before.p.fn.916731" senseid="1(1)"/>
    <context>
      He gave up his job with Exeter social services department in May to travel with girlfriend Claire Soper <head>before</head> their planned wedding next September . 
    </context>
  </instance>


  <instance id="before.p.fn.1235904" docsrc="FN">
    <answer instance="before.p.fn.1235904" senseid="1(1)"/>
    <context>
      In this trial , a jury of seven men and five women heard five weeks of testimony and deliberated nine hours <head>before</head> reaching a unanimous verdict of guilty .
    </context>
  </instance>


  <instance id="before.p.fn.1225000" docsrc="FN">
    <answer instance="before.p.fn.1225000" senseid="1(1)"/>
    <context>
      Then she remembered that she was supposed to get the father 's permission <head>before</head> taking the child out of the country , and said , ` If you agree , that is . "
    </context>
  </instance>


  <instance id="before.p.fn.1235596" docsrc="FN">
    <answer instance="before.p.fn.1235596" senseid="3(2a)"/>
    <context>
      In Cairo , Egypt 's constitutional court considers whether civilians may be tried <head>before</head> military courts .
    </context>
  </instance>


  <instance id="before.p.fn.1244049" docsrc="FN">
    <answer instance="before.p.fn.1244049" senseid="1(1)"/>
    <context>
      Look , could you grab hold of this box <head>before</head> my arms drop off ? "
    </context>
  </instance>


  <instance id="before.p.fn.1150076" docsrc="FN">
    <answer instance="before.p.fn.1150076" senseid="2(2)"/>
    <context>
      Cranston and Athelstan squatted down <head>before</head> the coffer and began to go through Sir Ralph 's personal papers , but they found nothing about his years in Outremer . 
    </context>
  </instance>


  <instance id="before.p.fn.1148255" docsrc="FN">
    <answer instance="before.p.fn.1148255" senseid="2(2)"/>
    <context>
      He crouched <head>before</head> the bookcase and ran his eyes along the tightly packed , fading broken spines of familiar paperbacks , reading names and titles . 
    </context>
  </instance>


  <instance id="before.p.fn.1148257" docsrc="FN">
    <answer instance="before.p.fn.1148257" senseid="2(2)"/>
    <context>
      The dreamer came and crouched <head>before</head> her . 
    </context>
  </instance>


  <instance id="before.p.fn.586042" docsrc="FN">
    <answer instance="before.p.fn.586042" senseid="2(2)"/>
    <context>
      He slurped as noisily as a ravenous dog , mopping up what was left with hard crusts of bread which Father Peter shoved <head>before</head> him on a wooden platter . 
    </context>
  </instance>


  <instance id="before.p.fn.587619" docsrc="FN">
    <answer instance="before.p.fn.587619" senseid="2(2)"/>
    <context>
      A white line of fury around his mouth , he lifted the gold locket around her neck and , opening it with his thumbnail , thrust it <head>before</head> her eyes . 
    </context>
  </instance>


  <instance id="before.p.fn.627616" docsrc="FN">
    <answer instance="before.p.fn.627616" senseid="3(2a)"/>
    <context>
      In theory all arrested persons were supposed to be brought <head>before</head> a judicial official within twenty-four hours , but in practice more time often elapsed . 
    </context>
  </instance>


  <instance id="before.p.fn.365275" docsrc="FN">
    <answer instance="before.p.fn.365275" senseid="1(1)"/>
    <context>
      ` We 've had this conversation <head>before</head> . 
    </context>
  </instance>


</lexelt>
