<lexelt item="between">

  <instance id="between.p.fn.507817" docsrc="FN">
    <answer instance="between.p.fn.507817" senseid="4(4)"/>
    <context>
      Mr Brian Watson , chief executive of the Driver and Vehicle Agency , is to split the money <head>between</head> Action Cancer and the Northern Ireland Chest Heart and Stroke Association .
    </context>
  </instance>


  <instance id="between.p.fn.507819" docsrc="FN">
    <answer instance="between.p.fn.507819" senseid="4(4)"/>
    <context>
      Charman felt it should be split four ways <head>between</head> each band member , but Gedge thought he should have most of it because he had actually written the songs .
    </context>
  </instance>


  <instance id="between.p.fn.507820" docsrc="FN">
    <answer instance="between.p.fn.507820" senseid="4(4)"/>
    <context>
      He is splitting his huge donation <head>between</head> four charities , including UK-based Oxfam and the United Nations High Commission for Refugees .
    </context>
  </instance>


  <instance id="between.p.fn.388264" docsrc="FN">
    <answer instance="between.p.fn.388264" senseid="1(1)"/>
    <context>
      He wiped the scattered crumbs on his tray to a neat heap and then pinched them <head>between</head> his fingers and gobbled them .
    </context>
  </instance>


  <instance id="between.p.fn.388268" docsrc="FN">
    <answer instance="between.p.fn.388268" senseid="1(1)"/>
    <context>
      PINCH flabby areas gently <head>between</head> your thumb and fingers .
    </context>
  </instance>


  <instance id="between.p.fn.389243" docsrc="FN">
    <answer instance="between.p.fn.389243" senseid="1(1)"/>
    <context>
      The technique involves the woman masturbating her partner to the point where he can not control his ejaculation , whereupon she squeezes the tip of his penis firmly <head>between</head> her fingers until the urge subsides .
    </context>
  </instance>


  <instance id="between.p.fn.48977" docsrc="FN">
    <answer instance="between.p.fn.48977" senseid="7(4c)"/>
    <context>
      But how does one differentiate <head>between</head> a block and a bomb ?
    </context>
  </instance>


  <instance id="between.p.fn.48988" docsrc="FN">
    <answer instance="between.p.fn.48988" senseid="7(4c)"/>
    <context>
      Hahnemann 's writings clearly show that he differentiates <head>between</head> the level of potency and smallness of the dose i.e. the quantity given .
    </context>
  </instance>


  <instance id="between.p.fn.49148" docsrc="FN">
    <answer instance="between.p.fn.49148" senseid="7(4c)"/>
    <context>
      It is useful to discriminate <head>between</head> a capacity which is a natural endowment and an ability which is a competence to act .
    </context>
  </instance>


  <instance id="between.p.fn.49149" docsrc="FN">
    <answer instance="between.p.fn.49149" senseid="7(4c)"/>
    <context>
      It is not possible to discriminate <head>between</head> the components of each category .
    </context>
  </instance>


  <instance id="between.p.fn.49155" docsrc="FN">
    <answer instance="between.p.fn.49155" senseid="7(4c)"/>
    <context>
      Our hospitals would be empty if we tried to discriminate <head>between</head> self-induced or even partially self-induced illnesses , and naturally developed diseases .
    </context>
  </instance>


  <instance id="between.p.fn.49157" docsrc="FN">
    <answer instance="between.p.fn.49157" senseid="7(4c)"/>
    <context>
      Rhesus monkeys readily discriminate <head>between</head> objects and scenes on the basis of their visual appearance .
    </context>
  </instance>


  <instance id="between.p.fn.49159" docsrc="FN">
    <answer instance="between.p.fn.49159" senseid="7(4c)"/>
    <context>
      In our experimental conditions , acid clearance time discriminated <head>between</head> patients with normal and impaired peristalsis ; moreover acid clearance time was correlated with the overnight acid exposure time .
    </context>
  </instance>


  <instance id="between.p.fn.49257" docsrc="FN">
    <answer instance="between.p.fn.49257" senseid="7(4c)"/>
    <context>
      Rats were tested on a food-rewarded ( conditional go left/go right ) discrimination <head>between</head> tone and clicker .
    </context>
  </instance>


  <instance id="between.p.fn.49270" docsrc="FN">
    <answer instance="between.p.fn.49270" senseid="7(4c)"/>
    <context>
      Phonemes are obviously sensitive enough to make fine discriminations <head>between</head> lexical descriptions since this is their function by definition .
    </context>
  </instance>


  <instance id="between.p.fn.49635" docsrc="FN">
    <answer instance="between.p.fn.49635" senseid="7(4c)"/>
    <context>
      When you are teaching children to distinguish <head>between</head> right and wrong and between obedient and disobedient behaviour , you need to be predictable in your reactions .
    </context>
  </instance>


  <instance id="between.p.fn.49638" docsrc="FN">
    <answer instance="between.p.fn.49638" senseid="7(4c)"/>
    <context>
      Since it is accepted that the consensus varies according to time and place , it is not clear how one distinguishes <head>between</head> a legitimate consensus and a deviant subculture .
    </context>
  </instance>


  <instance id="between.p.fn.49639" docsrc="FN">
    <answer instance="between.p.fn.49639" senseid="7(4c)"/>
    <context>
      Should the criminal law really distinguish <head>between</head> unmarried and married couples when it comes to dealing with rape ?
    </context>
  </instance>


  <instance id="between.p.fn.700427" docsrc="FN">
    <answer instance="between.p.fn.700427" senseid="4(4)"/>
    <context>
      In order to create this relationship of mutual esteem <head>between</head> yourself and your examiner , pay him the compliment of searching for the point of his problem .
    </context>
  </instance>


  <instance id="between.p.fn.780401" docsrc="FN">
    <answer instance="between.p.fn.780401" senseid="1(1)"/>
    <context>
      If Anna 's not with the navvies I 'll try to get some of their men to search <head>between</head> your camp and the new road . "
    </context>
  </instance>


  <instance id="between.p.fn.780402" docsrc="FN">
    <answer instance="between.p.fn.780402" senseid="1(1)"/>
    <context>
      They even searched <head>between</head> the sheets and under the mattresses , and gave no answer when she asked what they were looking for .
    </context>
  </instance>


  <instance id="between.p.fn.364651" docsrc="FN">
    <answer instance="between.p.fn.364651" senseid="4(4)"/>
    <context>
      Both Mead and Vygotsky proposed that communication <head>between</head> the child and older children or adults provides the essential conditions for emergence of ` media " , whereby a word or gesture can stand for an aspect of experience .
    </context>
  </instance>


  <instance id="between.p.fn.364655" docsrc="FN">
    <answer instance="between.p.fn.364655" senseid="4(4)"/>
    <context>
      The only communication <head>between</head> him and his family had been letters smuggled out .
    </context>
  </instance>


  <instance id="between.p.fn.364656" docsrc="FN">
    <answer instance="between.p.fn.364656" senseid="4(4)"/>
    <context>
      Although Margo concluded that general practitioners were generally satisfied with the initial outpatient letter , most studies have found that communication <head>between</head> the hospital specialist and the general practitioner could be better .
    </context>
  </instance>


  <instance id="between.p.fn.364666" docsrc="FN">
    <answer instance="between.p.fn.364666" senseid="4(4)"/>
    <context>
      After many conversations , it is my feeling that we need better communication <head>between</head> the youth of Shropshire and the youth of the rest of the diocese .
    </context>
  </instance>


  <instance id="between.p.fn.364877" docsrc="FN">
    <answer instance="between.p.fn.364877" senseid="4(4)"/>
    <context>
      Most of our communication <head>between</head> one another is indirect ; we conceal our motives .
    </context>
  </instance>


  <instance id="between.p.fn.364958" docsrc="FN">
    <answer instance="between.p.fn.364958" senseid="4(4)"/>
    <context>
      The major obstacle to the development of radical national ideas in the six counties is the lack of any form of communication <head>between</head> the Movement and the people .
    </context>
  </instance>


  <instance id="between.p.fn.364959" docsrc="FN">
    <answer instance="between.p.fn.364959" senseid="4(4)"/>
    <context>
      And the previous level of frankness in communication <head>between</head> the spouses about these matters can narrow or widen the possibility of stress between them during these communications in a hospital ward .
    </context>
  </instance>


  <instance id="between.p.fn.364960" docsrc="FN">
    <answer instance="between.p.fn.364960" senseid="4(4)"/>
    <context>
      The telephone as an instrument of communication <head>between</head> people is being used more and more .
    </context>
  </instance>


  <instance id="between.p.fn.364966" docsrc="FN">
    <answer instance="between.p.fn.364966" senseid="4(4)"/>
    <context>
      This is characterised by one-way communication <head>between</head> the manager and the subordinate , with the manager telling the subordinate what to do .
    </context>
  </instance>


  <instance id="between.p.fn.366139" docsrc="FN">
    <answer instance="between.p.fn.366139" senseid="4(4)"/>
    <context>
      More company accountants are aware that the City needs better information on R -- which augurs well for an improved dialogue <head>between</head> industry and the City
    </context>
  </instance>


  <instance id="between.p.fn.366150" docsrc="FN">
    <answer instance="between.p.fn.366150" senseid="4(4)"/>
    <context>
      There seems the possibility of a regular dialogue <head>between</head> umpires and batsmen as the batsmen seek confirmation as to whether they have played a shot , or on the likely height of the next delivery .
    </context>
  </instance>


  <instance id="between.p.fn.366370" docsrc="FN">
    <answer instance="between.p.fn.366370" senseid="4(4)"/>
    <context>
      But if these kinds of books are discarded the dialogue <head>between</head> the generations vanishes .
    </context>
  </instance>


  <instance id="between.p.fn.366372" docsrc="FN">
    <answer instance="between.p.fn.366372" senseid="4(4)"/>
    <context>
      Externally , the Community stands in the forefront of the changing relations between East and West , and the North-South dialogue <head>between</head> the world 's advanced industrial states and the developing countries .
    </context>
  </instance>


  <instance id="between.p.fn.366374" docsrc="FN">
    <answer instance="between.p.fn.366374" senseid="4(4)"/>
    <context>
      Yet it also represented at least a first step towards an institutional framework for dialogue <head>between</head> State and commoners .
    </context>
  </instance>


  <instance id="between.p.fn.366379" docsrc="FN">
    <answer instance="between.p.fn.366379" senseid="4(4)"/>
    <context>
      ` The knowledge society " requires new forms of dialogue <head>between</head> professionals and citizens , if society is to comprehend and effectively confront the problems facing it .
    </context>
  </instance>


  <instance id="between.p.fn.368066" docsrc="FN">
    <answer instance="between.p.fn.368066" senseid="4(4)"/>
    <context>
      The meeting <head>between</head> Brady and the directors has been made to sound more like a summons than a request .
    </context>
  </instance>


  <instance id="between.p.fn.368069" docsrc="FN">
    <answer instance="between.p.fn.368069" senseid="4(4)"/>
    <context>
      Adela fixed up a meeting <head>between</head> the king and archbishop , and in a few days everything was arranged .
    </context>
  </instance>


  <instance id="between.p.fn.368070" docsrc="FN">
    <answer instance="between.p.fn.368070" senseid="4(4)"/>
    <context>
      On Thursday there was a series of meetings <head>between</head> the leaders of the Government and the opposition parties , the General Council of the TUC and the National Executive of the Labour Party .
    </context>
  </instance>


  <instance id="between.p.fn.368071" docsrc="FN">
    <answer instance="between.p.fn.368071" senseid="4(4)"/>
    <context>
      Meetings <head>between</head> the two men lasted into Saturday night and continued at a religious service on Sunday .
    </context>
  </instance>


  <instance id="between.p.fn.368073" docsrc="FN">
    <answer instance="between.p.fn.368073" senseid="4(4)"/>
    <context>
      Meetings <head>between</head> the two monarchs were arranged , but rather than bringing peace to the two countries , fresh hostilities broke out .
    </context>
  </instance>


  <instance id="between.p.fn.368075" docsrc="FN">
    <answer instance="between.p.fn.368075" senseid="4(4)"/>
    <context>
      The consultative procedures for the conduct of Management Services reviews has been carried out , you will be aware that there have been several consultative meetings <head>between</head> ourselves concerning this matter .
    </context>
  </instance>


  <instance id="between.p.fn.368076" docsrc="FN">
    <answer instance="between.p.fn.368076" senseid="4(4)"/>
    <context>
      If two firms arrange a merger on the basis of meetings <head>between</head> their two senior partners , then its success can be heavily dependent on luck .
    </context>
  </instance>


  <instance id="between.p.fn.368083" docsrc="FN">
    <answer instance="between.p.fn.368083" senseid="4(4)"/>
    <context>
      On the way to my hotel room I was dragged into a meeting <head>between</head> some Japanese and Spanish weavers .
    </context>
  </instance>


  <instance id="between.p.fn.368084" docsrc="FN">
    <answer instance="between.p.fn.368084" senseid="4(4)"/>
    <context>
      Start by imagining a meeting <head>between</head> yourself and a total stranger , such as a new family doctor or a church minister .
    </context>
  </instance>


  <instance id="between.p.fn.582840" docsrc="FN">
    <answer instance="between.p.fn.582840" senseid="3(3)"/>
    <context>
      For several months intermittent Vulcanian activity continued , hurling ash <head>between</head> four and eight kilometres in the air , but died down somewhat in early 1956 .
    </context>
  </instance>


  <instance id="between.p.fn.584512" docsrc="FN">
    <answer instance="between.p.fn.584512" senseid="1(1)"/>
    <context>
      She pushed a cigarette <head>between</head> her dry lips then fumbled in her coat pocket for a lighter and , cupping her trembling fingers around the flame , lit it and inhaled deeply .
    </context>
  </instance>


  <instance id="between.p.fn.585861" docsrc="FN">
    <answer instance="between.p.fn.585861" senseid="1(1)"/>
    <context>
      She went into the bathroom and I made my own supper by slicing some of the foul cheese and shoving it <head>between</head> two slices of greased plastic bread .
    </context>
  </instance>


  <instance id="between.p.fn.592477" docsrc="FN">
    <answer instance="between.p.fn.592477" senseid="1(1)"/>
    <context>
      He followed a stony path <head>between</head> two barley fields , looking around constantly and listening carefully : the men of the village would now be at work .
    </context>
  </instance>


  <instance id="between.p.fn.597555" docsrc="FN">
    <answer instance="between.p.fn.597555" senseid="2(2)"/>
    <context>
      In the case of flights departing <head>between</head> 00.01 and 04.00 hours , the day of departure is deemed to be the previous day and the cost appropriate to that day is chargeable .
    </context>
  </instance>


  <instance id="between.p.fn.616672" docsrc="FN">
    <answer instance="between.p.fn.616672" senseid="1(1)"/>
    <context>
      The famous ferry crossing <head>between</head> Kyle of Lochalsh and Kyleakin on Skye attracts enough traffic to justify a bridge .
    </context>
  </instance>


  <instance id="between.p.fn.616673" docsrc="FN">
    <answer instance="between.p.fn.616673" senseid="1(1)"/>
    <context>
      In those days , too , when the guests entered they crossed <head>between</head> me and the cameras , which did strange things to the perspective .
    </context>
  </instance>


  <instance id="between.p.fn.618049" docsrc="FN">
    <answer instance="between.p.fn.618049" senseid="1(1)"/>
    <context>
      The ground dipped <head>between</head> two minor cliffs , and the architect must have figured they would make swell windbreaks .
    </context>
  </instance>


  <instance id="between.p.fn.618050" docsrc="FN">
    <answer instance="between.p.fn.618050" senseid="1(1)"/>
    <context>
      A silver-washed fritillary butterfly dipped <head>between</head> the tufts of grass to find the violet leaves on which she lays her eggs .
    </context>
  </instance>


  <instance id="between.p.fn.622518" docsrc="FN">
    <answer instance="between.p.fn.622518" senseid="1(1)"/>
    <context>
      The actual figure for applications in October was 4,400 and the number is likely to reach <head>between</head> 45,000 and 50,000 this year , whereas we used to receive 2,000 or 3,000 applications .
    </context>
  </instance>


  <instance id="between.p.fn.624399" docsrc="FN">
    <answer instance="between.p.fn.624399" senseid="1(1)"/>
    <context>
      The palm groves were full of brick kilns and trails of black smoke snaked <head>between</head> the trees .
    </context>
  </instance>


  <instance id="between.p.fn.624400" docsrc="FN">
    <answer instance="between.p.fn.624400" senseid="1(1)"/>
    <context>
      They rode through the wicket gate of the church , following the pathway which snaked <head>between</head> the trees and overgrown graves to the Norman church which stood on the brow of a small hillock .
    </context>
  </instance>


  <instance id="between.p.fn.624981" docsrc="FN">
    <answer instance="between.p.fn.624981" senseid="1(1)"/>
    <context>
      So he swung <head>between</head> extremes of mood , darkened towards the end by the death of cherished friends .
    </context>
  </instance>


  <instance id="between.p.fn.625679" docsrc="FN">
    <answer instance="between.p.fn.625679" senseid="1(1)"/>
    <context>
      Branson 's attitude to his bank had always veered <head>between</head> naivety , respect -- and evasiveness .
    </context>
  </instance>


  <instance id="between.p.fn.625681" docsrc="FN">
    <answer instance="between.p.fn.625681" senseid="1(1)"/>
    <context>
      An intellectual ripper , which veers <head>between</head> poetry and pretentiousness .
    </context>
  </instance>


  <instance id="between.p.fn.626446" docsrc="FN">
    <answer instance="between.p.fn.626446" senseid="1(1)"/>
    <context>
      The path leading to the stepping stones which forded Hodge Beck wound narrowly <head>between</head> high sheltering hedges .
    </context>
  </instance>


  <instance id="between.p.fn.626449" docsrc="FN">
    <answer instance="between.p.fn.626449" senseid="1(1)"/>
    <context>
      Alongside the wall a narrow path wound <head>between</head> waist-high nettles to a small structure whose function one could guess at .
    </context>
  </instance>


  <instance id="between.p.fn.629198" docsrc="FN">
    <answer instance="between.p.fn.629198" senseid="1(1)"/>
    <context>
      If using a longer message or saying , you could insert thin decorative lines <head>between</head> each line of text .
    </context>
  </instance>


  <instance id="between.p.fn.629204" docsrc="FN">
    <answer instance="between.p.fn.629204" senseid="1(1)"/>
    <context>
      Emily picked up the knife from the desk and inserted it <head>between</head> the top of the drawer and the desk and after a struggle , the drawer burst open .
    </context>
  </instance>


  <instance id="between.p.fn.629205" docsrc="FN">
    <answer instance="between.p.fn.629205" senseid="1(1)"/>
    <context>
      Loosen the skin from the flesh of the chicken by gently inserting a finger <head>between</head> them .
    </context>
  </instance>


  <instance id="between.p.fn.635765" docsrc="FN">
    <answer instance="between.p.fn.635765" senseid="1(1)"/>
    <context>
      He tucked the phone <head>between</head> chin and shoulder and gave me a friendly salute , but did n't pause in his recitation of copy .
    </context>
  </instance>


  <instance id="between.p.fn.635767" docsrc="FN">
    <answer instance="between.p.fn.635767" senseid="1(1)"/>
    <context>
      Fred tucked his toga <head>between</head> his legs like a baby 's nappy and picked his friend up .
    </context>
  </instance>


  <instance id="between.p.fn.635900" docsrc="FN">
    <answer instance="between.p.fn.635900" senseid="1(1)"/>
    <context>
      The wolves yelped uncontrollably , throwing their riders into the mess before scampering off back to the hills their tails tucked firmly <head>between</head> their legs .
    </context>
  </instance>


  <instance id="between.p.fn.810201" docsrc="FN">
    <answer instance="between.p.fn.810201" senseid="1(1)"/>
    <context>
      There were no curtains to the small windows ; the moonlight was brighter than her candle and she blew out the steady flame long before she climbed <head>between</head> the stiff sheets .
    </context>
  </instance>


  <instance id="between.p.fn.735532" docsrc="FN">
    <answer instance="between.p.fn.735532" senseid="1(1)"/>
    <context>
      They crawled <head>between</head> two warm metal walls .
    </context>
  </instance>


  <instance id="between.p.fn.737688" docsrc="FN">
    <answer instance="between.p.fn.737688" senseid="1(1)"/>
    <context>
      Jessica caught a secret smile flitting <head>between</head> them .
    </context>
  </instance>


  <instance id="between.p.fn.651703" docsrc="FN">
    <answer instance="between.p.fn.651703" senseid="1(1)"/>
    <context>
      Or you can use the Back Door to hop <head>between</head> two rooms -- it takes you back to the room you were in last .
    </context>
  </instance>


  <instance id="between.p.fn.651705" docsrc="FN">
    <answer instance="between.p.fn.651705" senseid="1(1)"/>
    <context>
      To avoid these problems , S. Kilveston from the University of California , has suggested that the improved conductivity of doped polyacetylene comes from electrons hopping <head>between</head> solitons , and not from the movement of solitons themselves .
    </context>
  </instance>


  <instance id="between.p.fn.749395" docsrc="FN">
    <answer instance="between.p.fn.749395" senseid="1(1)"/>
    <context>
      Standing close alongside him following the direction of his outstretched arm , Polly felt the skin all down her left side prickling as if static electricity was leaping <head>between</head> them .
    </context>
  </instance>


  <instance id="between.p.fn.752611" docsrc="FN">
    <answer instance="between.p.fn.752611" senseid="1(1)"/>
    <context>
      Leonie plodded <head>between</head> small houses that leaned together .
    </context>
  </instance>


  <instance id="between.p.fn.753760" docsrc="FN">
    <answer instance="between.p.fn.753760" senseid="1(1)"/>
    <context>
      ` The extra court sitting is on the same day as the other hearings so we have to rush <head>between</head> the courts .
    </context>
  </instance>


  <instance id="between.p.fn.754661" docsrc="FN">
    <answer instance="between.p.fn.754661" senseid="1(1)"/>
    <context>
      His large family lived on the floor above and scampered <head>between</head> hotel and home by climbing through a window and up a fire escape .
    </context>
  </instance>


  <instance id="between.p.fn.754736" docsrc="FN">
    <answer instance="between.p.fn.754736" senseid="1(1)"/>
    <context>
      Their route became a steep scramble <head>between</head> white boulders speckled with green and grey lichen .
    </context>
  </instance>


  <instance id="between.p.fn.755398" docsrc="FN">
    <answer instance="between.p.fn.755398" senseid="1(1)"/>
    <context>
      Masklin scurried <head>between</head> them and ran on upwards .
    </context>
  </instance>


  <instance id="between.p.fn.756083" docsrc="FN">
    <answer instance="between.p.fn.756083" senseid="1(1)"/>
    <context>
      Mr Douglas Hurd in the House yesterday shuffled uneasily <head>between</head> Washington wrath and Hanoi despair .
    </context>
  </instance>


  <instance id="between.p.fn.759145" docsrc="FN">
    <answer instance="between.p.fn.759145" senseid="1(1)"/>
    <context>
      The mist obscures their support crews and steals blankly <head>between</head> the men and the homes in which they will sleep .
    </context>
  </instance>


  <instance id="between.p.fn.760285" docsrc="FN">
    <answer instance="between.p.fn.760285" senseid="1(1)"/>
    <context>
      Cameron stepped <head>between</head> the stunted apple-trees and knocked on the McCulloch' new front door .
    </context>
  </instance>


  <instance id="between.p.fn.760286" docsrc="FN">
    <answer instance="between.p.fn.760286" senseid="1(1)"/>
    <context>
      Lesley Harrison , 29 , was knifed by a taxi passenger as she stepped <head>between</head> him and the driver during a row over the fare .
    </context>
  </instance>


  <instance id="between.p.fn.762375" docsrc="FN">
    <answer instance="between.p.fn.762375" senseid="1(1)"/>
    <context>
      People were clapping as he stumbled <head>between</head> the rows of seats with her and out into the garden , where she reached out one hand to clutch at the trunk of a flowering cherry , then doubled up over his arm to vomit into a tidy bed of daffodils .
    </context>
  </instance>


  <instance id="between.p.fn.763081" docsrc="FN">
    <answer instance="between.p.fn.763081" senseid="1(1)"/>
    <context>
      The other picture , Sphere Surface with Fishes , shows an analogous pattern , with the fish swimming <head>between</head> opposite poles on the globe .
    </context>
  </instance>


  <instance id="between.p.fn.781999" docsrc="FN">
    <answer instance="between.p.fn.781999" senseid="1(1)"/>
    <context>
      Charlie 's send-off : Comedian Charlie Williams is to start the 33rd traditional Easter Monday walk <head>between</head> Scalby and Cloughton , near Scarborough .
    </context>
  </instance>


  <instance id="between.p.fn.782841" docsrc="FN">
    <answer instance="between.p.fn.782841" senseid="1(1)"/>
    <context>
      Born in Huddersfield , Mike , 40 , spent the early part of his career wandering <head>between</head> journalism and PR , always promising himself one day he would sit down and write that book .
    </context>
  </instance>


  <instance id="between.p.fn.782842" docsrc="FN">
    <answer instance="between.p.fn.782842" senseid="1(1)"/>
    <context>
      Elisabeth wandered <head>between</head> pieces of furniture and medieval sculpture retrieved from farmhouses and churches .
    </context>
  </instance>


  <instance id="between.p.fn.641015" docsrc="FN">
    <answer instance="between.p.fn.641015" senseid="1(1)"/>
    <context>
      You can cycle <head>between</head> the Tuscan coastal resorts , or take a bus to discover such delights as the composer Puccini 's home at Torre del Lago .
    </context>
  </instance>


  <instance id="between.p.fn.398758" docsrc="FN">
    <answer instance="between.p.fn.398758" senseid="1(1)"/>
    <context>
      Then they stepped into the airlock , after a last lingering gaze <head>between</head> Mala and her Ardakkean .
    </context>
  </instance>


  <instance id="between.p.fn.847514" docsrc="FN">
    <answer instance="between.p.fn.847514" senseid="1(1)"/>
    <context>
      A quick glance <head>between</head> Rose and the girls was enough for them to know that it was better to make no mention of their elder brother .
    </context>
  </instance>


  <instance id="between.p.fn.401318" docsrc="FN">
    <answer instance="between.p.fn.401318" senseid="1(1)"/>
    <context>
      Eventually her grandmother came to rouse her , infuriated as always to see the lanky child leaning against the cornerpost of the verandah , craning her long neck to look <head>between</head> the palms at nothing .
    </context>
  </instance>


  <instance id="between.p.fn.403246" docsrc="FN">
    <answer instance="between.p.fn.403246" senseid="1(1)"/>
    <context>
      She was told where her room was and on the stairs -- there was no lift encountered a young woman in a black veil with a small pretty face peeping <head>between</head> the folds .
    </context>
  </instance>


  <instance id="between.p.fn.403409" docsrc="FN">
    <answer instance="between.p.fn.403409" senseid="1(1)"/>
    <context>
      Sometimes she stopped for hours to gaze across the sea , to peer <head>between</head> rocks , to watch an osprey ride the thermals .
    </context>
  </instance>


  <instance id="between.p.fn.403411" docsrc="FN">
    <answer instance="between.p.fn.403411" senseid="1(1)"/>
    <context>
      The foreman was behind them peering <head>between</head> their shoulders , and there was a sniff of impatience .
    </context>
  </instance>


  <instance id="between.p.fn.396056" docsrc="FN">
    <answer instance="between.p.fn.396056" senseid="1(1)"/>
    <context>
      The darkness intensified down in the wood though I could see stars <head>between</head> the boughs .
    </context>
  </instance>


  <instance id="between.p.fn.396058" docsrc="FN">
    <answer instance="between.p.fn.396058" senseid="1(1)"/>
    <context>
      Wait until you can see the first true leaves <head>between</head> the two seed leaves .
    </context>
  </instance>


  <instance id="between.p.fn.397258" docsrc="FN">
    <answer instance="between.p.fn.397258" senseid="1(1)"/>
    <context>
      They heard no more from behind them and as the small amount of sky they could see <head>between</head> the tree-tops was clouded over there was nothing to give them direction .
    </context>
  </instance>


  <instance id="between.p.fn.185787" docsrc="FN">
    <answer instance="between.p.fn.185787" senseid="5(4a)"/>
    <context>
      Between 14 and 16 July twenty-two people were killed in the battles <head>between</head> blacks , the police , and the National Guard .
    </context>
  </instance>


  <instance id="between.p.fn.185789" docsrc="FN">
    <answer instance="between.p.fn.185789" senseid="5(4a)"/>
    <context>
      A PAKISTANI peace broker won a ceasefire yesterday , apparently halting artillery battles <head>between</head> the Afghan government and guerrillas that have caused thousands of civilian casualties .
    </context>
  </instance>


  <instance id="between.p.fn.186740" docsrc="FN">
    <answer instance="between.p.fn.186740" senseid="5(4a)"/>
    <context>
      There have been several arrests , following knife fights <head>between</head> drunk latinos .
    </context>
  </instance>


  <instance id="between.p.fn.187397" docsrc="FN">
    <answer instance="between.p.fn.187397" senseid="5(4a)"/>
    <context>
      There was a minor scuffle <head>between</head> Hegarty and a Unionist councillor and before desisting , Hegarty shouted to the gallery : ` Whom do you want to see in the chair ? "
    </context>
  </instance>


  <instance id="between.p.fn.187400" docsrc="FN">
    <answer instance="between.p.fn.187400" senseid="5(4a)"/>
    <context>
      Can you remember when there was a bit of scuffle <head>between</head> Tybaot and Romeo earlier on ?
    </context>
  </instance>


  <instance id="between.p.fn.187541" docsrc="FN">
    <answer instance="between.p.fn.187541" senseid="5(4a)"/>
    <context>
      Velcro , the touch fastener so beloved of outdoor skiing types and their like , is at the centre of a bitter spat <head>between</head> its board and disgruntled shareholders over that vexed question of shareholder value .
    </context>
  </instance>


  <instance id="between.p.fn.186613" docsrc="FN">
    <answer instance="between.p.fn.186613" senseid="5(4a)"/>
    <context>
      This year 's final was to have been a duel <head>between</head> the two most successful of all World Cup horses , Milton and Canadian Ian Millar 's Big Ben , who won the final in 1988 and 1989 .
    </context>
  </instance>


  <instance id="between.p.fn.186614" docsrc="FN">
    <answer instance="between.p.fn.186614" senseid="5(4a)"/>
    <context>
      Mayor of Winglebury ( fict. ) , a shady attorney whose muddled intervention averts a duel <head>between</head> Alexander Trott and Horace Hunter , but causes the former to be treated as a lunatic .
    </context>
  </instance>


  <instance id="between.p.fn.186102" docsrc="FN">
    <answer instance="between.p.fn.186102" senseid="5(4a)"/>
    <context>
      And the disturbances could not strictly be called racial : the most prominent feature was that of violent clashes <head>between</head> young people and the police .
    </context>
  </instance>


  <instance id="between.p.fn.186106" docsrc="FN">
    <answer instance="between.p.fn.186106" senseid="5(4a)"/>
    <context>
      This led to intense interdepartmental rivalry and antagonism , most clearly visible in repeated clashes <head>between</head> the Ministry of finance and the Ministry of the Interior .
    </context>
  </instance>


  <instance id="between.p.fn.186340" docsrc="FN">
    <answer instance="between.p.fn.186340" senseid="5(4a)"/>
    <context>
      He gives equal emphasis to the possibility that such characteristics make the game an ideal vehicle for aggressive confrontations <head>between</head> rival groups of young males .
    </context>
  </instance>


  <instance id="between.p.fn.186344" docsrc="FN">
    <answer instance="between.p.fn.186344" senseid="5(4a)"/>
    <context>
      Throughout April there were reports of confrontations <head>between</head> demonstrators and security forces .
    </context>
  </instance>


  <instance id="between.p.fn.186349" docsrc="FN">
    <answer instance="between.p.fn.186349" senseid="5(4a)"/>
    <context>
      Welkom has become a flashpoint in a nationwide confrontation <head>between</head> militant blacks and whites over President de Klerk 's reforms .
    </context>
  </instance>


  <instance id="between.p.fn.186909" docsrc="FN">
    <answer instance="between.p.fn.186909" senseid="5(4a)"/>
    <context>
      It saw much of the fighting <head>between</head> Moors and Christians during El Cid 's lifetime .
    </context>
  </instance>


  <instance id="between.p.fn.186921" docsrc="FN">
    <answer instance="between.p.fn.186921" senseid="5(4a)"/>
    <context>
      After the Khmers Rouges announced their boycott , ceasefire violations were said to have worsened , with outbreaks of fierce fighting <head>between</head> their guerrillas and government troops north of Phnom Penh during July and August .
    </context>
  </instance>


  <instance id="between.p.fn.185937" docsrc="FN">
    <answer instance="between.p.fn.185937" senseid="5(4a)"/>
    <context>
      She 'd particularly enjoyed a bout <head>between</head> Iris Murdoch and Professor Anscombe , she recalled , on the relation of philosophy to religion .
    </context>
  </instance>


  <instance id="between.p.fn.187787" docsrc="FN">
    <answer instance="between.p.fn.187787" senseid="5(4a)"/>
    <context>
      As one of his staff officers later wrote , Foch conceived of war as ` essentially a struggle <head>between</head> moral forces " .
    </context>
  </instance>


  <instance id="between.p.fn.187788" docsrc="FN">
    <answer instance="between.p.fn.187788" senseid="5(4a)"/>
    <context>
      One can not therefore ignore historical and contemporary struggles <head>between</head> the state and the mass media ; nor can one reduce diverse and complex social , political and economic processes to simplified and simplistic accounts .
    </context>
  </instance>


  <instance id="between.p.fn.187789" docsrc="FN">
    <answer instance="between.p.fn.187789" senseid="5(4a)"/>
    <context>
      It abandons the attempt to detect a class struggle <head>between</head> exploiters and exploited within advanced capitalism .
    </context>
  </instance>


  <instance id="between.p.fn.187802" docsrc="FN">
    <answer instance="between.p.fn.187802" senseid="5(4a)"/>
    <context>
      THE STRUGGLE <head>BETWEEN</head> GOOD AND EVIL IN TOLKIEN 'S LORD OF THE RINGS
    </context>
  </instance>


  <instance id="between.p.fn.187047" docsrc="FN">
    <answer instance="between.p.fn.187047" senseid="5(4a)"/>
    <context>
      Hostilities <head>between</head> India and Pakistan over Kashmir had ended in a ceasefire from Jan. 1 , 1949 .
    </context>
  </instance>


  <instance id="between.p.fn.187463" docsrc="FN">
    <answer instance="between.p.fn.187463" senseid="5(4a)"/>
    <context>
      In that time , there were frequent skirmishes <head>between</head> the Christians and Almoravids , and Valencia several times closed its gates to El Cid while he was engaged in campaigning in other parts of the country .
    </context>
  </instance>


  <instance id="between.p.fn.187465" docsrc="FN">
    <answer instance="between.p.fn.187465" senseid="5(4a)"/>
    <context>
      Apart from odd skirmishes <head>between</head> small reconnoitring groups in the west during the early months of the war , there were three main incidents in the county .
    </context>
  </instance>


  <instance id="between.p.fn.187467" docsrc="FN">
    <answer instance="between.p.fn.187467" senseid="5(4a)"/>
    <context>
      Mace believes those copyright and interface issues are now being worked through in the current round of legal skirmishes <head>between</head> Intel Corp and its iAPX-86 impersonators such as Advanced Micro Devices .
    </context>
  </instance>


  <instance id="between.p.fn.187573" docsrc="FN">
    <answer instance="between.p.fn.187573" senseid="5(4a)"/>
    <context>
      Pakistani-dominated mosques are riven by violent squabbles <head>between</head> Deobandis ( who are religious purists but political moderates ) and Barelvis ( who are political activists but doctrinal eclectics ) .
    </context>
  </instance>


  <instance id="between.p.fn.187574" docsrc="FN">
    <answer instance="between.p.fn.187574" senseid="5(4a)"/>
    <context>
      Re-reading them today one is reminded of what nonsense these individuals make of the bitter squabbles <head>between</head> Snow and F. R. Leavis nearly a century later .
    </context>
  </instance>


  <instance id="between.p.fn.187575" docsrc="FN">
    <answer instance="between.p.fn.187575" senseid="5(4a)"/>
    <context>
      The latest squabble <head>between</head> supermarkets and banks over the latter 's unilateral decision to hoist transaction charges may of course make debit cards less attractive to consumers if the charges end up being passed on .
    </context>
  </instance>


  <instance id="between.p.fn.187576" docsrc="FN">
    <answer instance="between.p.fn.187576" senseid="5(4a)"/>
    <context>
      All this assumes grown-up artists and a grown-up public , whereas too much of the recent ` pop vs posh " media rumpus sounded like a nursery squabble <head>between</head> absolute beginners .
    </context>
  </instance>


  <instance id="between.p.fn.187624" docsrc="FN">
    <answer instance="between.p.fn.187624" senseid="5(4a)"/>
    <context>
      In Afghanistan the stalemate <head>between</head> the superpowers has ensured that no single authority rules .
    </context>
  </instance>


  <instance id="between.p.fn.187627" docsrc="FN">
    <answer instance="between.p.fn.187627" senseid="5(4a)"/>
    <context>
      This uneasy stalemate <head>between</head> the superpowers was dramatically disturbed in October 1962 when definite evidence reached President Kennedy that the Russians were installing nuclear missiles in Cuba ( CORE , pp. 154-6 ) .
    </context>
  </instance>


  <instance id="between.p.fn.186029" docsrc="FN">
    <answer instance="between.p.fn.186029" senseid="5(4a)"/>
    <context>
      Diego Maradona was partly to blame for the brawl <head>between</head> Sevilla and Cadiz players at the end of Sunday 's Spanish league match , according to police .
    </context>
  </instance>


  <instance id="between.p.fn.187684" docsrc="FN">
    <answer instance="between.p.fn.187684" senseid="5(4a)"/>
    <context>
      But by that time there had been two centuries of strife <head>between</head> Empire and Papacy and the Empire no longer had any special connection to the City of Rome .
    </context>
  </instance>


  <instance id="between.p.fn.187686" docsrc="FN">
    <answer instance="between.p.fn.187686" senseid="5(4a)"/>
    <context>
      Sudan has suffered many years of intermittent internal strife <head>between</head> governments dominated by northerners and separatist movements in the south .
    </context>
  </instance>


  <instance id="between.p.fn.199048" docsrc="FN">
    <answer instance="between.p.fn.199048" senseid="3(3)"/>
    <context>
      There have always been considerable fluctuations <head>between</head> winter and summer services : before the War the daily winter turnout was an average of fifty trams .
    </context>
  </instance>


  <instance id="between.p.fn.217263" docsrc="FN">
    <answer instance="between.p.fn.217263" senseid="4(4)"/>
    <context>
      Under the Adoption Act 1976 , a marriage <head>between</head> a child and one who has once adopted it is prohibited , but not a marriage between the adoptee and one of the adopter 's own children .
    </context>
  </instance>


  <instance id="between.p.fn.217265" docsrc="FN">
    <answer instance="between.p.fn.217265" senseid="4(4)"/>
    <context>
      The court , without offering any reasoned argument , decided that the right to marry in Article 12 ` refers to the traditional marriage <head>between</head> persons of the opposite biological sex " .
    </context>
  </instance>


  <instance id="between.p.fn.217273" docsrc="FN">
    <answer instance="between.p.fn.217273" senseid="4(4)"/>
    <context>
      ` Is it an arranged marriage <head>between</head> the two of you ? " she hazarded .
    </context>
  </instance>


  <instance id="between.p.fn.217275" docsrc="FN">
    <answer instance="between.p.fn.217275" senseid="4(4)"/>
    <context>
      The orthodox account of scientific practice represents a marriage <head>between</head> the two traditions just outlined .
    </context>
  </instance>


  <instance id="between.p.fn.255244" docsrc="FN">
    <answer instance="between.p.fn.255244" senseid="1(1)"/>
    <context>
      She dried the udder and pulled the three-legged stool across , jamming the first bucket <head>between</head> her knees as she sat down , so that Florence could not kick it over .
    </context>
  </instance>


  <instance id="between.p.fn.261686" docsrc="FN">
    <answer instance="between.p.fn.261686" senseid="1(1)"/>
    <context>
      Athlete 's foot ( Tinea pedis ) is a fungal infection of the skin <head>between</head> the toes .
    </context>
  </instance>


  <instance id="between.p.fn.261690" docsrc="FN">
    <answer instance="between.p.fn.261690" senseid="1(1)"/>
    <context>
      She heard him shriek in agony as the blade pierced it , cutting through the web of skin <head>between</head> his thumb and index finger .
    </context>
  </instance>


  <instance id="between.p.fn.261691" docsrc="FN">
    <answer instance="between.p.fn.261691" senseid="1(1)"/>
    <context>
      Not a drem of their skin <head>between</head> neck and waist was uncoloured , and the variety of the designs fascinated Jehan every time he looked at them .
    </context>
  </instance>


  <instance id="between.p.fn.476416" docsrc="FN">
    <answer instance="between.p.fn.476416" senseid="1(1)"/>
    <context>
      In groups of 10 to 30 men , on foot or in jeeps , they cross the barren plain <head>between</head> the frontier and the Tigris , to the Shia cities and the settlements around them .
    </context>
  </instance>


  <instance id="between.p.fn.1075968" docsrc="FN">
    <answer instance="between.p.fn.1075968" senseid="1(1)"/>
    <context>
      The valley <head>between</head> the Quantocks and the Brendon Hills is well worth exploring .
    </context>
  </instance>


  <instance id="between.p.fn.1075974" docsrc="FN">
    <answer instance="between.p.fn.1075974" senseid="1(1)"/>
    <context>
      Within a few days the Slovene peasants of the Krka valley <head>between</head> Novo Mesto and the Croatian border had also risen .
    </context>
  </instance>


  <instance id="between.p.fn.472341" docsrc="FN">
    <answer instance="between.p.fn.472341" senseid="1(1)"/>
    <context>
      The south coast of Devon bulges into the Channel <head>between</head> Exeter and Plymouth as if being pushed out to sea by the bulk of Dartmoor and reaching out towards France .
    </context>
  </instance>


  <instance id="between.p.fn.1082325" docsrc="FN">
    <answer instance="between.p.fn.1082325" senseid="1(1)"/>
    <context>
      The gaps <head>between</head> the walls of the coral skeleton have been filled with calcite , showing up as the lighter colours of the sections .
    </context>
  </instance>


  <instance id="between.p.fn.1076308" docsrc="FN">
    <answer instance="between.p.fn.1076308" senseid="1(1)"/>
    <context>
      Of the ten barbarian ships , three ran aground on the shoal <head>between</head> Skiathos and Magnesia , called the Ant ; and the barbarians then set a stone pillar on the shoal
    </context>
  </instance>


  <instance id="between.p.fn.1068853" docsrc="FN">
    <answer instance="between.p.fn.1068853" senseid="1(1)"/>
    <context>
      This sculpture is beautifully situated beside a reservoir noted for its fishing , on the converted railway path <head>between</head> Caldercruix and Blackridge in West Lothian -- an area socially devastated by the closure of its pits .
    </context>
  </instance>


  <instance id="between.p.fn.1068856" docsrc="FN">
    <answer instance="between.p.fn.1068856" senseid="1(1)"/>
    <context>
      The estuaries are part of the East Atlantic Flyway , a vital migration path <head>between</head> the Arctic and the southern hemishphere , which is used by one and a half million waders and half a million waterfowl .
    </context>
  </instance>


  <instance id="between.p.fn.1068427" docsrc="FN">
    <answer instance="between.p.fn.1068427" senseid="1(1)"/>
    <context>
      There used to be a rack-and-pinion railway <head>between</head> Funchal , Monte and Terreiro da Luta .
    </context>
  </instance>


  <instance id="between.p.fn.1068436" docsrc="FN">
    <answer instance="between.p.fn.1068436" senseid="1(1)"/>
    <context>
      Darlington Waggon and Engineering Company ( DWEC ) won many bridge building contracts on the Assam Bengal Railway <head>between</head> Chittagong , Syhlet and Dacca from 1884-92 .
    </context>
  </instance>


  <instance id="between.p.fn.1068438" docsrc="FN">
    <answer instance="between.p.fn.1068438" senseid="1(1)"/>
    <context>
      He also announced that the scheme for a high-speed railway <head>between</head> London and Heathrow airport would proceed .
    </context>
  </instance>


  <instance id="between.p.fn.1063579" docsrc="FN">
    <answer instance="between.p.fn.1063579" senseid="1(1)"/>
    <context>
      It was somewhere along the lane <head>between</head> Nunes and Hadleigh but so much vegetation had grown up that spring that everything looked different .
    </context>
  </instance>


  <instance id="between.p.fn.1063581" docsrc="FN">
    <answer instance="between.p.fn.1063581" senseid="1(1)"/>
    <context>
      Thus a minor lane <head>between</head> two Iron Age villages might have been improved and linked with others to become a road between a Roman estate centre and one of its dependent farms .
    </context>
  </instance>


  <instance id="between.p.fn.1067669" docsrc="FN">
    <answer instance="between.p.fn.1067669" senseid="1(1)"/>
    <context>
      Li Yuan called back , not turning , breaking into a trot as he crossed the flagged pathway <head>between</head> the hangar and the Northern Palace .
    </context>
  </instance>


  <instance id="between.p.fn.1067670" docsrc="FN">
    <answer instance="between.p.fn.1067670" senseid="1(1)"/>
    <context>
      However although the diagrams presented identify the stores and the pathways <head>between</head> the stores they do not effectively represent the dynamics of the runoff-producing system .
    </context>
  </instance>


  <instance id="between.p.fn.505998" docsrc="FN">
    <answer instance="between.p.fn.505998" senseid="5(4a)"/>
    <context>
      What almost everyone is waiting for is the showdown <head>between</head> North and South Korea on Monday .
    </context>
  </instance>


  <instance id="between.p.fn.505999" docsrc="FN">
    <answer instance="between.p.fn.505999" senseid="5(4a)"/>
    <context>
      Over demanding Welsh roads , Martin Vincent referees a showdown <head>between</head> the two .
    </context>
  </instance>


  <instance id="between.p.fn.506002" docsrc="FN">
    <answer instance="between.p.fn.506002" senseid="5(4a)"/>
    <context>
      THE battle for the coveted Welsh outside-half jersey hots up today when Neil Jenkins and Adrian Davies clash in the showdown <head>between</head> East and West Wales at Cardiff Arms Park .
    </context>
  </instance>


  <instance id="between.p.fn.506007" docsrc="FN">
    <answer instance="between.p.fn.506007" senseid="5(4a)"/>
    <context>
      The final showdown <head>between</head> the Viet and the cream of the French colonial Army had come in a deserted valley in the north of Vietnam , around a small village called Dien Bien Phu .
    </context>
  </instance>


  <instance id="between.p.fn.676007" docsrc="FN">
    <answer instance="between.p.fn.676007" senseid="4(4) 5(4a)"/>
    <context>
      The hatred <head>between</head> Labour and the SNP in Scotland is not matched in ferocity between Labour and the nationalists in Wales .
    </context>
  </instance>


  <instance id="between.p.fn.676266" docsrc="FN">
    <answer instance="between.p.fn.676266" senseid="4(4)"/>
    <context>
      The thin bridge of empathy <head>between</head> two professional people was abruptly dashed away .
    </context>
  </instance>


  <instance id="between.p.fn.634411" docsrc="FN">
    <answer instance="between.p.fn.634411" senseid="1(1)"/>
    <context>
      Trim off their leaves , and then spread the roots <head>between</head> layers of moist sand or dry sawdust , placing the largest roots at the bottom as these keep longest .
    </context>
  </instance>


  <instance id="between.p.fn.1021334" docsrc="FN">
    <answer instance="between.p.fn.1021334" senseid="5(4a)"/>
    <context>
      The inner solid planets , it is claimed , were created by a catastrophic collision <head>between</head> two giant planets orbiting where Mars and the asteroid belt now reside .
    </context>
  </instance>


  <instance id="between.p.fn.1021349" docsrc="FN">
    <answer instance="between.p.fn.1021349" senseid="5(4a)"/>
    <context>
      The collision <head>between</head> a BMW and a lorry was the third serious crash in three weeks on the road .
    </context>
  </instance>


  <instance id="between.p.fn.891849" docsrc="FN">
    <answer instance="between.p.fn.891849" senseid="6(4b)"/>
    <context>
      The statistics might indicate that there is a physical gap developing <head>between</head> the two countries .
    </context>
  </instance>


  <instance id="between.p.fn.891850" docsrc="FN">
    <answer instance="between.p.fn.891850" senseid="4(4)"/>
    <context>
      Close bonds developed <head>between</head> the crew members as they lived and worked together on the 67-foot steel vessel for 24 hours a day , sometimes in life-threatening situations .
    </context>
  </instance>


  <instance id="between.p.fn.891852" docsrc="FN">
    <answer instance="between.p.fn.891852" senseid="4(4)"/>
    <context>
      It had been fun , a real friendly chemistry had developed <head>between</head> dull Linda and the American live-wire .
    </context>
  </instance>


  <instance id="between.p.fn.929989" docsrc="FN">
    <answer instance="between.p.fn.929989" senseid="1(1)"/>
    <context>
      Quite a number of soldiers and airmen owe their lives to his interminable wartime journeys <head>between</head> his microscope and the aircraft factories and airfields .
    </context>
  </instance>


  <instance id="between.p.fn.929991" docsrc="FN">
    <answer instance="between.p.fn.929991" senseid="1(1)"/>
    <context>
      Julia spent most of the journey <head>between</head> Venice and Florence trying to decide exactly what to say to David 's Italian mother .
    </context>
  </instance>


  <instance id="between.p.fn.929992" docsrc="FN">
    <answer instance="between.p.fn.929992" senseid="1(1)"/>
    <context>
      GUIL : A man breaking his journey <head>between</head> one place and another at a third place of no name , character , population or significance , sees a unicorn cross his path and disappear .
    </context>
  </instance>


  <instance id="between.p.fn.917265" docsrc="FN">
    <answer instance="between.p.fn.917265" senseid="1(1)"/>
    <context>
      Much credit for this transformation is given to team manager Barry Perkins , a genial and bespectacled Cockney who commutes each week <head>between</head> Richmond and the smoke .
    </context>
  </instance>


  <instance id="between.p.fn.917324" docsrc="FN">
    <answer instance="between.p.fn.917324" senseid="1(1)"/>
    <context>
      Employees qualified for travel expenses while they were commuting <head>between</head> the old and new locations , before moving into accommodation in the new area .
    </context>
  </instance>


  <instance id="between.p.fn.917325" docsrc="FN">
    <answer instance="between.p.fn.917325" senseid="1(1)"/>
    <context>
      ` I realised then there was nowhere in Ireland offering this sort of treatment and decided to do something about it , " said the businessman who commutes <head>between</head> Northern Ireland and Hong Kong .
    </context>
  </instance>


  <instance id="between.p.fn.931237" docsrc="FN">
    <answer instance="between.p.fn.931237" senseid="1(1)"/>
    <context>
      Yes , he did envy the affection that flowed <head>between</head> the boy and the old man .
    </context>
  </instance>


  <instance id="between.p.fn.931243" docsrc="FN">
    <answer instance="between.p.fn.931243" senseid="1(1)"/>
    <context>
      The little girl answered and the conversation flowed <head>between</head> them for a while ; the little boy did n't say anything .
    </context>
  </instance>


  <instance id="between.p.fn.1018041" docsrc="FN">
    <answer instance="between.p.fn.1018041" senseid="6(4b)"/>
    <context>
      The principles of justice adopted in the original position are neutral <head>between</head> different conceptions of the good .
    </context>
  </instance>


  <instance id="between.p.fn.1022267" docsrc="FN">
    <answer instance="between.p.fn.1022267" senseid="6(4b)"/>
    <context>
      The conflict which some people see between the Commission 's role in attempting to improve the economic position of Catholics and its neutrality <head>between</head> Protestants and Catholicism is more apparent than real .
    </context>
  </instance>


  <instance id="between.p.fn.947414" docsrc="FN">
    <answer instance="between.p.fn.947414" senseid="6(4b)"/>
    <context>
      As Simon himself has stated , there is a striking incompatibility <head>between</head> the discontinuity of perception and the continuity of writing : it is central to Simon 's aesthetics to bring to the novel the non-linearity of painting .
    </context>
  </instance>


  <instance id="between.p.fn.947417" docsrc="FN">
    <answer instance="between.p.fn.947417" senseid="6(4b)"/>
    <context>
      Before that , the incompatibility <head>between</head> General Relativity and Quantum Mechanics overwhelms the analysis .
    </context>
  </instance>


  <instance id="between.p.fn.947418" docsrc="FN">
    <answer instance="between.p.fn.947418" senseid="6(4b)"/>
    <context>
      However , the six states that joined in this new venture were strong supporters of the Council and saw no incompatibility <head>between</head> the two bodies .
    </context>
  </instance>


  <instance id="between.p.fn.947423" docsrc="FN">
    <answer instance="between.p.fn.947423" senseid="6(4b)"/>
    <context>
      There is thus an incompatibility <head>between</head> the pluralist and the dualist .
    </context>
  </instance>


  <instance id="between.p.fn.947135" docsrc="FN">
    <answer instance="between.p.fn.947135" senseid="4(4)"/>
    <context>
      As we look at these memories , it is clear that the relationship depends both on the opportunity to know each other and also on the degree of compatibility <head>between</head> grandparent and child .
    </context>
  </instance>


  <instance id="between.p.fn.947136" docsrc="FN">
    <answer instance="between.p.fn.947136" senseid="4(4)"/>
    <context>
      Compatibility <head>between</head> species should be considered .
    </context>
  </instance>


  <instance id="between.p.fn.947153" docsrc="FN">
    <answer instance="between.p.fn.947153" senseid="4(4)"/>
    <context>
      Compatibility <head>between</head> components was ensured by using a structurally uniform global database , the blackboard .
    </context>
  </instance>


  <instance id="between.p.fn.947154" docsrc="FN">
    <answer instance="between.p.fn.947154" senseid="4(4)"/>
    <context>
      A broad compatibility <head>between</head> offices is what is requiredas to the nature and volume of work .
    </context>
  </instance>


  <instance id="between.p.fn.963194" docsrc="FN">
    <answer instance="between.p.fn.963194" senseid="7(4c)"/>
    <context>
      UK faces choice <head>between</head> old fears and ` reunification " .
    </context>
  </instance>


  <instance id="between.p.fn.963204" docsrc="FN">
    <answer instance="between.p.fn.963204" senseid="7(4c)"/>
    <context>
      The issue became a naked choice <head>between</head> the destruction or the defence of culture , and the intellectual/writer was called upon to defend culture against the barbaric and destructive philistinism of fascism .
    </context>
  </instance>


  <instance id="between.p.fn.963205" docsrc="FN">
    <answer instance="between.p.fn.963205" senseid="7(4c)"/>
    <context>
      Previous studies have tended to concentrate almost exclusively on scientists ' choices <head>between</head> different theories or explanations since such choices were regarded as the characteristic feature of science .
    </context>
  </instance>


  <instance id="between.p.fn.1078154" docsrc="FN">
    <answer instance="between.p.fn.1078154" senseid="1(1)"/>
    <context>
      Road No 10 from Schupfheim leads to another attractive village , Escholzmatt , still in canton Luzern although hereabout is the watershed <head>between</head> the Englebuch valley and the Emmental proper .
    </context>
  </instance>


  <instance id="between.p.fn.1182513" docsrc="FN">
    <answer instance="between.p.fn.1182513" senseid="4(4)"/>
    <context>
      It was clear from the reports on fifty-nine cells in this guberniia that collaboration <head>between</head> the party and the people was minimal .
    </context>
  </instance>


  <instance id="between.p.fn.1182514" docsrc="FN">
    <answer instance="between.p.fn.1182514" senseid="4(4)"/>
    <context>
      More interestingly , Eliot returns to employing music-hall techniques at times reminiscent of Sweeney Agonistes and the ` Marie Lloyd " essay which had pointed out how music hall encouraged sympathetic collaboration <head>between</head> performer and audience .
    </context>
  </instance>


  <instance id="between.p.fn.1183204" docsrc="FN">
    <answer instance="between.p.fn.1183204" senseid="4(4)"/>
    <context>
      This conspiracy <head>between</head> State and museums was humiliating even for the museums , because in case of need , the State could sell what it liked from their collections .
    </context>
  </instance>


  <instance id="between.p.fn.1183205" docsrc="FN">
    <answer instance="between.p.fn.1183205" senseid="4(4)"/>
    <context>
      It seems that there can be no conspiracy <head>between</head> an employer and his employees , at least where they merely go about their employer 's business .
    </context>
  </instance>


  <instance id="between.p.fn.1183207" docsrc="FN">
    <answer instance="between.p.fn.1183207" senseid="4(4)"/>
    <context>
      The case was also , however , framed as a conspiracy <head>between</head> Shell and others to contravene the sanctions order .
    </context>
  </instance>


  <instance id="between.p.fn.1183481" docsrc="FN">
    <answer instance="between.p.fn.1183481" senseid="4(4)"/>
    <context>
      More arrests are expected in other areas of Northern Ireland as investigations continue into collusion <head>between</head> security force personnel and loyalist paramilitary groups .
    </context>
  </instance>


  <instance id="between.p.fn.1183484" docsrc="FN">
    <answer instance="between.p.fn.1183484" senseid="4(4)"/>
    <context>
      Today , the danger -- or opportunity ? -- is no longer collusion <head>between</head> political and intellectual powers but ` a marked disjuncture between high culture and politics in Britain " .
    </context>
  </instance>


  <instance id="between.p.fn.1183492" docsrc="FN">
    <answer instance="between.p.fn.1183492" senseid="4(4)"/>
    <context>
      There has unquestionably been some kind of collusion <head>between</head> Jesus and Judas .
    </context>
  </instance>


  <instance id="between.p.fn.1088741" docsrc="FN">
    <answer instance="between.p.fn.1088741" senseid="5(4a)"/>
    <context>
      Disagreements <head>between</head> the founder 's ten sons , most of whom have had two or more wives and so lots of their own children , nearly tore the group apart .
    </context>
  </instance>


  <instance id="between.p.fn.217266" docsrc="FN">
    <answer instance="between.p.fn.217266" senseid="4(4)"/>
    <context>
      When told of the forthcoming marriage <head>between</head> Lydia and Tobias , Jonadab expressed his amazement .
    </context>
  </instance>


  <instance id="between.p.fn.217269" docsrc="FN">
    <answer instance="between.p.fn.217269" senseid="4(4)"/>
    <context>
      Marriage <head>between</head> a blood son and an adopted daughter who had nursed at the same breast would be incestuous , haram -- forbidden .
    </context>
  </instance>


  <instance id="between.p.fn.217280" docsrc="FN">
    <answer instance="between.p.fn.217280" senseid="4(4)"/>
    <context>
      Ms Sultana , of Lawrence Street , Dundee , said her family was approached in 1989 by Ahmed 's family to arrange a marriage <head>between</head> them .
    </context>
  </instance>


  <instance id="between.p.fn.210055" docsrc="FN">
    <answer instance="between.p.fn.210055" senseid="4(4)"/>
    <context>
      He had collected together eight different newspaper reports of a highly publicized wedding <head>between</head> a young woman , Ira von Furstenberg , and her ( then ) first husband .
    </context>
  </instance>


  <instance id="between.p.fn.210057" docsrc="FN">
    <answer instance="between.p.fn.210057" senseid="4(4)"/>
    <context>
      The wedding <head>between</head> the two young gipsies was a moving ceremony , although Christian 's lengthy sermon had everyone fidgeting on the hard bench seats before it was ended .
    </context>
  </instance>


  <instance id="between.p.fn.619996" docsrc="FN">
    <answer instance="between.p.fn.619996" senseid="1(1)"/>
    <context>
      At last they emerged <head>between</head> two giant ventilator gargoyles with dinosaurian mouths .
    </context>
  </instance>


  <instance id="between.p.fn.823429" docsrc="FN">
    <answer instance="between.p.fn.823429" senseid="3(3)"/>
    <context>
      The Sparc-based Network Co-Processor costs <head>between</head> $160,000 and $180,000 .
    </context>
  </instance>


  <instance id="between.p.fn.823432" docsrc="FN">
    <answer instance="between.p.fn.823432" senseid="3(3)"/>
    <context>
      At the ` height " of their career , the sample group used an average of between 0.25 and 0.5 gram a day , a daily habit costing <head>between</head> 20 and 35 .
    </context>
  </instance>


  <instance id="between.p.fn.823434" docsrc="FN">
    <answer instance="between.p.fn.823434" senseid="3(3)"/>
    <context>
      A completely new bathroom will cost <head>between</head> $1,000 and $2,000 , and add about half its value to the home .
    </context>
  </instance>


  <instance id="between.p.fn.823438" docsrc="FN">
    <answer instance="between.p.fn.823438" senseid="3(3)"/>
    <context>
      They say repairs could cost <head>between</head> $20,000 and $60,000 if it had to be rebuilt .
    </context>
  </instance>


  <instance id="between.p.fn.664162" docsrc="FN">
    <answer instance="between.p.fn.664162" senseid="4(4)"/>
    <context>
      BBC chiefs may cut parts of a chat <head>between</head> actress Brigitte Nielsen and Terry Wogan because it is too raunchy for TV .
    </context>
  </instance>


  <instance id="between.p.fn.664164" docsrc="FN">
    <answer instance="between.p.fn.664164" senseid="4(4)"/>
    <context>
      In the end it was a very cosy chat <head>between</head> Norma Johnston and John Simpson ( BBC Foreign Affairs Editor ) chaired by local radio personality Jenny Lacey .
    </context>
  </instance>


  <instance id="between.p.fn.367877" docsrc="FN">
    <answer instance="between.p.fn.367877" senseid="4(4)"/>
    <context>
      They leant against the gate , not expecting trouble as they joked <head>between</head> themselves .
    </context>
  </instance>


</lexelt>
