<lexelt item="down">

  <instance id="down.p.fn.605921" docsrc="FN">
    <answer instance="down.p.fn.605921" senseid="2(1a)"/>
    <context>
      A cabin cruiser was chugging <head>down</head> the wide brown river towards that little harbour I 'd seen , and over the other side the bank was so steep that the rows of terraced houses were leaning over each other to get a view . 
    </context>
  </instance>


  <instance id="down.p.fn.605922" docsrc="FN">
    <answer instance="down.p.fn.605922" senseid="3(1b)"/>
    <context>
      As the car chugged <head>down</head> the M1 motorway I stopped cursing my bad luck and thought of how we could have made the first descent if only we had concentrated on the job in hand and not got the press involved or told so many people all about our daring endeavour . 
    </context>
  </instance>


  <instance id="down.p.fn.606230" docsrc="FN">
    <answer instance="down.p.fn.606230" senseid="3(1b)"/>
    <context>
      ` I 'll go , " sobbed Perdita , and , leaping on to Hermia 's back , she clattered off <head>down</head> the drive . 
    </context>
  </instance>


  <instance id="down.p.fn.606243" docsrc="FN">
    <answer instance="down.p.fn.606243" senseid="1(1)"/>
    <context>
      Squeaky Sutton , the landlord of the ` Windy Ridge " for the past thirty years , looked up as the noisy party clattered <head>down</head> the four steps into his cosy cellar bar . 
    </context>
  </instance>


  <instance id="down.p.fn.606244" docsrc="FN">
    <answer instance="down.p.fn.606244" senseid="1(1)"/>
    <context>
      The punt tipped over and started to clatter <head>down</head> the rollers the other side . 
    </context>
  </instance>


  <instance id="down.p.fn.606245" docsrc="FN">
    <answer instance="down.p.fn.606245" senseid="3(1b)"/>
    <context>
      Willie rose and clattered <head>down</head> the hallway . 
    </context>
  </instance>


  <instance id="down.p.fn.606250" docsrc="FN">
    <answer instance="down.p.fn.606250" senseid="1(1)"/>
    <context>
      He says he experienced a tremendous thrill when he heard the tinkle of money and saw a glittering stream of silver coins clattering <head>down</head> the chute . 
    </context>
  </instance>


  <instance id="down.p.fn.606253" docsrc="FN">
    <answer instance="down.p.fn.606253" senseid="1(1)"/>
    <context>
      They rode in single file , for the ground became broken as they climbed higher and the hoofs of their mounts dislodged loose stones that clattered <head>down</head> the hillside . 
    </context>
  </instance>


  <instance id="down.p.fn.606255" docsrc="FN">
    <answer instance="down.p.fn.606255" senseid="1(1)"/>
    <context>
      Someone clattered <head>down</head> a wooden staircase . 
    </context>
  </instance>


  <instance id="down.p.fn.606262" docsrc="FN">
    <answer instance="down.p.fn.606262" senseid="1(1)"/>
    <context>
      It usually means clattering over ice and rocks <head>down</head> a three-foot-wide piste , in gale-force winds and horizontal rain . 
    </context>
  </instance>


  <instance id="down.p.fn.606609" docsrc="FN">
    <answer instance="down.p.fn.606609" senseid="3(1b)"/>
    <context>
      You 're a fool , boy , " he said , and clumped off <head>down</head> the hall . 
    </context>
  </instance>


  <instance id="down.p.fn.606616" docsrc="FN">
    <answer instance="down.p.fn.606616" senseid="1(1)"/>
    <context>
      Swedish feet in wooden sandals clumped <head>down</head> the stairs past his door , then up again , paused , knocked , said ` Telephone " and continued back to their room . 
    </context>
  </instance>


  <instance id="down.p.fn.606617" docsrc="FN">
    <answer instance="down.p.fn.606617" senseid="1(1)"/>
    <context>
      Their feet clumped <head>down</head> the stairs . 
    </context>
  </instance>


  <instance id="down.p.fn.607018" docsrc="FN">
    <answer instance="down.p.fn.607018" senseid="1(1)"/>
    <context>
      I made myself very small as the stags crashed <head>down</head> the heathery , birch-studded hillside . 
    </context>
  </instance>


  <instance id="down.p.fn.607019" docsrc="FN">
    <answer instance="down.p.fn.607019" senseid="1(1)"/>
    <context>
      I watched in alarm as the rapidly rotating bundle crashed <head>down</head> the slope , jettisoning bits and pieces as it went . 
    </context>
  </instance>


  <instance id="down.p.fn.607024" docsrc="FN">
    <answer instance="down.p.fn.607024" senseid="1(1)"/>
    <context>
      On 18 May a magnitude 5 earthquake triggered a failure of the bulge and a huge landslide crashed <head>down</head> the mountain . 
    </context>
  </instance>


  <instance id="down.p.fn.607353" docsrc="FN">
    <answer instance="down.p.fn.607353" senseid="1(1)"/>
    <context>
      Chemicals gurgle <head>down</head> a drain straight into Hong Kong 's sewers . 
    </context>
  </instance>


  <instance id="down.p.fn.607358" docsrc="FN">
    <answer instance="down.p.fn.607358" senseid="1(1)"/>
    <context>
      ` All right , " he said , his voice like water gurgling <head>down</head> a plughole . 
    </context>
  </instance>


  <instance id="down.p.fn.607582" docsrc="FN">
    <answer instance="down.p.fn.607582" senseid="3(1b)"/>
    <context>
      The Waverley puttered <head>down</head> the still narrow river like a little terrier keen to get to the open fields of the Firth and the sea beyond . 
    </context>
  </instance>


  <instance id="down.p.fn.607690" docsrc="FN">
    <answer instance="down.p.fn.607690" senseid="3(1b)"/>
    <context>
      Armoured personnel carriers rumble <head>down</head> streets that are normally home to Mercedes and convertible BMWs . 
    </context>
  </instance>


  <instance id="down.p.fn.617801" docsrc="FN">
    <answer instance="down.p.fn.617801" senseid="1(1)"/>
    <context>
      Once in our picturesque ski village , our friends were anxious to hire the gear and get straightaway into the serious business of descending headfirst <head>down</head> something snow-capped . 
    </context>
  </instance>


  <instance id="down.p.fn.617804" docsrc="FN">
    <answer instance="down.p.fn.617804" senseid="1(1)"/>
    <context>
      We descended immediately <head>down</head> the zig-zags of the north west face . 
    </context>
  </instance>


  <instance id="down.p.fn.617829" docsrc="FN">
    <answer instance="down.p.fn.617829" senseid="1(1)"/>
    <context>
      Having finished , she descends a little way <head>down</head> the twig and then lays another batch . 
    </context>
  </instance>


  <instance id="down.p.fn.618722" docsrc="FN">
    <answer instance="down.p.fn.618722" senseid="1(1)"/>
    <context>
      Some are in a state of imminent collapse and in others , side passages branch off in all directions and shafts can suddenly appear at your feet dropping <head>down</head> hundreds of feet into the darkness . 
    </context>
  </instance>


  <instance id="down.p.fn.619675" docsrc="FN">
    <answer instance="down.p.fn.619675" senseid="1(1)"/>
    <context>
      As she crept from her room and edged slowly <head>down</head> the stairs -- avoiding the most creaky -- she put from her mind any thought that Wakelate might follow her . 
    </context>
  </instance>


  <instance id="down.p.fn.621821" docsrc="FN">
    <answer instance="down.p.fn.621821" senseid="1(1)"/>
    <context>
      I ca n't recall , before , having had to peep through my fingers at Coronation Street as I did on Wednesday when Carmel , at the end of a riveting confrontation with Gail , plummeted <head>down</head> the stairs . 
    </context>
  </instance>


  <instance id="down.p.fn.624444" docsrc="FN">
    <answer instance="down.p.fn.624444" senseid="1(1)"/>
    <context>
      She thought again what a point of defence the tower was , commanding the countryside , and then she saw that there was a back road leading away from the tower , narrower , bumpier even than the drive to the front door , which snaked quickly <head>down</head> the hill and out of sight . 
    </context>
  </instance>


  <instance id="down.p.fn.624470" docsrc="FN">
    <answer instance="down.p.fn.624470" senseid="1(1)"/>
    <context>
      Then , for the last twenty minutes , the road snakes <head>down</head> the mountainside . 
    </context>
  </instance>


  <instance id="down.p.fn.626688" docsrc="FN">
    <answer instance="down.p.fn.626688" senseid="3(1b)"/>
    <context>
      Mr Rowse 's patients , forever winding <head>down</head> the path , oppressed Ken with the sense of his own age and mortality . 
    </context>
  </instance>


  <instance id="down.p.fn.626777" docsrc="FN">
    <answer instance="down.p.fn.626777" senseid="1(1)"/>
    <context>
      The path from Billy 's cottage wound <head>down</head> towards the river bank . 
    </context>
  </instance>


  <instance id="down.p.fn.626890" docsrc="FN">
    <answer instance="down.p.fn.626890" senseid="1(1)"/>
    <context>
      Cut into the sultry gold of his skin she saw a thin white line which zigzagged <head>down</head> from beside his eye , along his cheekbone , to his jaw . 
    </context>
  </instance>


  <instance id="down.p.fn.626891" docsrc="FN">
    <answer instance="down.p.fn.626891" senseid="1(1)"/>
    <context>
      A narrow path zigzagged steeply <head>down</head> from in front of the colonnade to the shore . 
    </context>
  </instance>


  <instance id="down.p.fn.629161" docsrc="FN">
    <answer instance="down.p.fn.629161" senseid="1(1)"/>
    <context>
      The trees are anchored by 20 metre polyurethane roots , formed by injecting liquid chemicals <head>down</head> a steel tube . 
    </context>
  </instance>


  <instance id="down.p.fn.631785" docsrc="FN">
    <answer instance="down.p.fn.631785" senseid="3(1b)"/>
    <context>
      ` I parked <head>down</head> the road " 
    </context>
  </instance>


  <instance id="down.p.fn.632501" docsrc="FN">
    <answer instance="down.p.fn.632501" senseid="1(1)"/>
    <context>
      The first people in each team place the keys <head>down</head> their neck and out through the bottom of their trouser legs or slacks . 
    </context>
  </instance>


  <instance id="down.p.fn.635687" docsrc="FN">
    <answer instance="down.p.fn.635687" senseid="1(1)"/>
    <context>
      Both boys began stuffing the empty cases <head>down</head> their shirts . 
    </context>
  </instance>


  <instance id="down.p.fn.635693" docsrc="FN">
    <answer instance="down.p.fn.635693" senseid="1(1)"/>
    <context>
      So after this meal , when I find I 'm stuffing foul non-rancid things <head>down</head> my throat -- without bad effects -- I try a quick scuttle round the room . 
    </context>
  </instance>


  <instance id="down.p.fn.635694" docsrc="FN">
    <answer instance="down.p.fn.635694" senseid="1(1)"/>
    <context>
      Sally took the strip of paper and stuffed it <head>down</head> the front of her skirt . 
    </context>
  </instance>


  <instance id="down.p.fn.636150" docsrc="FN">
    <answer instance="down.p.fn.636150" senseid="1(1)"/>
    <context>
      While I ca n't condone this sort of cheating Mr Unce , I have found two very good methods are tucking them <head>down</head> your sock or writing them on your shirt cuff . 
    </context>
  </instance>


  <instance id="down.p.fn.636152" docsrc="FN">
    <answer instance="down.p.fn.636152" senseid="1(1)"/>
    <context>
      The white men took away our land , " she said tucking the coin <head>down</head> the front of her dirty dress , ` And now there is nowhere left to grow maize . 
    </context>
  </instance>


  <instance id="down.p.fn.733210" docsrc="FN">
    <answer instance="down.p.fn.733210" senseid="3(1b)"/>
    <context>
      He appeared in July ` 85 , ambling <head>down</head> the 18th fairway at Royal St George 's . 
    </context>
  </instance>


  <instance id="down.p.fn.733213" docsrc="FN">
    <answer instance="down.p.fn.733213" senseid="3(1b)"/>
    <context>
      He sighed and ambled <head>down</head> the corridor , whistling ` Hi-ho , hi-ho , " under his breath . 
    </context>
  </instance>


  <instance id="down.p.fn.734236" docsrc="FN">
    <answer instance="down.p.fn.734236" senseid="3(1b)"/>
    <context>
      He gave a shriek that should have woken the village ghosts , and bolted <head>down</head> the road , shivering puddles into glittering clouds around him . 
    </context>
  </instance>


  <instance id="down.p.fn.734312" docsrc="FN">
    <answer instance="down.p.fn.734312" senseid="3(1b)"/>
    <context>
      He bolts off , <head>down</head> the wet lawn , without a backward glance . 
    </context>
  </instance>


  <instance id="down.p.fn.734322" docsrc="FN">
    <answer instance="down.p.fn.734322" senseid="1(1)"/>
    <context>
      The other three turned and bolted off <head>down</head> the stairs . 
    </context>
  </instance>


  <instance id="down.p.fn.734417" docsrc="FN">
    <answer instance="down.p.fn.734417" senseid="1(1)"/>
    <context>
      Louis came bounding <head>down</head> the stairs . 
    </context>
  </instance>


  <instance id="down.p.fn.734733" docsrc="FN">
    <answer instance="down.p.fn.734733" senseid="1(1)"/>
    <context>
      As Theda came out into the dark hall , she heard someone bustling <head>down</head> the stairs , and recognised Mrs Diggory 's voice . 
    </context>
  </instance>


  <instance id="down.p.fn.734866" docsrc="FN">
    <answer instance="down.p.fn.734866" senseid="3(1b)"/>
    <context>
      Mr Pigdon picked up the candle which had been ready to light him to bed from a shelf in an alcove by the door , and bustled past the visitor <head>down</head> the hall . 
    </context>
  </instance>


  <instance id="down.p.fn.734979" docsrc="FN">
    <answer instance="down.p.fn.734979" senseid="3(1b)"/>
    <context>
      Reluctantly , and without much enthusiasm , Blair clambered <head>down</head> the river bank and waded across the stream . 
    </context>
  </instance>


  <instance id="down.p.fn.734988" docsrc="FN">
    <answer instance="down.p.fn.734988" senseid="1(1)"/>
    <context>
      He stepped over Gabriel 's knees and clambered <head>down</head> the ladder , mumbling . 
    </context>
  </instance>


  <instance id="down.p.fn.809844" docsrc="FN">
    <answer instance="down.p.fn.809844" senseid="1(1)"/>
    <context>
      She climbed <head>down</head> the dune and walked towards him . 
    </context>
  </instance>


  <instance id="down.p.fn.810020" docsrc="FN">
    <answer instance="down.p.fn.810020" senseid="1(1)"/>
    <context>
      We walked on until we reached an unlit stretch of the Corniche , then climbed over a low wall and <head>down</head> the short slope to the river 's edge where we were out of sight of the sentries . 
    </context>
  </instance>


  <instance id="down.p.fn.735213" docsrc="FN">
    <answer instance="down.p.fn.735213" senseid="1(1)"/>
    <context>
      She clomped <head>down</head> the steps in her ankle boots and blue woollen dress , and stood shyly beside Willie , twisting the hem of her dress in her hand till her knickers came into view . 
    </context>
  </instance>


  <instance id="down.p.fn.735309" docsrc="FN">
    <answer instance="down.p.fn.735309" senseid="3(1b)"/>
    <context>
      The black-out happened on Monday night when vandals crawled <head>down</head> a 100-yard tunnel which carried eight 33,000-volt mains cables , dragging a lorry tyre which they then set on fire . 
    </context>
  </instance>


  <instance id="down.p.fn.735310" docsrc="FN">
    <answer instance="down.p.fn.735310" senseid="1(1)"/>
    <context>
      It crawls <head>down</head> the vine and enters the soil , whereupon it reaches and punctures the roots for nourishment . 
    </context>
  </instance>


  <instance id="down.p.fn.735313" docsrc="FN">
    <answer instance="down.p.fn.735313" senseid="3(1b)"/>
    <context>
      Below him traffic crawled <head>down</head> Bond Street . 
    </context>
  </instance>


  <instance id="down.p.fn.735315" docsrc="FN">
    <answer instance="down.p.fn.735315" senseid="1(1)"/>
    <context>
      Rumour has it they 've been perfecting the belly crawl and crawling <head>down</head> rabbit holes to hide . 
    </context>
  </instance>


  <instance id="down.p.fn.735316" docsrc="FN">
    <answer instance="down.p.fn.735316" senseid="1(1)"/>
    <context>
      ` There 's a guy crawling <head>down</head> the wall up there , " said I. ` You wan na take a look , Barry ? " 
    </context>
  </instance>


  <instance id="down.p.fn.735534" docsrc="FN">
    <answer instance="down.p.fn.735534" senseid="1(1)"/>
    <context>
      I crawled <head>down</head> these stairs forty-eight years ago and I 've walked up and down them ever since , mostly in me bare feet , and I 've never got splinters . " 
    </context>
  </instance>


  <instance id="down.p.fn.735849" docsrc="FN">
    <answer instance="down.p.fn.735849" senseid="3(1b)"/>
    <context>
      I crept off <head>down</head> a little path through curling bracken . 
    </context>
  </instance>


  <instance id="down.p.fn.736037" docsrc="FN">
    <answer instance="down.p.fn.736037" senseid="1(1)"/>
    <context>
      The three of them began to creep slowly <head>down</head> the hill , moving from tree to tree , but no more than a few yards at a time . 
    </context>
  </instance>


  <instance id="down.p.fn.736211" docsrc="FN">
    <answer instance="down.p.fn.736211" senseid="3(1b)"/>
    <context>
      What is an old woman 's heart when compared to the joys of dancing half naked <head>down</head> a catwalk while the world watches ? " 
    </context>
  </instance>


  <instance id="down.p.fn.736623" docsrc="FN">
    <answer instance="down.p.fn.736623" senseid="3(1b)"/>
    <context>
      She danced <head>down</head> them in almost weightless pirouettes to paths that wandered between the flower-beds . 
    </context>
  </instance>


  <instance id="down.p.fn.736624" docsrc="FN">
    <answer instance="down.p.fn.736624" senseid="3(1b)"/>
    <context>
      She convulsed , collapsing to the floor with the pain that danced <head>down</head> the paths of her nervous system . 
    </context>
  </instance>


  <instance id="down.p.fn.736626" docsrc="FN">
    <answer instance="down.p.fn.736626" senseid="3(1b)"/>
    <context>
      They danced wildly <head>down</head> the street , abandoning themselves to the night and the moon . 
    </context>
  </instance>


  <instance id="down.p.fn.736819" docsrc="FN">
    <answer instance="down.p.fn.736819" senseid="3(1b)"/>
    <context>
      When he was certain they were not being followed he darted <head>down</head> a narrow , stinking court and knocked at a door . 
    </context>
  </instance>


  <instance id="down.p.fn.737213" docsrc="FN">
    <answer instance="down.p.fn.737213" senseid="3(1b)"/>
    <context>
      For the trolley orderlies they are like a quick dash with a rickshaw <head>down</head> a Singapore street . 
    </context>
  </instance>


  <instance id="down.p.fn.737292" docsrc="FN">
    <answer instance="down.p.fn.737292" senseid="3(1b)"/>
    <context>
      All the Shermans turned to watch in alarm as the captain dashed away <head>down</head> the companionway , dragging a revolver from inside his white uniform tunic . 
    </context>
  </instance>


  <instance id="down.p.fn.737321" docsrc="FN">
    <answer instance="down.p.fn.737321" senseid="1(1)"/>
    <context>
      Jenny dashed <head>down</head> the bank to the river and pulled off her shoes and socks . 
    </context>
  </instance>


  <instance id="down.p.fn.737396" docsrc="FN">
    <answer instance="down.p.fn.737396" senseid="3(1b)"/>
    <context>
      I dashed out <head>down</head> the street to the pub to get him round to the cottage before Mr Vulcan changed his mind . 
    </context>
  </instance>


  <instance id="down.p.fn.738056" docsrc="FN">
    <answer instance="down.p.fn.738056" senseid="3(1b)"/>
    <context>
      The IB is already hastening <head>down</head> this path . 
    </context>
  </instance>


  <instance id="down.p.fn.738576" docsrc="FN">
    <answer instance="down.p.fn.738576" senseid="3(1b)"/>
    <context>
      She hurried across the bridge and <head>down</head> the path , then climbed the wooden steps up on to the terrace . 
    </context>
  </instance>


  <instance id="down.p.fn.738848" docsrc="FN">
    <answer instance="down.p.fn.738848" senseid="1(1)"/>
    <context>
      Carrie smiled at him and hurried <head>down</head> the stairs . 
    </context>
  </instance>


  <instance id="down.p.fn.738857" docsrc="FN">
    <answer instance="down.p.fn.738857" senseid="3(1b)"/>
    <context>
      Winston watched him hurry <head>down</head> the drive to his car . 
    </context>
  </instance>


  <instance id="down.p.fn.748271" docsrc="FN">
    <answer instance="down.p.fn.748271" senseid="3(1b)"/>
    <context>
      McLeish jogged <head>down</head> the passage , overcoming irritation . 
    </context>
  </instance>


  <instance id="down.p.fn.748276" docsrc="FN">
    <answer instance="down.p.fn.748276" senseid="3(1b)"/>
    <context>
      Meanwhile Captain Bill Pritchard and his corporal -- a Scots engineer apprentice , Mac , I.L. Maclagan -- jogged silently <head>down</head> the lock 's east wall but found none of the expected demolitions at its gates . 
    </context>
  </instance>


  <instance id="down.p.fn.748277" docsrc="FN">
    <answer instance="down.p.fn.748277" senseid="3(1b)"/>
    <context>
      They jogged slowly <head>down</head> the hill . 
    </context>
  </instance>


  <instance id="down.p.fn.748278" docsrc="FN">
    <answer instance="down.p.fn.748278" senseid="3(1b)"/>
    <context>
      ` I 've knitted you a tracksuit , dear -- now you 'll be able to jog <head>down</head> to the shop when I need more yarn . " 
    </context>
  </instance>


  <instance id="down.p.fn.748339" docsrc="FN">
    <answer instance="down.p.fn.748339" senseid="3(1b)"/>
    <context>
      I jogged <head>down</head> the stairs while he began to argue with the builders . 
    </context>
  </instance>


  <instance id="down.p.fn.750181" docsrc="FN">
    <answer instance="down.p.fn.750181" senseid="3(1b)"/>
    <context>
      The flight was early and almost immediately she saw him , loping <head>down</head> the side of the moving walkway , noticeably more gaunt and suntanned than the youth who had left barely ten days earlier . 
    </context>
  </instance>


  <instance id="down.p.fn.750184" docsrc="FN">
    <answer instance="down.p.fn.750184" senseid="3(1b)"/>
    <context>
      Tim loped off <head>down</head> an alleyway lined with pet food , and halted before a tier of shelves of bottles , brown and red bottles , ochre and copper and olive-green . 
    </context>
  </instance>


  <instance id="down.p.fn.750185" docsrc="FN">
    <answer instance="down.p.fn.750185" senseid="3(1b)"/>
    <context>
      The Asian security man unlocked the door to the documentary department office and loped off <head>down</head> the corridor with a distracted smile on his face . 
    </context>
  </instance>


  <instance id="down.p.fn.750202" docsrc="FN">
    <answer instance="down.p.fn.750202" senseid="3(1b)"/>
    <context>
      Oh , sure , he quivers on slippery poles as tall as the moon is high , and lopes nude <head>down</head> tunnels while alarm-clocks sound , etc -- but there are no worrying resonances . 
    </context>
  </instance>


  <instance id="down.p.fn.750210" docsrc="FN">
    <answer instance="down.p.fn.750210" senseid="3(1b)"/>
    <context>
      He had been disappointed to find Dr Ockleton absent from his rooms in the morning , but a pretty girl in jogging kit , who had come loping <head>down</head> the stairs whilst he was knocking at Ockleton 's door , had run on the spot long enough to tell him that the doctor lectured on Tuesday mornings and that Harry would probably have better luck after lunch . 
    </context>
  </instance>


  <instance id="down.p.fn.750236" docsrc="FN">
    <answer instance="down.p.fn.750236" senseid="1(1)"/>
    <context>
      Impatiently he watched him lumber blindly <head>down</head> the steep narrow staircase and when the bridegroom reached the bottom , Burden said curtly : 
    </context>
  </instance>


  <instance id="down.p.fn.750238" docsrc="FN">
    <answer instance="down.p.fn.750238" senseid="3(1b)"/>
    <context>
      It was indeed an ambulance : a field ambulance , boldly redcrossed , lumbering <head>down</head> the track . 
    </context>
  </instance>


  <instance id="down.p.fn.750239" docsrc="FN">
    <answer instance="down.p.fn.750239" senseid="3(1b)"/>
    <context>
      ` Slowly , but very deliberately , the brooding edifice of seduction , creaking and incongruous , came into being , a vast Heath Robinson mechanism , dually controlled by us and lumbering gloomily <head>down</head> vistas of triteness . 
    </context>
  </instance>


  <instance id="down.p.fn.750292" docsrc="FN">
    <answer instance="down.p.fn.750292" senseid="3(1b)"/>
    <context>
      A battered Model T Ford , mounted with a shining machine gun , flying an unrecognisable flag , was lumbering <head>down</head> the street , pushing people and stalls before it . 
    </context>
  </instance>


  <instance id="down.p.fn.750950" docsrc="FN">
    <answer instance="down.p.fn.750950" senseid="3(1b)"/>
    <context>
      The armies that came to Lebanon marched <head>down</head> a long , dull tunnel that inevitably ended in brown smoke and pieces of flesh . 
    </context>
  </instance>


  <instance id="down.p.fn.750951" docsrc="FN">
    <answer instance="down.p.fn.750951" senseid="3(1b)"/>
    <context>
      He marched <head>down</head> the steps . 
    </context>
  </instance>


  <instance id="down.p.fn.750956" docsrc="FN">
    <answer instance="down.p.fn.750956" senseid="3(1b)"/>
    <context>
      A Scottish battalion was marching <head>down</head> the street , its pace dictated by the soft beat of a muffled drum . 
    </context>
  </instance>


  <instance id="down.p.fn.751917" docsrc="FN">
    <answer instance="down.p.fn.751917" senseid="3(1b)"/>
    <context>
      The tall boy turned away and began to pace away <head>down</head> the hill . 
    </context>
  </instance>


  <instance id="down.p.fn.752334" docsrc="FN">
    <answer instance="down.p.fn.752334" senseid="3(1b)"/>
    <context>
      ` As I padded <head>down</head> the passage to the kitchen , I felt that something was wrong . 
    </context>
  </instance>


  <instance id="down.p.fn.752336" docsrc="FN">
    <answer instance="down.p.fn.752336" senseid="3(1b)"/>
    <context>
      They padded <head>down</head> the backstairs . 
    </context>
  </instance>


  <instance id="down.p.fn.752337" docsrc="FN">
    <answer instance="down.p.fn.752337" senseid="3(1b)"/>
    <context>
      I rolled out of the upper berth and padded <head>down</head> the corridor to the bathroom . 
    </context>
  </instance>


  <instance id="down.p.fn.752338" docsrc="FN">
    <answer instance="down.p.fn.752338" senseid="3(1b)"/>
    <context>
      They padded <head>down</head> a series of passages that criss-crossed like a maze . 
    </context>
  </instance>


  <instance id="down.p.fn.752557" docsrc="FN">
    <answer instance="down.p.fn.752557" senseid="1(1)"/>
    <context>
      So it was a quietly defiant Alistair who , the next morning , came plodding <head>down</head> the stairs , and glanced at the splayed mail on the shelf as he headed for the door . 
    </context>
  </instance>


  <instance id="down.p.fn.752800" docsrc="FN">
    <answer instance="down.p.fn.752800" senseid="3(1b)"/>
    <context>
      She ushered them into deep leather chairs , offered Edward a copy of the Financial Times ( which he took , cravenly ) and pranced off <head>down</head> a corridor . 
    </context>
  </instance>


  <instance id="down.p.fn.753648" docsrc="FN">
    <answer instance="down.p.fn.753648" senseid="1(1)"/>
    <context>
      <head>Down</head> rushed all the wine and brandy , straight down the side of the mountain so that the king , and his palace , and his wicked minister Milosu were all swept away . 
    </context>
  </instance>


  <instance id="down.p.fn.753763" docsrc="FN">
    <answer instance="down.p.fn.753763" senseid="1(1)"/>
    <context>
      Now he suddenly reappeared , clad in nothing but a pair of nankeen trousers , rushing <head>down</head> the stairs and levelling a pistol at my head ! 
    </context>
  </instance>


  <instance id="down.p.fn.754024" docsrc="FN">
    <answer instance="down.p.fn.754024" senseid="3(1b)"/>
    <context>
      She rushed <head>down</head> the corridor , through the kitchen , out of the back door to the shed and ran back with the barrow and the spade clattering on top . 
    </context>
  </instance>


  <instance id="down.p.fn.754025" docsrc="FN">
    <answer instance="down.p.fn.754025" senseid="1(1)"/>
    <context>
      He rushed <head>down</head> the stairs and Philip ran after him , his arms out like a plane too . 
    </context>
  </instance>


  <instance id="down.p.fn.754036" docsrc="FN">
    <answer instance="down.p.fn.754036" senseid="3(1b)"/>
    <context>
      Duvall was already pulling open one of the main doors when Rohmer and the others rushed <head>down</head> the corridor towards them . 
    </context>
  </instance>


  <instance id="down.p.fn.754063" docsrc="FN">
    <answer instance="down.p.fn.754063" senseid="3(1b)"/>
    <context>
      Maud went rushing off <head>down</head> the corridor , but Mildred stopped and looked out of the window to see if there was any evidence of fire . 
    </context>
  </instance>


  <instance id="down.p.fn.849809" docsrc="FN">
    <answer instance="down.p.fn.849809" senseid="3(1b)"/>
    <context>
      Why do some women see marriage as an absolute priority from the start of a relationship , yet others would n't sashay <head>down</head> the aisle if their lives depended on it ? 
    </context>
  </instance>


  <instance id="down.p.fn.754449" docsrc="FN">
    <answer instance="down.p.fn.754449" senseid="3(1b)"/>
    <context>
      She ran past the Library to the corner of Unter den Linden and saw Karl , notable in his elegant overcoat , sauntering <head>down</head> the street . 
    </context>
  </instance>


  <instance id="down.p.fn.754450" docsrc="FN">
    <answer instance="down.p.fn.754450" senseid="3(1b)"/>
    <context>
      Diana Ross sauntered <head>down</head> the catwalk this season wearing little more than a feather boa and a smile . 
    </context>
  </instance>


  <instance id="down.p.fn.754454" docsrc="FN">
    <answer instance="down.p.fn.754454" senseid="3(1b)"/>
    <context>
      When he tried to upstage her she sauntered <head>down</head> to the front of the stage and such was her control over the audience now , he had to back off , otherwise it would have been he who looked ridiculous . 
    </context>
  </instance>


  <instance id="down.p.fn.754595" docsrc="FN">
    <answer instance="down.p.fn.754595" senseid="3(1b)"/>
    <context>
      She hurried downstage and scampered <head>down</head> the makeshift gangway to the auditorium floor . 
    </context>
  </instance>


  <instance id="down.p.fn.754602" docsrc="FN">
    <answer instance="down.p.fn.754602" senseid="1(1)"/>
    <context>
      I forgot eggs , " he called , and scampered off <head>down</head> the stairs to get some from an early dairy around the corner . 
    </context>
  </instance>


  <instance id="down.p.fn.754711" docsrc="FN">
    <answer instance="down.p.fn.754711" senseid="3(1b)"/>
    <context>
      Scooting <head>down</head> the side-aisle , she ducked past him and out of the shop , where she continued to run blindly until she was caught up against a solid chest . 
    </context>
  </instance>


  <instance id="down.p.fn.754801" docsrc="FN">
    <answer instance="down.p.fn.754801" senseid="1(1)"/>
    <context>
      A steep scramble <head>down</head> an ivy-covered slope leads one into a place of great natural beauty alive with the earth spirit force . 
    </context>
  </instance>


  <instance id="down.p.fn.754871" docsrc="FN">
    <answer instance="down.p.fn.754871" senseid="1(1)"/>
    <context>
      The four men looked up as he came scrambling <head>down</head> the steep bank . 
    </context>
  </instance>


  <instance id="down.p.fn.754881" docsrc="FN">
    <answer instance="down.p.fn.754881" senseid="1(1)"/>
    <context>
      The pictures , Britta realized , were the views seen by the Counsellors as they scrambled <head>down</head> the slope towards the wrecked craft . 
    </context>
  </instance>


  <instance id="down.p.fn.754889" docsrc="FN">
    <answer instance="down.p.fn.754889" senseid="1(1)"/>
    <context>
      Then fear overcame curiosity and he scrambled <head>down</head> from the tree with such haste that he skinned his knees and gouged a long deep gash along the inside of his forearm . 
    </context>
  </instance>


  <instance id="down.p.fn.754896" docsrc="FN">
    <answer instance="down.p.fn.754896" senseid="1(1)"/>
    <context>
      He scrambled <head>down</head> from his chair and looked hopefully at Nick , and when he said , ` Do you mean you want us to come and help milk the cow ? " 
    </context>
  </instance>


  <instance id="down.p.fn.755507" docsrc="FN">
    <answer instance="down.p.fn.755507" senseid="3(1b)"/>
    <context>
      The other scurried <head>down</head> the garden path towards Meredith . 
    </context>
  </instance>


  <instance id="down.p.fn.755510" docsrc="FN">
    <answer instance="down.p.fn.755510" senseid="1(1)"/>
    <context>
      A rat as big as a cat scurried <head>down</head> a steep slope and a small bush slid down after it in the torrential downpour . 
    </context>
  </instance>


  <instance id="down.p.fn.755730" docsrc="FN">
    <answer instance="down.p.fn.755730" senseid="3(1b)"/>
    <context>
      Instead of the usual friendly salutations , he scuttled away <head>down</head> the alleyway to sell his information to men like Waller and others to whom I owed debts . 
    </context>
  </instance>


  <instance id="down.p.fn.755738" docsrc="FN">
    <answer instance="down.p.fn.755738" senseid="1(1)"/>
    <context>
      I became aware that feet were scuttling <head>down</head> the stairs , and my father was bellowing from the regions below , ` For God 's sake , come down ! " 
    </context>
  </instance>


  <instance id="down.p.fn.755958" docsrc="FN">
    <answer instance="down.p.fn.755958" senseid="3(1b)"/>
    <context>
      When Eric Cantona , having completed his first full 90 minutes , embraced Mark Hughes at the end of this significant victory , it was apt that McClair should quietly shuffle <head>down</head> the tunnel . 
    </context>
  </instance>


  <instance id="down.p.fn.755972" docsrc="FN">
    <answer instance="down.p.fn.755972" senseid="3(1b)"/>
    <context>
      Josh shuffled off <head>down</head> the lip of the basin still sieving the water . 
    </context>
  </instance>


  <instance id="down.p.fn.756257" docsrc="FN">
    <answer instance="down.p.fn.756257" senseid="3(1b)"/>
    <context>
      A young girl skips <head>down</head> the steep path with a small sack of potatoes . 
    </context>
  </instance>


  <instance id="down.p.fn.756260" docsrc="FN">
    <answer instance="down.p.fn.756260" senseid="3(1b)"/>
    <context>
      Skipping <head>down</head> old moraine we reached the banks of the Shyok , more than 160 miles above our last crossing point . 
    </context>
  </instance>


  <instance id="down.p.fn.756261" docsrc="FN">
    <answer instance="down.p.fn.756261" senseid="3(1b)"/>
    <context>
      Carrie sang too , as she skipped <head>down</head> the railway track ; sang under her breath and laughed to herself . 
    </context>
  </instance>


  <instance id="down.p.fn.756264" docsrc="FN">
    <answer instance="down.p.fn.756264" senseid="3(1b)"/>
    <context>
      My eye skips <head>down</head> the page . 
    </context>
  </instance>


  <instance id="down.p.fn.756265" docsrc="FN">
    <answer instance="down.p.fn.756265" senseid="3(1b)"/>
    <context>
      He skipped <head>down</head> the steps as happily as any boy . 
    </context>
  </instance>


  <instance id="down.p.fn.756481" docsrc="FN">
    <answer instance="down.p.fn.756481" senseid="3(1b)"/>
    <context>
      I skulked <head>down</head> one side of the garden and went through the arch which led me to a walled garden in the middle of which there was a fountain playing . 
    </context>
  </instance>


  <instance id="down.p.fn.756630" docsrc="FN">
    <answer instance="down.p.fn.756630" senseid="1(1)"/>
    <context>
      The creature slithered away <head>down</head> the corridor . 
    </context>
  </instance>


  <instance id="down.p.fn.756640" docsrc="FN">
    <answer instance="down.p.fn.756640" senseid="1(1)"/>
    <context>
      Five minutes later he had slithered <head>down</head> the sandy cliffs , a mug of tea slopping in each hand . 
    </context>
  </instance>


  <instance id="down.p.fn.756642" docsrc="FN">
    <answer instance="down.p.fn.756642" senseid="1(1)"/>
    <context>
      She hardly felt the cuts and scratches as she slithered <head>down</head> the rocky path to the Cove . 
    </context>
  </instance>


  <instance id="down.p.fn.756650" docsrc="FN">
    <answer instance="down.p.fn.756650" senseid="1(1)"/>
    <context>
      Then he was climbing back up the bank he had slithered <head>down</head> and I watched as he walked in a leisurely fashion across the slope of the mountain to the gully . 
    </context>
  </instance>


  <instance id="down.p.fn.756652" docsrc="FN">
    <answer instance="down.p.fn.756652" senseid="1(1)"/>
    <context>
      Benjamin and I slithered <head>down</head> the bank . 
    </context>
  </instance>


  <instance id="down.p.fn.756654" docsrc="FN">
    <answer instance="down.p.fn.756654" senseid="1(1)"/>
    <context>
      An expression of pure horror shaped itself on his features as he slithered helplessly <head>down</head> the slope and plunged headlong into the stinking waters of Mucky Beck . 
    </context>
  </instance>


  <instance id="down.p.fn.756655" docsrc="FN">
    <answer instance="down.p.fn.756655" senseid="1(1)"/>
    <context>
      Turning , with my back to the hillside for a minute , I watch the red dragon of tail-lights slithering tightly <head>down</head> the valley . 
    </context>
  </instance>


  <instance id="down.p.fn.756686" docsrc="FN">
    <answer instance="down.p.fn.756686" senseid="1(1)"/>
    <context>
      Her frantic anxiety gave Marie extra strength : it was only her brute force that dragged the drum back when it skidded off the path and began to slither over the grass <head>down</head> towards the channel . 
    </context>
  </instance>


  <instance id="down.p.fn.756720" docsrc="FN">
    <answer instance="down.p.fn.756720" senseid="1(1)"/>
    <context>
      And Marigot Bay undoubtedly fell into the former category , she reflected , sipping more orange juice and letting the zingy citrus sweetness slither cold and reviving <head>down</head> her throat . 
    </context>
  </instance>


  <instance id="down.p.fn.758003" docsrc="FN">
    <answer instance="down.p.fn.758003" senseid="3(1b)"/>
    <context>
      With his video recorder still running , he dashed outside to see a youth sprinting <head>down</head> Kingston Street in the Corporation Road area . 
    </context>
  </instance>


  <instance id="down.p.fn.758005" docsrc="FN">
    <answer instance="down.p.fn.758005" senseid="3(1b)"/>
    <context>
      Earlier , the full-back , apparently incensed at being called off just three minutes into the second half , turned away from the bench and sprinted straight <head>down</head> the tunnel . 
    </context>
  </instance>


  <instance id="down.p.fn.758043" docsrc="FN">
    <answer instance="down.p.fn.758043" senseid="3(1b)"/>
    <context>
      Cambridge increased their lead on the half-hour when Simms intercepted an ambitious cut-out pass by Smith inside his own half and sprinted 70 yards <head>down</head> centre-field to score between the posts . 
    </context>
  </instance>


  <instance id="down.p.fn.758219" docsrc="FN">
    <answer instance="down.p.fn.758219" senseid="3(1b)"/>
    <context>
      A flailing chimera of camera crews , photographers and reporters staggers backwards <head>down</head> some city high street . 
    </context>
  </instance>


  <instance id="down.p.fn.758223" docsrc="FN">
    <answer instance="down.p.fn.758223" senseid="3(1b)"/>
    <context>
      Then Vernage noticed Sergeant King staggering <head>down</head> the road in a desperate bid to flag down a car . 
    </context>
  </instance>


  <instance id="down.p.fn.758227" docsrc="FN">
    <answer instance="down.p.fn.758227" senseid="3(1b)"/>
    <context>
      He picked himself up and staggered <head>down</head> a corridor . 
    </context>
  </instance>


  <instance id="down.p.fn.758230" docsrc="FN">
    <answer instance="down.p.fn.758230" senseid="3(1b)"/>
    <context>
      He paused for a while to compose himself then staggered <head>down</head> to the porter 's lodge . 
    </context>
  </instance>


  <instance id="down.p.fn.758238" docsrc="FN">
    <answer instance="down.p.fn.758238" senseid="3(1b)"/>
    <context>
      ` I said , ` Get lost " , and pushed past him and staggered off <head>down</head> the corridor . 
    </context>
  </instance>


  <instance id="down.p.fn.758241" docsrc="FN">
    <answer instance="down.p.fn.758241" senseid="3(1b)"/>
    <context>
      The sepoy staggered off , clutching at the violin strings , out of the music-room and <head>down</head> the corridor with Fleury still on his back . 
    </context>
  </instance>


  <instance id="down.p.fn.758788" docsrc="FN">
    <answer instance="down.p.fn.758788" senseid="3(1b)"/>
    <context>
      He stamped away <head>down</head> one of the corridors . 
    </context>
  </instance>


  <instance id="down.p.fn.758789" docsrc="FN">
    <answer instance="down.p.fn.758789" senseid="3(1b)"/>
    <context>
      As her mother stamped away <head>down</head> the drive Peggy stared after her . 
    </context>
  </instance>


  <instance id="down.p.fn.758798" docsrc="FN">
    <answer instance="down.p.fn.758798" senseid="3(1b)"/>
    <context>
      He tightened his dressing-gown cord around him and stamped <head>down</head> the stairs to the next landing . 
    </context>
  </instance>


  <instance id="down.p.fn.758861" docsrc="FN">
    <answer instance="down.p.fn.758861" senseid="3(1b)"/>
    <context>
      She pictured the man stamping <head>down</head> through his pub , irate and duty-bound . 
    </context>
  </instance>


  <instance id="down.p.fn.759439" docsrc="FN">
    <answer instance="down.p.fn.759439" senseid="3(1b)"/>
    <context>
      And I , maybe I 'm , I may be wrong on this , but it does seem to me that it is potentially a step <head>down</head> the road , in the longer term to the development of regional members . 
    </context>
  </instance>


  <instance id="down.p.fn.760630" docsrc="FN">
    <answer instance="down.p.fn.760630" senseid="1(1)"/>
    <context>
      Darius stomps <head>down</head> the three steps without saying a word . 
    </context>
  </instance>


  <instance id="down.p.fn.760698" docsrc="FN">
    <answer instance="down.p.fn.760698" senseid="1(1)"/>
    <context>
      And got heavier as they left the small station and straggled <head>down</head> a steep , cinder path . 
    </context>
  </instance>


  <instance id="down.p.fn.760814" docsrc="FN">
    <answer instance="down.p.fn.760814" senseid="3(1b)"/>
    <context>
      Jimmy was striding away <head>down</head> the corridor , his shoulders hunched up . 
    </context>
  </instance>


  <instance id="down.p.fn.760861" docsrc="FN">
    <answer instance="down.p.fn.760861" senseid="3(1b)"/>
    <context>
      ` Happens , " he said gruffly , patting her gingerly on the shoulder , and striding <head>down</head> the track ahead of her . 
    </context>
  </instance>


  <instance id="down.p.fn.760869" docsrc="FN">
    <answer instance="down.p.fn.760869" senseid="3(1b)"/>
    <context>
      She strode <head>down</head> the aisle towards the front of the nave her footsteps brisk . 
    </context>
  </instance>


  <instance id="down.p.fn.760881" docsrc="FN">
    <answer instance="down.p.fn.760881" senseid="3(1b)"/>
    <context>
      He left her then and strode <head>down</head> towards the town , surprised at the force of the night breeze sharp against his skin . 
    </context>
  </instance>


  <instance id="down.p.fn.760902" docsrc="FN">
    <answer instance="down.p.fn.760902" senseid="3(1b)"/>
    <context>
      He strode off <head>down</head> one of the aisles . 
    </context>
  </instance>


  <instance id="down.p.fn.761155" docsrc="FN">
    <answer instance="down.p.fn.761155" senseid="3(1b)"/>
    <context>
      Alec strode <head>down</head> Dame Street , impatient to be home . 
    </context>
  </instance>


  <instance id="down.p.fn.761357" docsrc="FN">
    <answer instance="down.p.fn.761357" senseid="3(1b)"/>
    <context>
      Come Sunday you 'll enjoy a stroll <head>down</head> Memory Lane to re-live if not recapture some of the golden moments you 've shared with the ones you love . 
    </context>
  </instance>


  <instance id="down.p.fn.761617" docsrc="FN">
    <answer instance="down.p.fn.761617" senseid="3(1b)"/>
    <context>
      They strolled <head>down</head> the cobbled streets past the little white houses , enjoying the sea breeze until they reached the bay . 
    </context>
  </instance>


  <instance id="down.p.fn.761622" docsrc="FN">
    <answer instance="down.p.fn.761622" senseid="3(1b)"/>
    <context>
      He strolled <head>down</head> the road , thinking , and not for the first time , what a remarkably quiet and empty road Church Row was . 
    </context>
  </instance>


  <instance id="down.p.fn.761632" docsrc="FN">
    <answer instance="down.p.fn.761632" senseid="3(1b)"/>
    <context>
      Forget about strolling <head>down</head> to the shops to get a newspaper or sauntering in the park with the family on Sundays . 
    </context>
  </instance>


  <instance id="down.p.fn.761664" docsrc="FN">
    <answer instance="down.p.fn.761664" senseid="3(1b)"/>
    <context>
      I strolled on <head>down</head> the edge of the ninth fairway in the gradually strengthening sun . 
    </context>
  </instance>


  <instance id="down.p.fn.761873" docsrc="FN">
    <answer instance="down.p.fn.761873" senseid="3(1b)"/>
    <context>
      Delighted to have her company , Harry linked his arm through hers and they strolled in a leisurely fashion <head>down</head> the shady drive . 
    </context>
  </instance>


  <instance id="down.p.fn.762017" docsrc="FN">
    <answer instance="down.p.fn.762017" senseid="3(1b)"/>
    <context>
      <head>Down</head> the road , three guys strut along dressed in full Clockwise Orange gear -- white long johns , jock straps , black bowlers and canes . 
    </context>
  </instance>


  <instance id="down.p.fn.762035" docsrc="FN">
    <answer instance="down.p.fn.762035" senseid="3(1b)"/>
    <context>
      It was all too much , waiting for that upstart Hitler to make up his mind ; to envisage the Germans strutting <head>down</head> the Mall as they 'd strutted down the Champs Elysees . 
    </context>
  </instance>


  <instance id="down.p.fn.762036" docsrc="FN">
    <answer instance="down.p.fn.762036" senseid="3(1b)"/>
    <context>
      It was all too much , waiting for that upstart Hitler to make up his mind ; to envisage the Germans strutting down the Mall as they 'd strutted <head>down</head> the Champs Elysees . 
    </context>
  </instance>


  <instance id="down.p.fn.762192" docsrc="FN">
    <answer instance="down.p.fn.762192" senseid="1(1)"/>
    <context>
      Slowed by the blossoming pain in his injured leg , he supported himself with a hand on the rough stone wall and stumbled <head>down</head> the remaining few steps . 
    </context>
  </instance>


  <instance id="down.p.fn.762552" docsrc="FN">
    <answer instance="down.p.fn.762552" senseid="3(1b)"/>
    <context>
      He saluted her , went through the screen door , vaulted the balustrade protecting the steps , and swaggered <head>down</head> the garden . 
    </context>
  </instance>


  <instance id="down.p.fn.762553" docsrc="FN">
    <answer instance="down.p.fn.762553" senseid="3(1b)"/>
    <context>
      Dexter was abnormally silent as he swaggered <head>down</head> the drive . 
    </context>
  </instance>


  <instance id="down.p.fn.762593" docsrc="FN">
    <answer instance="down.p.fn.762593" senseid="3(1b)"/>
    <context>
      of the other man swaggering <head>down</head> the road ? 
    </context>
  </instance>


  <instance id="down.p.fn.762867" docsrc="FN">
    <answer instance="down.p.fn.762867" senseid="1(1)"/>
    <context>
      When the divers went over the side to swim <head>down</head> the seventy feet to the pipe , however , they immediately discovered how hazardous it really was . 
    </context>
  </instance>


  <instance id="down.p.fn.762868" docsrc="FN">
    <answer instance="down.p.fn.762868" senseid="1(1)"/>
    <context>
      NEW Yorkers awoke yesterday to find boats in their front gardens and neighbours swimming <head>down</head> their street after the region 's worst storm in decades . 
    </context>
  </instance>


  <instance id="down.p.fn.762869" docsrc="FN">
    <answer instance="down.p.fn.762869" senseid="1(1)"/>
    <context>
      I swam <head>down</head> the coast , carried by the current . 
    </context>
  </instance>


  <instance id="down.p.fn.762871" docsrc="FN">
    <answer instance="down.p.fn.762871" senseid="1(1)"/>
    <context>
      Summoning all her reserves , she swam forcefully <head>down</head> the whole length of the pool , and back again , gradually realising that she felt fitter than she had done for ages . 
    </context>
  </instance>


  <instance id="down.p.fn.763291" docsrc="FN">
    <answer instance="down.p.fn.763291" senseid="3(1b)"/>
    <context>
      I expect the crew had tiptoed <head>down</head> very gently from the bunk above while he slept . 
    </context>
  </instance>


  <instance id="down.p.fn.763292" docsrc="FN">
    <answer instance="down.p.fn.763292" senseid="3(1b)"/>
    <context>
      He wound his way through us as we sat fascinated at the sight as Geordie tiptoed <head>down</head> the beach towards the sea , his top part a deep tan , from the waist down a dirty white colour . 
    </context>
  </instance>


  <instance id="down.p.fn.763296" docsrc="FN">
    <answer instance="down.p.fn.763296" senseid="3(1b)"/>
    <context>
      They tiptoe <head>down</head> and see that he 's got it open , all right , but he 's lying there dead . 
    </context>
  </instance>


  <instance id="down.p.fn.763350" docsrc="FN">
    <answer instance="down.p.fn.763350" senseid="1(1)"/>
    <context>
      She dressed swiftly , then slipped out the door from his apartment into the silence of the sleeping palazzo and tiptoed stealthily <head>down</head> the stairs . 
    </context>
  </instance>


  <instance id="down.p.fn.763410" docsrc="FN">
    <answer instance="down.p.fn.763410" senseid="3(1b)"/>
    <context>
      From then on , every afternoon , as soon as her mother had left for bingo , Matilda would toddle <head>down</head> to the library . 
    </context>
  </instance>


  <instance id="down.p.fn.763411" docsrc="FN">
    <answer instance="down.p.fn.763411" senseid="3(1b)"/>
    <context>
      His favourite relaxation was to toddle <head>down</head> to the quay and join the Royal Navy patrol boat for a day out . 
    </context>
  </instance>


  <instance id="down.p.fn.763501" docsrc="FN">
    <answer instance="down.p.fn.763501" senseid="3(1b)"/>
    <context>
      When I see a woman in a long , tight , pencil skirt and high heels tottering <head>down</head> the road , I often wonder how fast she could run if chased . 
    </context>
  </instance>


  <instance id="down.p.fn.763502" docsrc="FN">
    <answer instance="down.p.fn.763502" senseid="3(1b)"/>
    <context>
      As Magee watched she tottered <head>down</head> the steps and wandered off down Duncannon Street in the direction of the Strand . 
    </context>
  </instance>


  <instance id="down.p.fn.763611" docsrc="FN">
    <answer instance="down.p.fn.763611" senseid="3(1b)"/>
    <context>
      Thousands of miners are leaving their small terraced houses and tramping <head>down</head> the street to one or another of the 20 coal mines in the Rhondda valleys . 
    </context>
  </instance>


  <instance id="down.p.fn.763613" docsrc="FN">
    <answer instance="down.p.fn.763613" senseid="3(1b)"/>
    <context>
      She was tempted to tramp noisily <head>down</head> so that if Shildon had lingered he would be scared away , but then she would never know whether he had been there . 
    </context>
  </instance>


  <instance id="down.p.fn.763614" docsrc="FN">
    <answer instance="down.p.fn.763614" senseid="3(1b)"/>
    <context>
      But it was the ideal stuff to lay up against the sides of the hole and tramp <head>down</head> into the base , where it soaked up water like a loofah . 
    </context>
  </instance>


  <instance id="down.p.fn.763911" docsrc="FN">
    <answer instance="down.p.fn.763911" senseid="3(1b)"/>
    <context>
      They trod carefully <head>down</head> a rocky path which he would never have spotted had he not been walking on it . 
    </context>
  </instance>


  <instance id="down.p.fn.763912" docsrc="FN">
    <answer instance="down.p.fn.763912" senseid="3(1b)"/>
    <context>
      I can see him now , treading <head>down</head> the soil , making shallow drills and sprinkling the seed , and watching anxiously several weeks later to see if they had germinated . 
    </context>
  </instance>


  <instance id="down.p.fn.763915" docsrc="FN">
    <answer instance="down.p.fn.763915" senseid="3(1b)"/>
    <context>
      Yes , there were gateways here in this Castle , where midnight footsteps trod purposefully <head>down</head> the halls 
    </context>
  </instance>


  <instance id="down.p.fn.763916" docsrc="FN">
    <answer instance="down.p.fn.763916" senseid="3(1b)"/>
    <context>
      Taking great care where she placed her feet , she trod softly <head>down</head> the stairs . 
    </context>
  </instance>


  <instance id="down.p.fn.764396" docsrc="FN">
    <answer instance="down.p.fn.764396" senseid="1(1)"/>
    <context>
      I tripped back <head>down</head> the curving stairs , half-expecting a Busby Berkeley chorus to break into song . 
    </context>
  </instance>


  <instance id="down.p.fn.765014" docsrc="FN">
    <answer instance="down.p.fn.765014" senseid="3(1b)"/>
    <context>
      Failing that they had to trudge <head>down</head> the nearest side streets with their suitcases , knock on doors at random asking whether they took theatricals . 
    </context>
  </instance>


  <instance id="down.p.fn.765021" docsrc="FN">
    <answer instance="down.p.fn.765021" senseid="3(1b)"/>
    <context>
      He trudged off miserably <head>down</head> jubilee Road with the cold rain dripping from his ear lobes . 
    </context>
  </instance>


  <instance id="down.p.fn.781426" docsrc="FN">
    <answer instance="down.p.fn.781426" senseid="3(1b)"/>
    <context>
      That evening , in his small black police car , Baldwin trundled again <head>down</head> the new arterial road through the western suburbs for another uneasy interview at Fort Belvedere . 
    </context>
  </instance>


  <instance id="down.p.fn.781432" docsrc="FN">
    <answer instance="down.p.fn.781432" senseid="3(1b)"/>
    <context>
      This will be easily demonstrated by watching one of these lorries trundling <head>down</head> the Ormeau Road and through the centre of town . 
    </context>
  </instance>


  <instance id="down.p.fn.781626" docsrc="FN">
    <answer instance="down.p.fn.781626" senseid="1(1)"/>
    <context>
      The barbarian had vaulted <head>down</head> into the heather and had drawn the black sword , Kring . 
    </context>
  </instance>


  <instance id="down.p.fn.781627" docsrc="FN">
    <answer instance="down.p.fn.781627" senseid="1(1)"/>
    <context>
      Putting his hand to a crumbling step , he vaulted <head>down</head> to the ground and landed running . 
    </context>
  </instance>


  <instance id="down.p.fn.781669" docsrc="FN">
    <answer instance="down.p.fn.781669" senseid="3(1b)"/>
    <context>
      The man sighed and , choosing a key from a ring which hung round his fat waist , waddled <head>down</head> a narrow , dimly-lit passage past a number of cells . 
    </context>
  </instance>


  <instance id="down.p.fn.781670" docsrc="FN">
    <answer instance="down.p.fn.781670" senseid="3(1b)"/>
    <context>
      On seeing them waddle <head>down</head> the street , like a mass of quivering flesh , we usually ran upstairs to warn Mum of the advancing horde . 
    </context>
  </instance>


  <instance id="down.p.fn.781672" docsrc="FN">
    <answer instance="down.p.fn.781672" senseid="3(1b)"/>
    <context>
      I found the cafe depressing , and walked to the open door and watched a goose waddle <head>down</head> the lane , her goslings in obedi Indian file . 
    </context>
  </instance>


  <instance id="down.p.fn.781673" docsrc="FN">
    <answer instance="down.p.fn.781673" senseid="3(1b)"/>
    <context>
      Sir John groaned as he eased his bulk up and sorrowfully waddled <head>down</head> to the aroma-filled kitchen . 
    </context>
  </instance>


  <instance id="down.p.fn.782025" docsrc="FN">
    <answer instance="down.p.fn.782025" senseid="1(1)"/>
    <context>
      A quick walk <head>down</head> Coronation Street was followed by a few pints of Newton and Ridley Ale before we departed . 
    </context>
  </instance>


  <instance id="down.p.fn.782027" docsrc="FN">
    <answer instance="down.p.fn.782027" senseid="1(1)"/>
    <context>
      Then , still feeling uptight , she left the hotel and took a brief walk <head>down</head> Hlavny T , the main street . 
    </context>
  </instance>


  <instance id="down.p.fn.782028" docsrc="FN">
    <answer instance="down.p.fn.782028" senseid="1(1)"/>
    <context>
      So if anyone wants company for a walk <head>down</head> Memory Lane , I will gladly go with them . 
    </context>
  </instance>


  <instance id="down.p.fn.782424" docsrc="FN">
    <answer instance="down.p.fn.782424" senseid="1(1)"/>
    <context>
      After a while she wandered away <head>down</head> to St Saviour 's Point . 
    </context>
  </instance>


  <instance id="down.p.fn.782477" docsrc="FN">
    <answer instance="down.p.fn.782477" senseid="1(1)"/>
    <context>
      Wander <head>down</head> a meandering lane past a fisherman 's cottage , shops , workshops and yards . 
    </context>
  </instance>


  <instance id="down.p.fn.782483" docsrc="FN">
    <answer instance="down.p.fn.782483" senseid="1(1)"/>
    <context>
      ` We could both wander <head>down</head> , perhaps , if the rain stops . 
    </context>
  </instance>


  <instance id="down.p.fn.782484" docsrc="FN">
    <answer instance="down.p.fn.782484" senseid="1(1)"/>
    <context>
      He let his mind wander <head>down</head> the twenty yards of landing and the three stairs to the back bedroom where his sixteen-year-old daughter lay . 
    </context>
  </instance>


  <instance id="down.p.fn.782490" docsrc="FN">
    <answer instance="down.p.fn.782490" senseid="1(1)"/>
    <context>
      At the time , I was far from alone in wondering if he had not wandered further <head>down</head> that path than he knew , whether the playboy and gilded youth had not taken over from the redoubtable fighter . 
    </context>
  </instance>


  <instance id="down.p.fn.782546" docsrc="FN">
    <answer instance="down.p.fn.782546" senseid="1(1)"/>
    <context>
      As the train thundered over a set of points he steadied himself against her seat for a moment , then wandered off <head>down</head> the aisle . 
    </context>
  </instance>


  <instance id="down.p.fn.640302" docsrc="FN">
    <answer instance="down.p.fn.640302" senseid="3(1b)"/>
    <context>
      The guard biked <head>down</head> the drive and checked it out " 
    </context>
  </instance>


  <instance id="down.p.fn.641021" docsrc="FN">
    <answer instance="down.p.fn.641021" senseid="3(1b)"/>
    <context>
      Sick of talk , we cycled <head>down</head> the green tunnel 
    </context>
  </instance>


  <instance id="down.p.fn.641151" docsrc="FN">
    <answer instance="down.p.fn.641151" senseid="3(1b)"/>
    <context>
      " I 'm off home , She waved and cycled off <head>down</head> the High Street . 
    </context>
  </instance>


  <instance id="down.p.fn.641153" docsrc="FN">
    <answer instance="down.p.fn.641153" senseid="1(1)"/>
    <context>
      Yanto cycled on <head>down</head> the wharf , dodging the mooring ropes until he arrived at the berth of a small Norwegian timber boat called ` Marit , " registered in Oslo . 
    </context>
  </instance>


  <instance id="down.p.fn.641173" docsrc="FN">
    <answer instance="down.p.fn.641173" senseid="3(1b)"/>
    <context>
      He cycled <head>down</head> the track to a junction a mile further on . 
    </context>
  </instance>


  <instance id="down.p.fn.644705" docsrc="FN">
    <answer instance="down.p.fn.644705" senseid="3(1b)"/>
    <context>
      Every few weeks I would get one or two days off duty to catch the ferry to Nanaimo and motor <head>down</head> the scenic Malahat Drive to Victoria . 
    </context>
  </instance>


  <instance id="down.p.fn.644757" docsrc="FN">
    <answer instance="down.p.fn.644757" senseid="2(1a)"/>
    <context>
      This time it is the author and her husband paddling an open canoe <head>down</head> the river for four months in 1984 . 
    </context>
  </instance>


  <instance id="down.p.fn.644930" docsrc="FN">
    <answer instance="down.p.fn.644930" senseid="2(1a)"/>
    <context>
      At the London final , where they were interviewed by Gloria Hunniford , one contender wanted to paddle <head>down</head> the Amazon and another wanted to climb Kilimanjaro . 
    </context>
  </instance>


  <instance id="down.p.fn.645156" docsrc="FN">
    <answer instance="down.p.fn.645156" senseid="3(1b)"/>
    <context>
      A SCHOOLBOY was robbed of his mountain bike as he pedalled <head>down</head> the hard shoulder of a motorway to get help after his dad 's car broke down . 
    </context>
  </instance>


  <instance id="down.p.fn.645222" docsrc="FN">
    <answer instance="down.p.fn.645222" senseid="2(1a)"/>
    <context>
      Matata poled gracefully ; he could have been punting <head>down</head> the Cam as his pole pushed blue and white water lilies aside . 
    </context>
  </instance>


  <instance id="down.p.fn.645278" docsrc="FN">
    <answer instance="down.p.fn.645278" senseid="2(1a)"/>
    <context>
      No one forced Francoise Jacquier to spend 10 days crossing Central America 's highest mountain , tramping through jungles inhabited by some of the world 's deadliest snakes or rafting <head>down</head> swollen rivers . 
    </context>
  </instance>


  <instance id="down.p.fn.645279" docsrc="FN">
    <answer instance="down.p.fn.645279" senseid="2(1a)"/>
    <context>
      Elizabeth had recently spent three weeks rafting <head>down</head> the Zambesi River with her South African fiance Cuan Cronje . 
    </context>
  </instance>


  <instance id="down.p.fn.645280" docsrc="FN">
    <answer instance="down.p.fn.645280" senseid="2(1a)"/>
    <context>
      This is a story about rafting <head>down</head> the Colorado River through the Grand Canyon , about running America 's biggest rapids . 
    </context>
  </instance>


  <instance id="down.p.fn.646482" docsrc="FN">
    <answer instance="down.p.fn.646482" senseid="2(1a)"/>
    <context>
      And over the next 3 days , all their training and stamina was put to the supreme test as the rafts were rowed <head>down</head> river . 
    </context>
  </instance>


  <instance id="down.p.fn.646539" docsrc="FN">
    <answer instance="down.p.fn.646539" senseid="2(1a)"/>
    <context>
      We rowed eastwards <head>down</head> the river all day , looking round all the time to check that no one was following us . 
    </context>
  </instance>


  <instance id="down.p.fn.647578" docsrc="FN">
    <answer instance="down.p.fn.647578" senseid="3(1b)"/>
    <context>
      I skate <head>down</head> the road a bit before I shout at cops -- or anyone that was giving me some shit . 
    </context>
  </instance>


  <instance id="down.p.fn.647634" docsrc="FN">
    <answer instance="down.p.fn.647634" senseid="1(1)"/>
    <context>
      ONE of the most charming sights of winter comprises a family of otters ` sledging " <head>down</head> a snow-covered bank into the river . 
    </context>
  </instance>


  <instance id="down.p.fn.647889" docsrc="FN">
    <answer instance="down.p.fn.647889" senseid="3(1b)"/>
    <context>
      The aircraft landed at Cannon International Airport and were taxied <head>down</head> city streets to the auction site . 
    </context>
  </instance>


  <instance id="down.p.fn.647945" docsrc="FN">
    <answer instance="down.p.fn.647945" senseid="1(1)"/>
    <context>
      Left foot forwards , knees slightly bent , I rode the board down that precipitous slope like a man tobogganing <head>down</head> a glacier . 
    </context>
  </instance>


  <instance id="down.p.fn.399370" docsrc="FN">
    <answer instance="down.p.fn.399370" senseid="3(1b)"/>
    <context>
      A list was always made on these occasions and Pascoe glanced quickly <head>down</head> it . 
    </context>
  </instance>


  <instance id="down.p.fn.332569" docsrc="FN">
    <answer instance="down.p.fn.332569" senseid="3(1b)"/>
    <context>
      He growled , groped his way <head>down</head> the pitch dark corridor and found her almost by instinct . 
    </context>
  </instance>


  <instance id="down.p.fn.215904" docsrc="FN">
    <answer instance="down.p.fn.215904" senseid="3(1b)"/>
    <context>
      But then she got married and we lived <head>down</head> the road there for a while till they repaired these , they made these There was very old houses these are . 
    </context>
  </instance>


  <instance id="down.p.fn.215906" docsrc="FN">
    <answer instance="down.p.fn.215906" senseid="3(1b)"/>
    <context>
      ` The man who lives <head>down</head> the street at No. 23 . 
    </context>
  </instance>


  <instance id="down.p.fn.255411" docsrc="FN">
    <answer instance="down.p.fn.255411" senseid="1(1)"/>
    <context>
      A BLIND man fought off a bull terrier that attacked his guide dog -- by jamming his fist <head>down</head> its throat and smacking it between the eyes . 
    </context>
  </instance>


  <instance id="down.p.fn.1067428" docsrc="FN">
    <answer instance="down.p.fn.1067428" senseid="3(1b)"/>
    <context>
      It was extended to Deanshanger in 1888 , but this only lasted a year and then it was closed , as was the track <head>down</head> Creed Street to the Wolverton Goods Yard in 1893 . 
    </context>
  </instance>


  <instance id="down.p.fn.648602" docsrc="FN">
    <answer instance="down.p.fn.648602" senseid="3(1b)"/>
    <context>
      He gave a shriek that should have woken the village ghosts , and bolted <head>down</head> the road , shivering puddles into glittering clouds around him . 
    </context>
  </instance>


  <instance id="down.p.fn.711749" docsrc="FN">
    <answer instance="down.p.fn.711749" senseid="1(1)"/>
    <context>
      Shoving the letter inside her book Emily had humped her bicycle <head>down</head> the steps and hurriedly pedalled off towards Kensington High Street . 
    </context>
  </instance>


  <instance id="down.p.fn.805886" docsrc="FN">
    <answer instance="down.p.fn.805886" senseid="1(1)"/>
    <context>
      It is after all a dealers ' fair and gives us a chance to show what we have to potential and established clients without the auction houses breathing <head>down</head> our necks . 
    </context>
  </instance>


  <instance id="down.p.fn.592089" docsrc="FN">
    <answer instance="down.p.fn.592089" senseid="3(1b)"/>
    <context>
      We fled <head>down</head> a long avenue towards the river . 
    </context>
  </instance>


  <instance id="down.p.fn.878894" docsrc="FN">
    <answer instance="down.p.fn.878894" senseid="1(1)"/>
    <context>
      That afternoon we made a laborious but uneventful descent <head>down</head> the north east face and retrieved our skis . 
    </context>
  </instance>


  <instance id="down.p.fn.1087946" docsrc="FN">
    <answer instance="down.p.fn.1087946" senseid="1(1)"/>
    <context>
      Children in the congregation watched the diamonds slowly grow squarer , less elongated , as the sun moved <head>down</head> the sky . 
    </context>
  </instance>


  <instance id="down.p.fn.931463" docsrc="FN">
    <answer instance="down.p.fn.931463" senseid="1(1)"/>
    <context>
      The rain dripped <head>down</head> his neck . 
    </context>
  </instance>


  <instance id="down.p.fn.931477" docsrc="FN">
    <answer instance="down.p.fn.931477" senseid="1(1)"/>
    <context>
      Trickles of sweat dripped from her hair and <head>down</head> her temples , leaving an itchy heat behind them . 
    </context>
  </instance>


  <instance id="down.p.fn.931121" docsrc="FN">
    <answer instance="down.p.fn.931121" senseid="2(1a)"/>
    <context>
      In these the small rivers flow <head>down</head> quite steep channels , or gradients ( e.g. 1 : 40 ) . 
    </context>
  </instance>


  <instance id="down.p.fn.931159" docsrc="FN">
    <answer instance="down.p.fn.931159" senseid="1(1)"/>
    <context>
      Tears were flowing <head>down</head> my face . 
    </context>
  </instance>


  <instance id="down.p.fn.931166" docsrc="FN">
    <answer instance="down.p.fn.931166" senseid="1(1)"/>
    <context>
      Tears flowed suddenly <head>down</head> Lais 's face as she saw the ugly swastika flag already flying over the German HQ at the Hotel Crillon . 
    </context>
  </instance>


  <instance id="down.p.fn.921620" docsrc="FN">
    <answer instance="down.p.fn.921620" senseid="1(1)"/>
    <context>
      Delaney turned from the rain trickling <head>down</head> the window . 
    </context>
  </instance>


  <instance id="down.p.fn.921622" docsrc="FN">
    <answer instance="down.p.fn.921622" senseid="1(1)"/>
    <context>
      In spite of the rain trickling <head>down</head> our necks , our spirits lifted . 
    </context>
  </instance>


  <instance id="down.p.fn.921623" docsrc="FN">
    <answer instance="down.p.fn.921623" senseid="1(1)"/>
    <context>
      Their lungs rasped from the effort , the rain trickled <head>down</head> their foreheads to mix with the sweat , their energy gone . 
    </context>
  </instance>


  <instance id="down.p.fn.921639" docsrc="FN">
    <answer instance="down.p.fn.921639" senseid="1(1)"/>
    <context>
      Sweat trickled <head>down</head> his inner arms , formed on his forehead . 
    </context>
  </instance>


  <instance id="down.p.fn.921640" docsrc="FN">
    <answer instance="down.p.fn.921640" senseid="1(1)"/>
    <context>
      But one runnel of sweat began to trickle <head>down</head> his forehead from under his headdress . 
    </context>
  </instance>


  <instance id="down.p.fn.921643" docsrc="FN">
    <answer instance="down.p.fn.921643" senseid="1(1)"/>
    <context>
      Tears trickled <head>down</head> the cheeks of some stout veterans . 
    </context>
  </instance>


  <instance id="down.p.fn.921731" docsrc="FN">
    <answer instance="down.p.fn.921731" senseid="1(1)"/>
    <context>
      Here and there the open doors of furnaces glowed a dangerous red , and in the far corner of the building what looked like a stream of molten lava trickled <head>down</head> a curved channel from roof to floor . 
    </context>
  </instance>


  <instance id="down.p.fn.921739" docsrc="FN">
    <answer instance="down.p.fn.921739" senseid="1(1)"/>
    <context>
      It collects in a pool near the gate , thence it trickles <head>down</head> the road . 
    </context>
  </instance>


  <instance id="down.p.fn.921741" docsrc="FN">
    <answer instance="down.p.fn.921741" senseid="1(1)"/>
    <context>
      But with the industry in recession , and record sales dropping , the hitherto dependable cashflow was trickling <head>down</head> at an alarming rate . 
    </context>
  </instance>


  <instance id="down.p.fn.919833" docsrc="FN">
    <answer instance="down.p.fn.919833" senseid="1(1)"/>
    <context>
      When it rained the water would cascade <head>down</head> the banks and wash great lumps of soil into the road . 
    </context>
  </instance>


  <instance id="down.p.fn.919848" docsrc="FN">
    <answer instance="down.p.fn.919848" senseid="1(1)"/>
    <context>
      His tongue tasted like water cascading <head>down</head> the side of a mountain , fresh and clean beyond imagining . 
    </context>
  </instance>


  <instance id="down.p.fn.919855" docsrc="FN">
    <answer instance="down.p.fn.919855" senseid="1(1)"/>
    <context>
      She could see waterfalls cascading <head>down</head> some of the mountain-sides and in the distance a lake . 
    </context>
  </instance>


  <instance id="down.p.fn.920426" docsrc="FN">
    <answer instance="down.p.fn.920426" senseid="1(1)"/>
    <context>
      Her stabbing nails had torn his left upper eyelid and blood from the wound dribbled <head>down</head> the side of his face , some of it running across the orb itself , turning one half of his world crimson . 
    </context>
  </instance>


  <instance id="down.p.fn.920430" docsrc="FN">
    <answer instance="down.p.fn.920430" senseid="1(1)"/>
    <context>
      His gob of saliva dribbled <head>down</head> then clung , warping the image of the turtle head as though the corresponding section of the enemy Titan was bubbling , rheum leaking from its right eye . 
    </context>
  </instance>


  <instance id="down.p.fn.920475" docsrc="FN">
    <answer instance="down.p.fn.920475" senseid="1(1)"/>
    <context>
      He paused , the butt of his cigar held against his brow , so that a cataract of white spume dribbled <head>down</head> into his eye socket . 
    </context>
  </instance>


  <instance id="down.p.fn.920478" docsrc="FN">
    <answer instance="down.p.fn.920478" senseid="1(1)"/>
    <context>
      Rainwater dribbled <head>down</head> her temples and the back of her neck . 
    </context>
  </instance>


  <instance id="down.p.fn.922025" docsrc="FN">
    <answer instance="down.p.fn.922025" senseid="1(1)"/>
    <context>
      It 's early evening in Leicester Square and the rain is splashing <head>down</head> . 
    </context>
  </instance>


  <instance id="down.p.fn.922038" docsrc="FN">
    <answer instance="down.p.fn.922038" senseid="1(1)"/>
    <context>
      Alexandra suddenly found she was crying , great gulping sobs , tears splashing <head>down</head> on to the kitchen counter , an aching sense of something very precious which she had discarded without even a second glance . 
    </context>
  </instance>


  <instance id="down.p.fn.921800" docsrc="FN">
    <answer instance="down.p.fn.921800" senseid="1(1)"/>
    <context>
      His trousers were ripped and the blood seeped <head>down</head> his leg from the gash inches above his knee . 
    </context>
  </instance>


  <instance id="down.p.fn.921809" docsrc="FN">
    <answer instance="down.p.fn.921809" senseid="1(1)"/>
    <context>
      A third had a bloodstained rag bound round his forehead like a sweatband , from under which blood was seeping and trickling <head>down</head> the left side of his face . 
    </context>
  </instance>


  <instance id="down.p.fn.919714" docsrc="FN">
    <answer instance="down.p.fn.919714" senseid="1(1)"/>
    <context>
      On the shelf below him the old man was vomiting again , too weak even to roll over so that blood and mucus oozed <head>down</head> his chin and neck , some of it bubbling back into his throat . 
    </context>
  </instance>


  <instance id="down.p.fn.930904" docsrc="FN">
    <answer instance="down.p.fn.930904" senseid="1(1)"/>
    <context>
      Above this floor , rain soaks <head>down</head> to recharge an aquifer . 
    </context>
  </instance>


  <instance id="down.p.fn.931841" docsrc="FN">
    <answer instance="down.p.fn.931841" senseid="1(1)"/>
    <context>
      I remember a tear running <head>down</head> my cheek and me trying to smile it away . 
    </context>
  </instance>


  <instance id="down.p.fn.931843" docsrc="FN">
    <answer instance="down.p.fn.931843" senseid="1(1)"/>
    <context>
      As a tear began to run <head>down</head> his lined face , he pulled the heavy old chain and watched as the water gushed down on the spider . 
    </context>
  </instance>


  <instance id="down.p.fn.931846" docsrc="FN">
    <answer instance="down.p.fn.931846" senseid="1(1)"/>
    <context>
      Her eyes were as dark as a rotten egg , and a tear of blood ran <head>down</head> alongside her nose to the corner of her mouth like a symptom of regret . 
    </context>
  </instance>


  <instance id="down.p.fn.931852" docsrc="FN">
    <answer instance="down.p.fn.931852" senseid="1(1)"/>
    <context>
      Nathan moaned helplessly , tears running <head>down</head> his face . 
    </context>
  </instance>


  <instance id="down.p.fn.931859" docsrc="FN">
    <answer instance="down.p.fn.931859" senseid="1(1)"/>
    <context>
      Now the tears were running <head>down</head> the woman 's cheeks unchecked . 
    </context>
  </instance>


  <instance id="down.p.fn.931864" docsrc="FN">
    <answer instance="down.p.fn.931864" senseid="1(1)"/>
    <context>
      Two enormous tears welled out of Pickerage 's eyes and ran rapidly <head>down</head> his cheeks , followed by others . 
    </context>
  </instance>


  <instance id="down.p.fn.931885" docsrc="FN">
    <answer instance="down.p.fn.931885" senseid="1(1)"/>
    <context>
      His hand hurt , his mouth ached with the expression of tense anguish he knew he wore , water ran from his hair , over his face , <head>down</head> his back . 
    </context>
  </instance>


  <instance id="down.p.fn.927883" docsrc="FN">
    <answer instance="down.p.fn.927883" senseid="3(1b)"/>
    <context>
      He answered Buckmaster 's question as he turned off the road between lodge gates and proceeded <head>down</head> the long drive across open parkland . 
    </context>
  </instance>


  <instance id="down.p.fn.927887" docsrc="FN">
    <answer instance="down.p.fn.927887" senseid="3(1b)"/>
    <context>
      He proceeded <head>down</head> the wooden stairs and Athelstan went along the gallery and up to the garret . 
    </context>
  </instance>


  <instance id="down.p.fn.934966" docsrc="FN">
    <answer instance="down.p.fn.934966" senseid="1(1)"/>
    <context>
      Mr Telford , of Wheatley , Doncaster , could hear appeals to give himself up -- but his replies were drowned by the noise of air rushing <head>down</head> the shaft . 
    </context>
  </instance>


  <instance id="down.p.fn.935274" docsrc="FN">
    <answer instance="down.p.fn.935274" senseid="1(1)"/>
    <context>
      In the end we just stood holding each other close , as the tears coursed <head>down</head> our faces . 
    </context>
  </instance>


  <instance id="down.p.fn.935275" docsrc="FN">
    <answer instance="down.p.fn.935275" senseid="1(1)"/>
    <context>
      Water coursed <head>down</head> Simon 's body as he stood , shaking with cold , on the beam . 
    </context>
  </instance>


  <instance id="down.p.fn.935400" docsrc="FN">
    <answer instance="down.p.fn.935400" senseid="1(1)"/>
    <context>
      Inevitably the road worsened as we neared the pass , the surface rutted by trucks and still awash with water spilling <head>down</head> steep gullies . 
    </context>
  </instance>


  <instance id="down.p.fn.935566" docsrc="FN">
    <answer instance="down.p.fn.935566" senseid="1(1)"/>
    <context>
      Blood streamed <head>down</head> his face and back . 
    </context>
  </instance>


  <instance id="down.p.fn.935591" docsrc="FN">
    <answer instance="down.p.fn.935591" senseid="1(1)"/>
    <context>
      Wull shouted , tears streaming <head>down</head> his cheeks . 
    </context>
  </instance>


  <instance id="down.p.fn.935594" docsrc="FN">
    <answer instance="down.p.fn.935594" senseid="1(1)"/>
    <context>
      So they sat on a blanket and clung to each other , tears streaming <head>down</head> their cheeks . 
    </context>
  </instance>


  <instance id="down.p.fn.935606" docsrc="FN">
    <answer instance="down.p.fn.935606" senseid="1(1)"/>
    <context>
      I just ca n't s-seem to help it , " she wept , unable to staunch the heavy flow of tears streaming <head>down</head> her pale cheeks . 
    </context>
  </instance>


  <instance id="down.p.fn.948874" docsrc="FN">
    <answer instance="down.p.fn.948874" senseid="1(1)"/>
    <context>
      Come on , come on , he thought , and pictured the three of them plummeting <head>down</head> the last thirty feet into the basement . 
    </context>
  </instance>


  <instance id="down.p.fn.948891" docsrc="FN">
    <answer instance="down.p.fn.948891" senseid="1(1)"/>
    <context>
      Potter made straight for the peak and plummeted <head>down</head> the perpendicular drop : the lip curled over him and he was inside the tube . 
    </context>
  </instance>


  <instance id="down.p.fn.954748" docsrc="FN">
    <answer instance="down.p.fn.954748" senseid="1(1)"/>
    <context>
      The Friar plunged <head>down</head> into the ravine and toiled up the other side . 
    </context>
  </instance>


  <instance id="down.p.fn.954761" docsrc="FN">
    <answer instance="down.p.fn.954761" senseid="1(1)"/>
    <context>
      When they die , often due to punctures received during the rutting season , they deflate and plunge <head>down</head> to earth , exploding as they strike the Tarmac . 
    </context>
  </instance>


  <instance id="down.p.fn.959566" docsrc="FN">
    <answer instance="down.p.fn.959566" senseid="2(1a)"/>
    <context>
      Unless you have women 's bodies floating <head>down</head> this part of the river all the time . " 
    </context>
  </instance>


  <instance id="down.p.fn.1197776" docsrc="FN">
    <answer instance="down.p.fn.1197776" senseid="1(1)"/>
    <context>
      It coasted <head>down</head> the mud walls and sploshed into the channel .
    </context>
  </instance>


  <instance id="down.p.fn.1228848" docsrc="FN">
    <answer instance="down.p.fn.1228848" senseid="1(1)"/>
    <context>
      I plugged my naked feet in between the empty seats as tears rolled <head>down</head> my cheeks .
    </context>
  </instance>


  <instance id="down.p.fn.1228855" docsrc="FN">
    <answer instance="down.p.fn.1228855" senseid="1(1)"/>
    <context>
      Mostyn 's M-29 spat , and somebody rolled <head>down</head> the dunes .
    </context>
  </instance>


  <instance id="down.p.fn.1228931" docsrc="FN">
    <answer instance="down.p.fn.1228931" senseid="1(1)"/>
    <context>
      Immediately after the blast the victim 's car rolled <head>down</head> hill and struck another car occupied by a woman .
    </context>
  </instance>


  <instance id="down.p.fn.1228933" docsrc="FN">
    <answer instance="down.p.fn.1228933" senseid="1(1)"/>
    <context>
      Catherine sobbed quietly , hiding her face in his shoulder , and tears rolled <head>down</head> Heathcliff 's dark face .
    </context>
  </instance>


  <instance id="down.p.fn.1228934" docsrc="FN">
    <answer instance="down.p.fn.1228934" senseid="1(1)"/>
    <context>
      As Tamar placed him in his grandmother 's arms , tears rolled <head>down</head> the older woman 's cheeks .
    </context>
  </instance>


  <instance id="down.p.fn.976317" docsrc="FN">
    <answer instance="down.p.fn.976317" senseid="3(1b)"/>
    <context>
      Julie turned and headed back across the landing , <head>down</head> the short corridor towards the office . 
    </context>
  </instance>


  <instance id="down.p.fn.976505" docsrc="FN">
    <answer instance="down.p.fn.976505" senseid="1(1)"/>
    <context>
      I slipped out of bed , got into a pair of jeans and a T-shirt and headed <head>down</head> the stairs . 
    </context>
  </instance>


  <instance id="down.p.fn.640560" docsrc="FN">
    <answer instance="down.p.fn.640560" senseid="1(1)"/>
    <context>
      In no time at all they were coasting <head>down</head> the slope out of the car park . 
    </context>
  </instance>


  <instance id="down.p.fn.580793" docsrc="FN">
    <answer instance="down.p.fn.580793" senseid="1(1)"/>
    <context>
      I ca n't afford to keep chucking two quid <head>down</head> the drain . 
    </context>
  </instance>


  <instance id="down.p.fn.582255" docsrc="FN">
    <answer instance="down.p.fn.582255" senseid="1(1)"/>
    <context>
      He kicked it open and flung me <head>down</head> the three steps into the street . 
    </context>
  </instance>


  <instance id="down.p.fn.583613" docsrc="FN">
    <answer instance="down.p.fn.583613" senseid="3(1b)"/>
    <context>
      Shales picked up one of the newspapers in front of him and pitched it <head>down</head> the table in Dowd 's direction . 
    </context>
  </instance>


  <instance id="down.p.fn.585514" docsrc="FN">
    <answer instance="down.p.fn.585514" senseid="1(1)"/>
    <context>
      They claim that the huge crop will push <head>down</head> prices , and this , coupled with cheap imported plums from Spain will mean it simply wo n't be worth picking the fruits . 
    </context>
  </instance>


  <instance id="down.p.fn.586051" docsrc="FN">
    <answer instance="down.p.fn.586051" senseid="1(1)"/>
    <context>
      The same bottle you 'd shoved halfway <head>down</head> his throat ? " 
    </context>
  </instance>


  <instance id="down.p.fn.586574" docsrc="FN">
    <answer instance="down.p.fn.586574" senseid="1(1)"/>
    <context>
      ` ALL I remember was the sudden transition from abseiling , to being battered and pummelled and thrown violently <head>down</head> the mountain . 
    </context>
  </instance>


  <instance id="down.p.fn.587235" docsrc="FN">
    <answer instance="down.p.fn.587235" senseid="1(1)"/>
    <context>
      Working frantically and fast Franca dragged her clothes out of the wardrobe , carried them onto the landing and threw them <head>down</head> the stairs . 
    </context>
  </instance>


  <instance id="down.p.fn.587249" docsrc="FN">
    <answer instance="down.p.fn.587249" senseid="1(1)"/>
    <context>
      As he had already thrown the scotch <head>down</head> his throat , Neville refilled his glass . 
    </context>
  </instance>


  <instance id="down.p.fn.587833" docsrc="FN">
    <answer instance="down.p.fn.587833" senseid="1(1)"/>
    <context>
      At what are called destructive' plate margins , the surface material of one plate is subducted ( that is , thrust <head>down</head> ) beneath the surface material of the adjacent plate , rejoining the molten rock of the mantle . 
    </context>
  </instance>


  <instance id="down.p.fn.588369" docsrc="FN">
    <answer instance="down.p.fn.588369" senseid="3(1b)"/>
    <context>
      The car was tossed 20 yards <head>down</head> the line and Swales , 27 , his sister Louise , 24 , and girlfriend Maria Garbutt , 28 , died instantly . 
    </context>
  </instance>


  <instance id="down.p.fn.589494" docsrc="FN">
    <answer instance="down.p.fn.589494" senseid="3(1b)"/>
    <context>
      Dress up as a gorilla and chase people <head>down</head> Sunset Strip . 
    </context>
  </instance>


  <instance id="down.p.fn.590209" docsrc="FN">
    <answer instance="down.p.fn.590209" senseid="3(1b)"/>
    <context>
      Freddy Krueger is chasing you <head>down</head> an alley , his knives raised menacingly . 
    </context>
  </instance>


  <instance id="down.p.fn.590222" docsrc="FN">
    <answer instance="down.p.fn.590222" senseid="1(1)"/>
    <context>
      Patsy , shrieking with laughter , chased him <head>down</head> the stairs . 
    </context>
  </instance>


  <instance id="down.p.fn.591047" docsrc="FN">
    <answer instance="down.p.fn.591047" senseid="1(1)"/>
    <context>
      One morning Jamie conducted him <head>down</head> two flights of stairs and into a long high apartment , like a baronial hall . 
    </context>
  </instance>


  <instance id="down.p.fn.591545" docsrc="FN">
    <answer instance="down.p.fn.591545" senseid="3(1b)"/>
    <context>
      Instead he fairly hustled his big body along , as if it were a laggardly prisoner he was escorting <head>down</head> death row . 
    </context>
  </instance>


  <instance id="down.p.fn.591553" docsrc="FN">
    <answer instance="down.p.fn.591553" senseid="3(1b)"/>
    <context>
      A few minutes later , Chrissie had moved the cat 's body round to the back of the house , and was escorting her two weeping children <head>down</head> the garden to where Anne Hanvey waited in the school car . 
    </context>
  </instance>


  <instance id="down.p.fn.592323" docsrc="FN">
    <answer instance="down.p.fn.592323" senseid="1(1)"/>
    <context>
      ` I 'm quite hungry for some breakfast , " said Snodgrass , as they followed Caspar along the galleries and <head>down</head> the staircases and through huge , high-ceilinged chambers . 
    </context>
  </instance>


  <instance id="down.p.fn.593311" docsrc="FN">
    <answer instance="down.p.fn.593311" senseid="3(1b)"/>
    <context>
      He opened a door into a corridor and I followed him <head>down</head> it . 
    </context>
  </instance>


  <instance id="down.p.fn.593317" docsrc="FN">
    <answer instance="down.p.fn.593317" senseid="1(1)"/>
    <context>
      I followed him out the door and <head>down</head> the stairs . 
    </context>
  </instance>


  <instance id="down.p.fn.594234" docsrc="FN">
    <answer instance="down.p.fn.594234" senseid="3(1b)"/>
    <context>
      One of the most hardline speeches was by V. Shabonov , a factory foreman from Saratov , who told the plenum : " A few scientists , informal groups , various nationalities and black marketeers have led the country <head>down</head> the road to bourgeois reforms , restoration of private property , political anarchy and the destruction of the party as a workers ' vanguard . 
    </context>
  </instance>


  <instance id="down.p.fn.595103" docsrc="FN">
    <answer instance="down.p.fn.595103" senseid="3(1b)"/>
    <context>
      The butler led him <head>down</head> the hall to a veneered door which he opened . 
    </context>
  </instance>


  <instance id="down.p.fn.595188" docsrc="FN">
    <answer instance="down.p.fn.595188" senseid="3(1b)"/>
    <context>
      The trail he was on led <head>down</head> to another valley , running at right angles to this one and bifurcated by a tumbling mountain stream that glittered in the afternoon sun . 
    </context>
  </instance>


  <instance id="down.p.fn.595393" docsrc="FN">
    <answer instance="down.p.fn.595393" senseid="3(1b)"/>
    <context>
      Six Broadstairs matrons attempting to shop at Marchesi 's the confectioners , two errand boys buying bloaters from Mr Goodman the fishmonger , a few afternoon revellers strolling out from the Dolphin Inn and an eager group from the Tourist Cycling Club staying at the Balmoral Bijou Hotel found themselves swept along with the crowd as they pursued their leaders <head>down</head> Harbour Street under the ancient York Gate ( which being without specific Dickensian associations hardly received a glance ) . 
    </context>
  </instance>


  <instance id="down.p.fn.595712" docsrc="FN">
    <answer instance="down.p.fn.595712" senseid="3(1b)"/>
    <context>
      The gardener , Mrs Grindlewood-Gryke and I pursued him <head>down</head> the garden and into the bluebell wood . 
    </context>
  </instance>


  <instance id="down.p.fn.595716" docsrc="FN">
    <answer instance="down.p.fn.595716" senseid="3(1b)"/>
    <context>
      Your voice pursued me <head>down</head> the marble stairway : 
    </context>
  </instance>


  <instance id="down.p.fn.598455" docsrc="FN">
    <answer instance="down.p.fn.598455" senseid="1(1)"/>
    <context>
      Doug disappeared <head>down</head> the stairs , indicating that he did n't want Jamieson to accompany him . 
    </context>
  </instance>


  <instance id="down.p.fn.340753" docsrc="FN">
    <answer instance="down.p.fn.340753" senseid="1(1)"/>
    <context>
      He gave a brief nod , and swung himself <head>down</head> the companionway . 
    </context>
  </instance>


  <instance id="down.p.fn.627959" docsrc="FN">
    <answer instance="down.p.fn.627959" senseid="1(1)"/>
    <context>
      Joy and Alan came back , and it was decided that we would wait until dark and then bring him <head>down</head> the fire escape ; luckily there was one right next to his room . 
    </context>
  </instance>


  <instance id="down.p.fn.600392" docsrc="FN">
    <answer instance="down.p.fn.600392" senseid="3(1b)"/>
    <context>
      Greg retreated a short way <head>down</head> the path , and the Fire Officer turned back to the operation . 
    </context>
  </instance>


  <instance id="down.p.fn.600599" docsrc="FN">
    <answer instance="down.p.fn.600599" senseid="3(1b)"/>
    <context>
      The damp retreated <head>down</head> the walls , the gardens came back to life and there was fresh food in the kitchen . 
    </context>
  </instance>


  <instance id="down.p.fn.600604" docsrc="FN">
    <answer instance="down.p.fn.600604" senseid="3(1b)"/>
    <context>
      Terry was standing at the landing window , Rose just retreating <head>down</head> the stairs . 
    </context>
  </instance>


  <instance id="down.p.fn.601554" docsrc="FN">
    <answer instance="down.p.fn.601554" senseid="3(1b)"/>
    <context>
      He came over , shoved the piece of paper into my hand , and vanished <head>down</head> the same hole . 
    </context>
  </instance>


</lexelt>
