<lexelt item="during">

  <instance id="during.p.fn.652655" docsrc="FN">
    <answer instance="during.p.fn.652655" senseid="2(1a)"/>
    <context>
      Three other officers were slightly hurt <head>during</head> the incident at Wavertree , Liverpool . 
    </context>
  </instance>


  <instance id="during.p.fn.332313" docsrc="FN">
    <answer instance="during.p.fn.332313" senseid="2(1a)"/>
    <context>
      Broca discovered <head>during</head> post mortem examination of the brain of a patient who had been dysphasic that this area , now known as Broca 's area , was severely damaged . 
    </context>
  </instance>


  <instance id="during.p.fn.186909" docsrc="FN">
    <answer instance="during.p.fn.186909" senseid="1(1)"/>
    <context>
      It saw much of the fighting between Moors and Christians <head>during</head> El Cid 's lifetime . 
    </context>
  </instance>


  <instance id="during.p.fn.185966" docsrc="FN">
    <answer instance="during.p.fn.185966" senseid="1(1)"/>
    <context>
      The story was that the two men , who shared living quarters in the barn of their farmer-employer , had quarrelled after a drinking bout <head>during</head> the night . 
    </context>
  </instance>


  <instance id="during.p.fn.187465" docsrc="FN">
    <answer instance="during.p.fn.187465" senseid="1(1)"/>
    <context>
      Apart from odd skirmishes between small reconnoitring groups in the west <head>during</head> the early months of the war , there were three main incidents in the county . 
    </context>
  </instance>


  <instance id="during.p.fn.197032" docsrc="FN">
    <answer instance="during.p.fn.197032" senseid="2(1a)"/>
    <context>
      The Aquino government accuses him of having stolen up to US$10bn ( .1bn ) from the country <head>during</head> his reign . 
    </context>
  </instance>


  <instance id="during.p.fn.197871" docsrc="FN">
    <answer instance="during.p.fn.197871" senseid="1(1)"/>
    <context>
      At the present rate of referral , numbers are more than set to double <head>during</head> the year . 
    </context>
  </instance>


  <instance id="during.p.fn.221176" docsrc="FN">
    <answer instance="during.p.fn.221176" senseid="2(1a)"/>
    <context>
      His two attackers threatened to cut off the former Manchester United and Chelsea midfielder 's private parts <head>during</head> the vicious revenge attack in a country lane . 
    </context>
  </instance>


  <instance id="during.p.fn.224002" docsrc="FN">
    <answer instance="during.p.fn.224002" senseid="2(1a)"/>
    <context>
      Seles was knifed in the back <head>during</head> a quarter-final match at the Citizen Cup in Hamburg on April 30 by a German who allegedly wanted to help Steffi Graf regain her number one world ranking . 
    </context>
  </instance>


  <instance id="during.p.fn.286401" docsrc="FN">
    <answer instance="during.p.fn.286401" senseid="2(1a)"/>
    <context>
      ` So far , all the students who violated the criminal law <head>during</head> the anti-government disturbances in 1989 and were sentenced to different terms of imprisonment have been released , " the agency said . 
    </context>
  </instance>


  <instance id="during.p.fn.239043" docsrc="FN">
    <answer instance="during.p.fn.239043" senseid="1(1)"/>
    <context>
      <head>During</head> this transition period , manufacturers must either conform to EC standards or to those of the importing country . 
    </context>
  </instance>


  <instance id="during.p.fn.255757" docsrc="FN">
    <answer instance="during.p.fn.255757" senseid="2(1a)"/>
    <context>
      <head>During</head> the run of Round the Horne , Ken had found himself -- probably reluctantly -- hosting a meeting at Farley Court of Horne and the rest of the cast . 
    </context>
  </instance>


  <instance id="during.p.fn.287262" docsrc="FN">
    <answer instance="during.p.fn.287262" senseid="1(1)"/>
    <context>
      It kept me awake at nights , it made me forget what I was doing <head>during</head> the day . 
    </context>
  </instance>


  <instance id="during.p.fn.287288" docsrc="FN">
    <answer instance="during.p.fn.287288" senseid="1(1)"/>
    <context>
      Old friends who had forgotten her <head>during</head> the hard times . 
    </context>
  </instance>


  <instance id="during.p.fn.1090888" docsrc="FN">
    <answer instance="during.p.fn.1090888" senseid="1(1)"/>
    <context>
      <head>During</head> 1983 sales was split into Estates ( responsible for all public house operations ) and Marketing , and the Marketing Manager was given a seat on the Board . 
    </context>
  </instance>


  <instance id="during.p.fn.793496" docsrc="FN">
    <answer instance="during.p.fn.793496" senseid="1(1)"/>
    <context>
      And like small , furry animals they hibernate <head>during</head> winter . 
    </context>
  </instance>


  <instance id="during.p.fn.793500" docsrc="FN">
    <answer instance="during.p.fn.793500" senseid="1(1)"/>
    <context>
      They hibernate <head>during</head> the dry season by burrowing deep into the damp sand . 
    </context>
  </instance>


  <instance id="during.p.fn.1246306" docsrc="FN">
    <answer instance="during.p.fn.1246306" senseid="2(1a)"/>
    <context>
      According to officials of the Department of Antiquities , the theft and destruction of these items took place <head>during</head> the upheavals of last March caused by the Gulf War .
    </context>
  </instance>


  <instance id="during.p.fn.1246307" docsrc="FN">
    <answer instance="during.p.fn.1246307" senseid="2(1a)"/>
    <context>
      All these marriages took place <head>during</head> the Great War and it is a matter of generation more than anything else if the groom was a serviceman .
    </context>
  </instance>


  <instance id="during.p.fn.1246308" docsrc="FN">
    <answer instance="during.p.fn.1246308" senseid="1(1)"/>
    <context>
      It can not reproduce all the recording and reporting which has taken place <head>during</head> a pupil 's years of secondary education .
    </context>
  </instance>


  <instance id="during.p.fn.1246309" docsrc="FN">
    <answer instance="during.p.fn.1246309" senseid="2(1a)"/>
    <context>
      The exchange took place <head>during</head> Scottish Question time .
    </context>
  </instance>


  <instance id="during.p.fn.1246310" docsrc="FN">
    <answer instance="during.p.fn.1246310" senseid="1(1)"/>
    <context>
      This plan was affected by the teachers ' dispute which took place <head>during</head> the main development period from 1984 to 1986 .
    </context>
  </instance>


  <instance id="during.p.fn.1246312" docsrc="FN">
    <answer instance="during.p.fn.1246312" senseid="1(1)"/>
    <context>
      There are a host of other activities taking place <head>during</head> the four days .
    </context>
  </instance>


  <instance id="during.p.fn.1246313" docsrc="FN">
    <answer instance="during.p.fn.1246313" senseid="2(1a)"/>
    <context>
      Stoichiometry is the study of the quantitative composition of chemical substances and also the quantitative changes that take place <head>during</head> chemical reactions .
    </context>
  </instance>


  <instance id="during.p.fn.1246316" docsrc="FN">
    <answer instance="during.p.fn.1246316" senseid="2(1a)"/>
    <context>
      It is incremental , even to the extent that learning can take place <head>during</head> a search .
    </context>
  </instance>


  <instance id="during.p.fn.1246317" docsrc="FN">
    <answer instance="during.p.fn.1246317" senseid="1(1)"/>
    <context>
      It takes place <head>during</head> the second weekend of the Daily Mail Ideal Home Exhibition , from Thursday 19th to Sunday 22nd March 1992 and we 've got 10 pairs of tickets to give away .
    </context>
  </instance>


  <instance id="during.p.fn.1246320" docsrc="FN">
    <answer instance="during.p.fn.1246320" senseid="1(1)"/>
    <context>
      Neither was particularly exceptional within the catalogue of events that have taken place <head>during</head> the last twenty years .
    </context>
  </instance>


  <instance id="during.p.fn.1246321" docsrc="FN">
    <answer instance="during.p.fn.1246321" senseid="1(1)"/>
    <context>
      The patronal festival of the parish church of St Peter of Tankersley should be the 29th June , but Tankersley Feast always took place <head>during</head> the second week of July .
    </context>
  </instance>


  <instance id="during.p.fn.1246322" docsrc="FN">
    <answer instance="during.p.fn.1246322" senseid="1(1)"/>
    <context>
      There is a programme of special events which take place <head>during</head> the year .
    </context>
  </instance>


  <instance id="during.p.fn.1246399" docsrc="FN">
    <answer instance="during.p.fn.1246399" senseid="2(1a)"/>
    <context>
      Maude claimed that " tough talking about human rights and Hong Kong " took place <head>during</head> his meetings with Chinese officials .
    </context>
  </instance>


  <instance id="during.p.fn.1246486" docsrc="FN">
    <answer instance="during.p.fn.1246486" senseid="1(1)"/>
    <context>
      Against a background of impending famine , heavy fighting took place between government forces and the Tigrean People 's Liberation Front ( TPLF ) <head>during</head> late December and January .
    </context>
  </instance>


  <instance id="during.p.fn.815672" docsrc="FN">
    <answer instance="during.p.fn.815672" senseid="2(1a)"/>
    <context>
      Kintanar had been captured in 1988 but , after eight months in detention , he and his wife had escaped from Camp Crame <head>during</head> a birthday party for one of their gaolers . 
    </context>
  </instance>


  <instance id="during.p.fn.815690" docsrc="FN">
    <answer instance="during.p.fn.815690" senseid="2(1a)"/>
    <context>
      COPS in Miami described a baboon which escaped from a zoo <head>during</head> Hurricane Andrew as ` unarmed but dangerous . " 
    </context>
  </instance>


  <instance id="during.p.fn.815824" docsrc="FN">
    <answer instance="during.p.fn.815824" senseid="2(1a)"/>
    <context>
      You 're third-generation Russian , your grandfather escaped <head>during</head> the revolution and came here via Switzerland and France . 
    </context>
  </instance>


  <instance id="during.p.fn.825741" docsrc="FN">
    <answer instance="during.p.fn.825741" senseid="1(1)"/>
    <context>
      ` I compose a few things <head>during</head> slack times on journeys , " Googol admitted . 
    </context>
  </instance>


  <instance id="during.p.fn.821228" docsrc="FN">
    <answer instance="during.p.fn.821228" senseid="1(1)"/>
    <context>
      1179 singleton perinatal deaths and their selected live born controls among 114362 singleton births to women whose place of residence was Leicestershire <head>during</head> 1978-87 . 
    </context>
  </instance>


  <instance id="during.p.fn.1022975" docsrc="FN">
    <answer instance="during.p.fn.1022975" senseid="2(1a)"/>
    <context>
      They were scarcely damaged when hit by bombers <head>during</head> the Gulf war . 
    </context>
  </instance>


  <instance id="during.p.fn.1021390" docsrc="FN">
    <answer instance="during.p.fn.1021390" senseid="2(1a)"/>
    <context>
      Recently , I had seven near collisions with automobiles <head>during</head> one 12-mile run along the Thames . 
    </context>
  </instance>


  <instance id="during.p.fn.1021539" docsrc="FN">
    <answer instance="during.p.fn.1021539" senseid="2(1a)"/>
    <context>
      Doctors fear New York Jets defensive lineman Dennis Byrd will never walk again after breaking his neck in a collision with a team-mate <head>during</head> a 23-7 loss to the Kansas City Chiefs . 
    </context>
  </instance>


  <instance id="during.p.fn.1018761" docsrc="FN">
    <answer instance="during.p.fn.1018761" senseid="2(1a)"/>
    <context>
      Judy 's house was struck by lightning <head>during</head> that storm , and moments later she switched on the radio to hear that he had died . 
    </context>
  </instance>


  <instance id="during.p.fn.876075" docsrc="FN">
    <answer instance="during.p.fn.876075" senseid="2(1a)"/>
    <context>
      Another witness had earlier reported seeing four hooded and shackled men under arrest at the military section of the airport <head>during</head> the coup , but there was no way of identifying them . 
    </context>
  </instance>


  <instance id="during.p.fn.1110898" docsrc="FN">
    <answer instance="during.p.fn.1110898" senseid="2(1a)"/>
    <context>
      The Long Beach Museum of Art in Long Beach , California , initiates the ` New Art : New Visions " programme with an exhibition devoted to a reconsideration of the internment of Japanese-Americans <head>during</head> World War II . 
    </context>
  </instance>


  <instance id="during.p.fn.877417" docsrc="FN">
    <answer instance="during.p.fn.877417" senseid="1(1)"/>
    <context>
      As foreseen by the dark clouds , it began to rain <head>during</head> the afternoon and by the time the headlights of Markby 's car illuminated the front windows of Rose Cottage , it was fairly tipping down . 
    </context>
  </instance>


  <instance id="during.p.fn.885193" docsrc="FN">
    <answer instance="during.p.fn.885193" senseid="1(1)"/>
    <context>
      The Lewisian rocks formed <head>during</head> the late Archaean -- early Proterozoic eras , roughly indicating a time span of from c. 2800 m.y . 
    </context>
  </instance>


  <instance id="during.p.fn.910417" docsrc="FN">
    <answer instance="during.p.fn.910417" senseid="1(1)"/>
    <context>
      Glistening white flowers tinged with pink appear <head>during</head> April and May . 
    </context>
  </instance>


  <instance id="during.p.fn.1032828" docsrc="FN">
    <answer instance="during.p.fn.1032828" senseid="1(1)"/>
    <context>
      <head>During</head> the 1960s I was a mechanical engineering consultant in what was then a very embryonic consultancy in Cambridge . 
    </context>
  </instance>


  <instance id="during.p.fn.923921" docsrc="FN">
    <answer instance="during.p.fn.923921" senseid="1(1)"/>
    <context>
      Some individuals dig pits in carefully selected sites on a beach where the sun warms the eggs <head>during</head> the day and the sand retains the heat to maintain their temperature overnight . 
    </context>
  </instance>


  <instance id="during.p.fn.916088" docsrc="FN">
    <answer instance="during.p.fn.916088" senseid="2(1a)"/>
    <context>
      The drops of liquid solidified <head>during</head> the fall and were instantly cooled by the water , which also preserved the shot from damage by impact on a hard surface . 
    </context>
  </instance>


  <instance id="during.p.fn.914258" docsrc="FN">
    <answer instance="during.p.fn.914258" senseid="1(1)"/>
    <context>
      Trees and hedges have been deformed by the fierce salt spray and strong sea winds <head>during</head> winter . 
    </context>
  </instance>


  <instance id="during.p.fn.927684" docsrc="FN">
    <answer instance="during.p.fn.927684" senseid="1(1)"/>
    <context>
      Before the row , Mr Delors had praised Mr Major 's stint as EC President <head>during</head> the last traumatic six months . 
    </context>
  </instance>


  <instance id="during.p.fn.942286" docsrc="FN">
    <answer instance="during.p.fn.942286" senseid="1(1)"/>
    <context>
      We shall conclude with an examination of the controversy over the use of Stonehenge as a site of pilgrimage <head>during</head> the summer solstice . 
    </context>
  </instance>


  <instance id="during.p.fn.935390" docsrc="FN">
    <answer instance="during.p.fn.935390" senseid="1(1)"/>
    <context>
      <head>During</head> each summer 's rainy season , the lake 's waters would spill over its southern rim and slide down towards Florida Bay . 
    </context>
  </instance>


  <instance id="during.p.fn.943515" docsrc="FN">
    <answer instance="during.p.fn.943515" senseid="2(1a)"/>
    <context>
      Chlorine emitted <head>during</head> volcanic eruptions is not responsible for damage to the ozone layer , two US researchers have concluded . 
    </context>
  </instance>


  <instance id="during.p.fn.943517" docsrc="FN">
    <answer instance="during.p.fn.943517" senseid="2(1a)"/>
    <context>
      This was said to be because of the risk of radioactive iodine emitted <head>during</head> the fire getting into people 's thyroid glands . 
    </context>
  </instance>


  <instance id="during.p.fn.946166" docsrc="FN">
    <answer instance="during.p.fn.946166" senseid="1(1)"/>
    <context>
      The results showed that protein secreted <head>during</head> the first hour of stimulation was derived from pancreatic stores and that the turnover rate of stores was approximately 37%/h in normal human subjects . 
    </context>
  </instance>


  <instance id="during.p.fn.947113" docsrc="FN">
    <answer instance="during.p.fn.947113" senseid="1(1)"/>
    <context>
      <head>During</head> periods of anaerobic carbohydrate metabolism , the worms may also excrete pyruvic acid rather than retaining it for future oxidation when aerobic metabolism is possible . 
    </context>
  </instance>


  <instance id="during.p.fn.972358" docsrc="FN">
    <answer instance="during.p.fn.972358" senseid="2(1a)"/>
    <context>
      Professor Mott says , ` The children go through such an unpleasant experience <head>during</head> their treatment ; they are very sick , and often the treatment makes them even sicker . 
    </context>
  </instance>


  <instance id="during.p.fn.1006352" docsrc="FN">
    <answer instance="during.p.fn.1006352" senseid="2(1a)"/>
    <context>
      Sex is possible , too , during menstruation ; many women feel disinclined towards it at this time of the month , but some feel their strongest desires <head>during</head> the menstrual period . 
    </context>
  </instance>


  <instance id="during.p.fn.975527" docsrc="FN">
    <answer instance="during.p.fn.975527" senseid="2(1a)"/>
    <context>
      Either group could stalk the adventurers <head>during</head> the journey to Castle Drachenfels . 
    </context>
  </instance>


  <instance id="during.p.fn.1037213" docsrc="FN">
    <answer instance="during.p.fn.1037213" senseid="2(1a)"/>
    <context>
      The all-rounder , who hurt his shoulder <head>during</head> Pakistan 's World Cup campaign , said he will not tour England if he has to have an operation . 
    </context>
  </instance>


  <instance id="during.p.fn.1039806" docsrc="FN">
    <answer instance="during.p.fn.1039806" senseid="2(1a)"/>
    <context>
      He injured his groin <head>during</head> the friendly with Ajax on Wednesday , but was improved yesterday . 
    </context>
  </instance>


  <instance id="during.p.fn.1043262" docsrc="FN">
    <answer instance="during.p.fn.1043262" senseid="2(1a)"/>
    <context>
      West Indies captain Richie Richardson , who will play for Northern League club Blackpool in the coming season , broke a finger <head>during</head> Leeward Islands ' Red Stripe Cup match against Windward Islands . 
    </context>
  </instance>


  <instance id="during.p.fn.1042563" docsrc="FN">
    <answer instance="during.p.fn.1042563" senseid="2(1a)"/>
    <context>
      For the opening night in Baltimore , the prop man had oversharpened the knife so that Dustin cut his right index finger rather severely <head>during</head> the performance . 
    </context>
  </instance>


  <instance id="during.p.fn.1035300" docsrc="FN">
    <answer instance="during.p.fn.1035300" senseid="2(1a)"/>
    <context>
      To this end , he often smoked his pipe <head>during</head> the game and always insisted on playing in his slippers . 
    </context>
  </instance>


  <instance id="during.p.fn.1035333" docsrc="FN">
    <answer instance="during.p.fn.1035333" senseid="2(1a)"/>
    <context>
      Smoking crack <head>during</head> pregnancy can cause low birth-weight , respiratory problems and premature labour . 
    </context>
  </instance>


  <instance id="during.p.fn.1035454" docsrc="FN">
    <answer instance="during.p.fn.1035454" senseid="2(1a)"/>
    <context>
      The tyrant Primo de Rivera loved circuses , and loved big cigars , which he smoked <head>during</head> the performance , though it was forbidden . 
    </context>
  </instance>


  <instance id="during.p.fn.1040734" docsrc="FN">
    <answer instance="during.p.fn.1040734" senseid="1(1)"/>
    <context>
      It might help you to doze off but you will probably find that you wake <head>during</head> the night and can not get back to sleep again . 
    </context>
  </instance>


  <instance id="during.p.fn.1040792" docsrc="FN">
    <answer instance="during.p.fn.1040792" senseid="1(1)"/>
    <context>
      <head>During</head> the night Tallis woke to the sound of wind in branches . 
    </context>
  </instance>


  <instance id="during.p.fn.1043671" docsrc="FN">
    <answer instance="during.p.fn.1043671" senseid="2(1a)"/>
    <context>
      ARMAGH councillors paid tribute last night to local newspaper photographer Winston McConville ( 53 ) and his brother William ( 52 ) , who drowned <head>during</head> a fishing trip to Co Mayo a week ago . 
    </context>
  </instance>


  <instance id="during.p.fn.1062457" docsrc="FN">
    <answer instance="during.p.fn.1062457" senseid="1(1)"/>
    <context>
      Finally , up to one in five known heroin users had been injecting the drug <head>during</head> 1985-6 , a worrying increase on the previous year . 
    </context>
  </instance>


  <instance id="during.p.fn.1167126" docsrc="FN">
    <answer instance="during.p.fn.1167126" senseid="1(1)"/>
    <context>
      Please be sure to obtain your tickets direct from the Royal Albert Hall <head>during</head> February . 
    </context>
  </instance>


  <instance id="during.p.fn.1164894" docsrc="FN">
    <answer instance="during.p.fn.1164894" senseid="2(1a)"/>
    <context>
      A key issue <head>during</head> the campaign was taxation . 
    </context>
  </instance>


  <instance id="during.p.fn.1238737" docsrc="FN">
    <answer instance="during.p.fn.1238737" senseid="2(1a)"/>
    <context>
      Police seized 3,000 pieces of evidence <head>during</head> their raid on the foundry , placed under the name of Hains 's former wife Solange Jonkheere , who was also charged .
    </context>
  </instance>


  <instance id="during.p.fn.1173803" docsrc="FN">
    <answer instance="during.p.fn.1173803" senseid="2(1a)"/>
    <context>
      No firewood could be chopped up until after the landlord had called so the room was clean and tidy , all except for the odd quarry tile Dad had broken <head>during</head> the wood-chopping . 
    </context>
  </instance>


  <instance id="during.p.fn.1177214" docsrc="FN">
    <answer instance="during.p.fn.1177214" senseid="1(1)"/>
    <context>
      Large numbers of officials were dismissed and fined or imprisoned <head>during</head> 1990 as the result of a major anti-corruption campaign . 
    </context>
  </instance>


  <instance id="during.p.fn.1227215" docsrc="FN">
    <answer instance="during.p.fn.1227215" senseid="2(1a)"/>
    <context>
      ` He and a Ukrainian Nazi attacked and killed a woman <head>during</head> the Russian campaign .
    </context>
  </instance>


  <instance id="during.p.fn.1247765" docsrc="FN">
    <answer instance="during.p.fn.1247765" senseid="1(1)"/>
    <context>
      <head>During</head> the period 1983-84 to 1989-90 , the scheme assisted 902 projects , disbursed $31.6 million of board funds at constant 1990 prices , and produced total tourism investment of $197.2 million at 1990 prices .
    </context>
  </instance>


  <instance id="during.p.fn.201460" docsrc="FN">
    <answer instance="during.p.fn.201460" senseid="1(1)"/>
    <context>
      Millions of men had been butchered <head>during</head> the first World War , and in post-war years , the ratio of births , as I understand it , was four to one in favour of baby girls . 
    </context>
  </instance>


  <instance id="during.p.fn.831955" docsrc="FN">
    <answer instance="during.p.fn.831955" senseid="2(1a)"/>
    <context>
      He shook <head>during</head> the interviews and said he had a history of mental illness . 
    </context>
  </instance>


  <instance id="during.p.fn.265968" docsrc="FN">
    <answer instance="during.p.fn.265968" senseid="1(1)"/>
    <context>
      It was part of the defoliant Agent Orange , that the US forces sprayed on Vietnamese forests <head>during</head> the 1960s and 1970s . 
    </context>
  </instance>


  <instance id="during.p.fn.365344" docsrc="FN">
    <answer instance="during.p.fn.365344" senseid="1(1)"/>
    <context>
      The hon. Gentleman referred in his question , and in a conversation on radio <head>during</head> the weekend , to what he describes as " an increasing number " of passenger train collisions . 
    </context>
  </instance>


</lexelt>
