<lexelt item="inside">

  <instance id="inside.p.fn.342000" docsrc="FN">
    <answer instance="inside.p.fn.342000" senseid="1(1)"/>
    <context>
      Blanche frantically wiggled her toes <head>inside</head> her shoes again to try to warm them . 
    </context>
  </instance>


  <instance id="inside.p.fn.624570" docsrc="FN">
    <answer instance="inside.p.fn.624570" senseid="4(1c)"/>
    <context>
      A slick transfer put Hooks clear 40 metres out and he swerved <head>inside</head> one defender , and ran straight through two powder puff tacks to score under the posts for Mark McCall to convert . 
    </context>
  </instance>


  <instance id="inside.p.fn.629004" docsrc="FN">
    <answer instance="inside.p.fn.629004" senseid="2(1a)"/>
    <context>
      Professor Edward Hitchcock took cells from an aborted foetus and he injected them <head>inside</head> Mr Davies 's brain . 
    </context>
  </instance>


  <instance id="inside.p.fn.635170" docsrc="FN">
    <answer instance="inside.p.fn.635170" senseid="2(1a)"/>
    <context>
      He reached up , plucked his balls from Legion 's body and stashed them <head>inside</head> his capacious pockets . 
    </context>
  </instance>


  <instance id="inside.p.fn.635503" docsrc="FN">
    <answer instance="inside.p.fn.635503" senseid="2(1a)"/>
    <context>
      I heard Bernice coming just in time to fold the photocopies and stuff them <head>inside</head> my jacket . 
    </context>
  </instance>


  <instance id="inside.p.fn.635788" docsrc="FN">
    <answer instance="inside.p.fn.635788" senseid="2(1a)"/>
    <context>
      Craig tucked the books <head>inside</head> his coat and as the door was flung open , he strode past his open-mouthed brother and down towards the drawing-room . 
    </context>
  </instance>


  <instance id="inside.p.fn.735559" docsrc="FN">
    <answer instance="inside.p.fn.735559" senseid="2(1a)"/>
    <context>
      I end up crawling <head>inside</head> bottles of drink . " 
    </context>
  </instance>


  <instance id="inside.p.fn.749450" docsrc="FN">
    <answer instance="inside.p.fn.749450" senseid="3(1b)"/>
    <context>
      Ronni kept her gaze fixed seawards as her stomach leapt <head>inside</head> her , remembering that dance they 'd shared together . 
    </context>
  </instance>


  <instance id="inside.p.fn.750906" docsrc="FN">
    <answer instance="inside.p.fn.750906" senseid="3(1b)"/>
    <context>
      They 've gone , all those people who 've been marching around <head>inside</head> my head : Mum , Dad , teachers , infuriating old Brian -- even Cal who 's everyone 's friend when I 'm nobody 's friend but she 's special to me 
    </context>
  </instance>


  <instance id="inside.p.fn.753801" docsrc="FN">
    <answer instance="inside.p.fn.753801" senseid="2(1a)"/>
    <context>
      ` Then he carried the little girl to the nearest building and rushed <head>inside</head> a flat to shower her with cold water . 
    </context>
  </instance>


  <instance id="inside.p.fn.758218" docsrc="FN">
    <answer instance="inside.p.fn.758218" senseid="2(1a)"/>
    <context>
      He staggered back <head>inside</head> the house . 
    </context>
  </instance>


  <instance id="inside.p.fn.760358" docsrc="FN">
    <answer instance="inside.p.fn.760358" senseid="2(1a)"/>
    <context>
      Some time between knocking on Nicolo 's door and stepping <head>inside</head> his apartment , she 'd lost the advantage her anger had provided . 
    </context>
  </instance>


  <instance id="inside.p.fn.760363" docsrc="FN">
    <answer instance="inside.p.fn.760363" senseid="2(1a)"/>
    <context>
      He had not entered the room , but stood warily outside it , looking in at her , and before he would step <head>inside</head> he asked : ` He 's not home , then ? 
    </context>
  </instance>


  <instance id="inside.p.fn.760366" docsrc="FN">
    <answer instance="inside.p.fn.760366" senseid="2(1a)"/>
    <context>
      The moment they stepped <head>inside</head> the Macandon offices , there was a flurry of activity around them . 
    </context>
  </instance>


  <instance id="inside.p.fn.760368" docsrc="FN">
    <answer instance="inside.p.fn.760368" senseid="2(1a)"/>
    <context>
      She returned his smile as she stepped <head>inside</head> the office , glancing across at Scott 's desk . 
    </context>
  </instance>


  <instance id="inside.p.fn.782896" docsrc="FN">
    <answer instance="inside.p.fn.782896" senseid="1(1)"/>
    <context>
      The toddler , aged about two , was found wandering <head>inside</head> the maternity unit of Arrowe Park Hospital , Wirral , with a heartbreaking note pleading for ` a new mummy " to be found for her . 
    </context>
  </instance>


  <instance id="inside.p.fn.399135" docsrc="FN">
    <answer instance="inside.p.fn.399135" senseid="2(1a)"/>
    <context>
      Sullivan removed one hand and felt <head>inside</head> his jacket , closing fingers around steel . 
    </context>
  </instance>


  <instance id="inside.p.fn.399208" docsrc="FN">
    <answer instance="inside.p.fn.399208" senseid="1(1)"/>
    <context>
      Chola stooped and felt around <head>inside</head> the coop for eggs . 
    </context>
  </instance>


  <instance id="inside.p.fn.399722" docsrc="FN">
    <answer instance="inside.p.fn.399722" senseid="2(1a)"/>
    <context>
      If you glance <head>inside</head> the average modern book you will clearly see the mull or tape strips under this paste-down ( as compared with the free endpaper ) . 
    </context>
  </instance>


  <instance id="inside.p.fn.401059" docsrc="FN">
    <answer instance="inside.p.fn.401059" senseid="2(1a)"/>
    <context>
      ` Well , I 'd like to get a look <head>inside</head> that van , " I said . 
    </context>
  </instance>


  <instance id="inside.p.fn.401471" docsrc="FN">
    <answer instance="inside.p.fn.401471" senseid="2(1a)"/>
    <context>
      He looked <head>inside</head> the cover and noticed how Sir Ralph had scrawled prayer after prayer to St Julian . 
    </context>
  </instance>


  <instance id="inside.p.fn.403276" docsrc="FN">
    <answer instance="inside.p.fn.403276" senseid="2(1a)"/>
    <context>
      Henry peeped <head>inside</head> the foyer . 
    </context>
  </instance>


  <instance id="inside.p.fn.1148396" docsrc="FN">
    <answer instance="inside.p.fn.1148396" senseid="1(1)"/>
    <context>
      For an hour the three of us crouched <head>inside</head> the leaking tent . 
    </context>
  </instance>


  <instance id="inside.p.fn.652695" docsrc="FN">
    <answer instance="inside.p.fn.652695" senseid="3(1b)"/>
    <context>
      At lunchtime Dot 's ears began hurting <head>inside</head> her head as though they were filling with hot fire . 
    </context>
  </instance>


  <instance id="inside.p.fn.652700" docsrc="FN">
    <answer instance="inside.p.fn.652700" senseid="1(1)"/>
    <context>
      If things were n't going badly enough , her feet hurt <head>inside</head> new shoes , and then he showed up . 
    </context>
  </instance>


  <instance id="inside.p.fn.395120" docsrc="FN">
    <answer instance="inside.p.fn.395120" senseid="1(1)"/>
    <context>
      As she grappled with the staples she could feel <head>inside</head> the bag the firm shape of a book . 
    </context>
  </instance>


  <instance id="inside.p.fn.332646" docsrc="FN">
    <answer instance="inside.p.fn.332646" senseid="2(1a)"/>
    <context>
      When police arrived minutes later they found the barely-alive victim <head>inside</head> the Red Hall estate flat . 
    </context>
  </instance>


  <instance id="inside.p.fn.216394" docsrc="FN">
    <answer instance="inside.p.fn.216394" senseid="1(1)"/>
    <context>
      It meant only that one had to stay <head>inside</head> the school and stroll through the grounds a couple of times . 
    </context>
  </instance>


  <instance id="inside.p.fn.216180" docsrc="FN">
    <answer instance="inside.p.fn.216180" senseid="1(1)"/>
    <context>
      The archaeologists camped uncomfortably <head>inside</head> them for a while , then moved out into the townships that had mushroomed around the site . 
    </context>
  </instance>


  <instance id="inside.p.fn.235322" docsrc="FN">
    <answer instance="inside.p.fn.235322" senseid="1(1)"/>
    <context>
      There are 68,000 refugees in Khmer Rouge-controlled camps <head>inside</head> Thailand , according to the United Nations border relief operation . 
    </context>
  </instance>


  <instance id="inside.p.fn.786316" docsrc="FN">
    <answer instance="inside.p.fn.786316" senseid="1(1)"/>
    <context>
      A BANK clerk was praised by police yesterday after she calmly locked a masked gunman <head>inside</head> the branch he was trying to rob . 
    </context>
  </instance>


  <instance id="inside.p.fn.786317" docsrc="FN">
    <answer instance="inside.p.fn.786317" senseid="1(1)"/>
    <context>
      He once locked two visiting American soldiers <head>inside</head> the cathedral one evening and promised to come to let them out in half an hour but forgot to come . 
    </context>
  </instance>


  <instance id="inside.p.fn.786319" docsrc="FN">
    <answer instance="inside.p.fn.786319" senseid="1(1)"/>
    <context>
      India-May locked Lumberjack <head>inside</head> the house . 
    </context>
  </instance>


  <instance id="inside.p.fn.785954" docsrc="FN">
    <answer instance="inside.p.fn.785954" senseid="1(1)"/>
    <context>
      ` Here it is , sir , " I said , and gave him the papers tied <head>inside</head> the cloth . 
    </context>
  </instance>


  <instance id="inside.p.fn.798199" docsrc="FN">
    <answer instance="inside.p.fn.798199" senseid="1(1)"/>
    <context>
      The thieves also stole a pigeon basket and defecated <head>inside</head> a cabin where he and his wife sometimes sit . 
    </context>
  </instance>


  <instance id="inside.p.fn.822560" docsrc="FN">
    <answer instance="inside.p.fn.822560" senseid="2(1a)"/>
    <context>
      The wasp lays eggs <head>inside</head> the eggs laid by the whitefly , thereby destroying the whitefly eggs . 
    </context>
  </instance>


  <instance id="inside.p.fn.920086" docsrc="FN">
    <answer instance="inside.p.fn.920086" senseid="2(1a)"/>
    <context>
      Small touches like presenting objects wrapped up , or putting them <head>inside</head> a " feel bag " and asking pupils to guess what they are can add spice to the exercise . 
    </context>
  </instance>


  <instance id="inside.p.fn.1095134" docsrc="FN">
    <answer instance="inside.p.fn.1095134" senseid="1(1)"/>
    <context>
      The baby <head>inside</head> the womb , therefore , had come to associate a particular signature tune with a peaceful and relaxed time , and had continued this association even after birth . 
    </context>
  </instance>


  <instance id="inside.p.fn.912774" docsrc="FN">
    <answer instance="inside.p.fn.912774" senseid="1(1)"/>
    <context>
      The human body produces something like two litres of water vapour in an average night and in cold conditions this can condense <head>inside</head> the filling . 
    </context>
  </instance>


  <instance id="inside.p.fn.916758" docsrc="FN">
    <answer instance="inside.p.fn.916758" senseid="1(1)"/>
    <context>
      The pains of living in an overcrowded island are apparent enough for those who have to travel <head>inside</head> it . 
    </context>
  </instance>


  <instance id="inside.p.fn.956255" docsrc="FN">
    <answer instance="inside.p.fn.956255" senseid="2(1a)"/>
    <context>
      <head>Inside</head> our flat , small drifts of this sand began to blow in under the doors and through the cracks in the window frames . 
    </context>
  </instance>


  <instance id="inside.p.fn.1205655" docsrc="FN">
    <answer instance="inside.p.fn.1205655" senseid="1(1)"/>
    <context>
      The grain may be in a pocket , hidden <head>inside</head> a box , or out of sight above the horse on a bird table .
    </context>
  </instance>


  <instance id="inside.p.fn.1205661" docsrc="FN">
    <answer instance="inside.p.fn.1205661" senseid="1(1)"/>
    <context>
      She curled her fingers around the shard in her palm , slipped it back into the thin pouch of cotton hidden <head>inside</head> the skirts of her dress .
    </context>
  </instance>


  <instance id="inside.p.fn.1217794" docsrc="FN">
    <answer instance="inside.p.fn.1217794" senseid="1(1)"/>
    <context>
      There had been a great Victorian pile of a hospital there then , maybe still was unless they had demolished it , its chimney concealed <head>inside</head> a mock campanile .
    </context>
  </instance>


  <instance id="inside.p.fn.1217797" docsrc="FN">
    <answer instance="inside.p.fn.1217797" senseid="1(1)"/>
    <context>
      There are two external zipped hip pockets , both with storm flaps , and a map pocket concealed <head>inside</head> the jacket .
    </context>
  </instance>


  <instance id="inside.p.fn.658584" docsrc="FN">
    <answer instance="inside.p.fn.658584" senseid="3(1b)"/>
    <context>
      Just now work seemed the best antidote to the frustration that was boiling <head>inside</head> her . 
    </context>
  </instance>


  <instance id="inside.p.fn.658585" docsrc="FN">
    <answer instance="inside.p.fn.658585" senseid="3(1b)"/>
    <context>
      What volcano of emotion must have been boiling <head>inside</head> that youngster under his teasing and laughing , under his occasionally expressionless face ? 
    </context>
  </instance>


  <instance id="inside.p.fn.658758" docsrc="FN">
    <answer instance="inside.p.fn.658758" senseid="3(1b)"/>
    <context>
      The desire burning <head>inside</head> her was too strong , and she returned his kiss , hearing him moan at her response . 
    </context>
  </instance>


  <instance id="inside.p.fn.658759" docsrc="FN">
    <answer instance="inside.p.fn.658759" senseid="3(1b)"/>
    <context>
      The flame that had been burning <head>inside</head> her since their first kiss burst suddenly into flame . 
    </context>
  </instance>


  <instance id="inside.p.fn.658760" docsrc="FN">
    <answer instance="inside.p.fn.658760" senseid="3(1b)"/>
    <context>
      She gave a jerky nod , trying to combat her jealousy , knowing it was unreasonable , unjust , yet feeling it burn <head>inside</head> her , unstoppable and intolerable . 
    </context>
  </instance>


  <instance id="inside.p.fn.658762" docsrc="FN">
    <answer instance="inside.p.fn.658762" senseid="3(1b)"/>
    <context>
      But the enthusiasm which burned <head>inside</head> Imre Pozsgay when he joined the party at the age of 17 has been extinguished by the bitter experiences of the past 40 years . 
    </context>
  </instance>


  <instance id="inside.p.fn.659055" docsrc="FN">
    <answer instance="inside.p.fn.659055" senseid="3(1b)"/>
    <context>
      The violence seethed <head>inside</head> him , like milk bubbling in a saucepan , trying to boil over and escape the unendurable heat . 
    </context>
  </instance>


  <instance id="inside.p.fn.659147" docsrc="FN">
    <answer instance="inside.p.fn.659147" senseid="3(1b)"/>
    <context>
      Anger simmered <head>inside</head> her . 
    </context>
  </instance>


  <instance id="inside.p.fn.659148" docsrc="FN">
    <answer instance="inside.p.fn.659148" senseid="3(1b)"/>
    <context>
      Abruptly , unexpectedly the anger simmering <head>inside</head> her reached boiling point . 
    </context>
  </instance>


  <instance id="inside.p.fn.659210" docsrc="FN">
    <answer instance="inside.p.fn.659210" senseid="3(1b)"/>
    <context>
      With so many confused emotions simmering away <head>inside</head> you , it 's difficult to know where to turn . 
    </context>
  </instance>


  <instance id="inside.p.fn.659299" docsrc="FN">
    <answer instance="inside.p.fn.659299" senseid="3(1b)"/>
    <context>
      Oh , Andre was always a hit with the girls , and he did have a certain effeminate appeal and a wonderful way with words , but he lacked Piers 's vitality , the vibrant sexuality that seemed to smoulder away <head>inside</head> him . 
    </context>
  </instance>


  <instance id="inside.p.fn.1248131" docsrc="FN">
    <answer instance="inside.p.fn.1248131" senseid="1(1)"/>
    <context>
      Gabriel knelt up <head>inside</head> the cart and peered out to see what would happen .
    </context>
  </instance>


  <instance id="inside.p.fn.580955" docsrc="FN">
    <answer instance="inside.p.fn.580955" senseid="2(1a)"/>
    <context>
      If an insect walks by , she grabs it and instantly drags it <head>inside</head> the tunnel . 
    </context>
  </instance>


  <instance id="inside.p.fn.587507" docsrc="FN">
    <answer instance="inside.p.fn.587507" senseid="2(1a)"/>
    <context>
      He leaned back in his chair and thrust his hands <head>inside</head> his trouser pockets . 
    </context>
  </instance>


  <instance id="inside.p.fn.591162" docsrc="FN">
    <answer instance="inside.p.fn.591162" senseid="1(1)"/>
    <context>
      Fabia got out , then found that before she could say a word , Ven was escorting her <head>inside</head> the hotel and waiting with her while she collected her room key . 
    </context>
  </instance>


  <instance id="inside.p.fn.591493" docsrc="FN">
    <answer instance="inside.p.fn.591493" senseid="2(1a)"/>
    <context>
      According to the initial agreement , any foreign warship putting into the port was to be greeted by a Polish warship and escorted <head>inside</head> the port canal for an exchange of courtesies . 
    </context>
  </instance>


  <instance id="inside.p.fn.594276" docsrc="FN">
    <answer instance="inside.p.fn.594276" senseid="2(1a)"/>
    <context>
      And she led them <head>inside</head> her house and through to her kitchen . 
    </context>
  </instance>


  <instance id="inside.p.fn.598498" docsrc="FN">
    <answer instance="inside.p.fn.598498" senseid="2(1a)"/>
    <context>
      There were a few frantic seconds while the owl went berserk around my head before disappearing <head>inside</head> its box . 
    </context>
  </instance>


  <instance id="inside.p.fn.598502" docsrc="FN">
    <answer instance="inside.p.fn.598502" senseid="2(1a)"/>
    <context>
      Time to depart , Creed concluded as Kevin disappeared <head>inside</head> the cottage . 
    </context>
  </instance>


  <instance id="inside.p.fn.600470" docsrc="FN">
    <answer instance="inside.p.fn.600470" senseid="3(1b)"/>
    <context>
      Trent felt her retreat further <head>inside</head> herself as he shouted through the organ howl , ` There 's a chance we can make our way upriver . " 
    </context>
  </instance>


  <instance id="inside.p.fn.600472" docsrc="FN">
    <answer instance="inside.p.fn.600472" senseid="1(1)"/>
    <context>
      Arthur retreated <head>inside</head> the house , motioning Coffin to follow . 
    </context>
  </instance>


  <instance id="inside.p.fn.257178" docsrc="FN">
    <answer instance="inside.p.fn.257178" senseid="2(1a)"/>
    <context>
      So I sprinkled this stuff <head>inside</head> every pair of knickers in the drawer and then folded them all up again carefully . " 
    </context>
  </instance>


</lexelt>
