<lexelt item="like">

  <instance id="like.p.fn.340832" docsrc="FN">
    <answer instance="like.p.fn.340832" senseid="2(1a)"/>
    <context>
      Stok stood up and put his hands on the small of his back and threw his head back <head>like</head> a man in pain . 
    </context>
  </instance>


  <instance id="like.p.fn.341376" docsrc="FN">
    <answer instance="like.p.fn.341376" senseid="2(1a)"/>
    <context>
      Lucker twitches his foot <head>like</head> a troubled cat . 
    </context>
  </instance>


  <instance id="like.p.fn.341455" docsrc="FN">
    <answer instance="like.p.fn.341455" senseid="2(1a)"/>
    <context>
      The woman 's face twitches <head>like</head> a tramp 's to the smell of soup . 
    </context>
  </instance>


  <instance id="like.p.fn.341593" docsrc="FN">
    <answer instance="like.p.fn.341593" senseid="2(1a)"/>
    <context>
      Some owners have claimed that their Cornish Rex cats wag their tails when pleased , <head>like</head> dogs , although this is hard to believe . 
    </context>
  </instance>


  <instance id="like.p.fn.607494" docsrc="FN">
    <answer instance="like.p.fn.607494" senseid="3(1b)"/>
    <context>
      What should have happened is that the soft , natural gold would be spiked by the pin what actually happened was that the nugget was pinged out into the river <head>like</head> a tiddly wink . 
    </context>
  </instance>


  <instance id="like.p.fn.341650" docsrc="FN">
    <answer instance="like.p.fn.341650" senseid="2(1a)"/>
    <context>
      They sort of clamber out all clumsy like and then they waggle their tails <head>like</head> a dog and then start cleaning their feathers all quick . 
    </context>
  </instance>


  <instance id="like.p.fn.621866" docsrc="FN">
    <answer instance="like.p.fn.621866" senseid="2(1a)"/>
    <context>
      The wounded bird plummeted to earth <head>like</head> a dive-bomber , its beak piercing G. F. Westerby 's chest and pinning him to the ground . 
    </context>
  </instance>


  <instance id="like.p.fn.634236" docsrc="FN">
    <answer instance="like.p.fn.634236" senseid="3(1b)"/>
    <context>
      To imagine or write otherwise , to situate black people throughout the pages and scenes of a book <head>like</head> some government quota , would be ludicrous and dishonest . 
    </context>
  </instance>


  <instance id="like.p.fn.635767" docsrc="FN">
    <answer instance="like.p.fn.635767" senseid="3(1b)"/>
    <context>
      Fred tucked his toga between his legs <head>like</head> a baby 's nappy and picked his friend up . 
    </context>
  </instance>


  <instance id="like.p.fn.636118" docsrc="FN">
    <answer instance="like.p.fn.636118" senseid="3(1b)"/>
    <context>
      Trim the edges and tuck around the body <head>like</head> a skirt . 
    </context>
  </instance>


  <instance id="like.p.fn.734299" docsrc="FN">
    <answer instance="like.p.fn.734299" senseid="2(1a)"/>
    <context>
      His imagination bolted ahead <head>like</head> a runaway horse , only to be reined firmly in and brought to a halt . 
    </context>
  </instance>


  <instance id="like.p.fn.734407" docsrc="FN">
    <answer instance="like.p.fn.734407" senseid="2(1a)"/>
    <context>
      Rebecca bounded back <head>like</head> a retriever with a stick . 
    </context>
  </instance>


  <instance id="like.p.fn.387521" docsrc="FN">
    <answer instance="like.p.fn.387521" senseid="3(1b)"/>
    <context>
      I saw nothing but her deep brown legs as she knelt beside me , felt nothing but her strong hands kneading me <head>like</head> dough . 
    </context>
  </instance>


  <instance id="like.p.fn.387576" docsrc="FN">
    <answer instance="like.p.fn.387576" senseid="3(1b)"/>
    <context>
      She is being kneaded and punched <head>like</head> bread dough by a Valkyrie sporting the corporate logo tattooed on a bicep . 
    </context>
  </instance>


  <instance id="like.p.fn.735133" docsrc="FN">
    <answer instance="like.p.fn.735133" senseid="2(1a)"/>
    <context>
      The next day , taking their advice , I climbed to the top of the hill through steep , dense undergrowth , clambering from tree to tree <head>like</head> a demented chimp . 
    </context>
  </instance>


  <instance id="like.p.fn.735224" docsrc="FN">
    <answer instance="like.p.fn.735224" senseid="2(1a)"/>
    <context>
      Individual cells may crawl about over the surface of the sponge <head>like</head> amoebae . 
    </context>
  </instance>


  <instance id="like.p.fn.735343" docsrc="FN">
    <answer instance="like.p.fn.735343" senseid="2(1a)"/>
    <context>
      They stretched and stained in the darkness , and the hours crawled by <head>like</head> years ; Till , now , on the stroke of midnight , 
    </context>
  </instance>


  <instance id="like.p.fn.735449" docsrc="FN">
    <answer instance="like.p.fn.735449" senseid="2(1a)"/>
    <context>
      Connected by our infernal sound cable , and distributing our weight over as broad an area as possible , we crawled upwards again , <head>like</head> bears pretending to be spiders . 
    </context>
  </instance>


  <instance id="like.p.fn.736952" docsrc="FN">
    <answer instance="like.p.fn.736952" senseid="2(1a)"/>
    <context>
      Then the Lad darted across the room <head>like</head> a fleeing hare , and vanished , and Calatin opened his eyes and looked right at them . 
    </context>
  </instance>


  <instance id="like.p.fn.737034" docsrc="FN">
    <answer instance="like.p.fn.737034" senseid="2(1a)"/>
    <context>
      Above the shuddering tree-tops , swallows darted <head>like</head> pond skaters across a thin , blue film of sky . 
    </context>
  </instance>


  <instance id="like.p.fn.737290" docsrc="FN">
    <answer instance="like.p.fn.737290" senseid="2(1a)"/>
    <context>
      AFTER the debacle with Norman and Henrietta , Minton began dashing around <head>like</head> a hunted person . 
    </context>
  </instance>


  <instance id="like.p.fn.737673" docsrc="FN">
    <answer instance="like.p.fn.737673" senseid="2(1a)"/>
    <context>
      But it was one of the twins , in fluffy pyjamas , who flitted across the landing <head>like</head> a moth , eyes half-shut under the electric light . 
    </context>
  </instance>


  <instance id="like.p.fn.737736" docsrc="FN">
    <answer instance="like.p.fn.737736" senseid="2(1a)"/>
    <context>
      And , before any of us could do anything , she flitted <head>like</head> a ghost back into the trees . 
    </context>
  </instance>


  <instance id="like.p.fn.737775" docsrc="FN">
    <answer instance="like.p.fn.737775" senseid="2(1a)"/>
    <context>
      At Folkstumyren I came across a pair of bluethroats which were busy catching insects , sometimes flitting up into the air <head>like</head> a flycatcher to intercept craneflies . 
    </context>
  </instance>


  <instance id="like.p.fn.737833" docsrc="FN">
    <answer instance="like.p.fn.737833" senseid="2(1a)"/>
    <context>
      An Anglican , meanwhile , accused those opposed to women priests of ` flouncing around <head>like</head> two-year-olds having tantrums in Tesco . " 
    </context>
  </instance>


  <instance id="like.p.fn.738390" docsrc="FN">
    <answer instance="like.p.fn.738390" senseid="2(1a)"/>
    <context>
      As hard as I tried , I could not make use of the staff , so I carried it , hobbling <head>like</head> a stage imbecile . 
    </context>
  </instance>


  <instance id="like.p.fn.651514" docsrc="FN">
    <answer instance="like.p.fn.651514" senseid="2(1a)"/>
    <context>
      Hopping about <head>like</head> a cat on hot bricks when a little reasoned thought would serve you better . " 
    </context>
  </instance>


  <instance id="like.p.fn.651523" docsrc="FN">
    <answer instance="like.p.fn.651523" senseid="2(1a)"/>
    <context>
      It also gives the animal unusually short front legs and long hind legs , and an abnormally small anus , so that it hops along <head>like</head> a rabbit and suffers from constipation . 
    </context>
  </instance>


  <instance id="like.p.fn.749420" docsrc="FN">
    <answer instance="like.p.fn.749420" senseid="2(1a)"/>
    <context>
      People who leap from one relationship to another <head>like</head> someone crossing a stream on stepping-stones never grow up . 
    </context>
  </instance>


  <instance id="like.p.fn.749935" docsrc="FN">
    <answer instance="like.p.fn.749935" senseid="2(1a)"/>
    <context>
      ` I know you are worried about your work but you ca n't go limping around Palma <head>like</head> that . 
    </context>
  </instance>


  <instance id="like.p.fn.750085" docsrc="FN">
    <answer instance="like.p.fn.750085" senseid="2(1a)"/>
    <context>
      Never had she limped around <head>like</head> a milk-soaked rabbit , quiet and withdrawn . 
    </context>
  </instance>


  <instance id="like.p.fn.750492" docsrc="FN">
    <answer instance="like.p.fn.750492" senseid="2(1a)"/>
    <context>
      When you 're drunk you check everything eight times , lurching <head>like</head> a pain-maddened rhinoceros . 
    </context>
  </instance>


  <instance id="like.p.fn.751748" docsrc="FN">
    <answer instance="like.p.fn.751748" senseid="2(1a)"/>
    <context>
      Suddenly desperate to put a distance between them , Rory jumped down from the stool to pace restlessly round the kitchen <head>like</head> a caged animal , unhappy in its imprisonment . 
    </context>
  </instance>


  <instance id="like.p.fn.752404" docsrc="FN">
    <answer instance="like.p.fn.752404" senseid="2(1a)"/>
    <context>
      Ilsa 's house was dark and we padded through to the back porch <head>like</head> conspirators . 
    </context>
  </instance>


  <instance id="like.p.fn.752621" docsrc="FN">
    <answer instance="like.p.fn.752621" senseid="2(1a)"/>
    <context>
      Riders have to learn to cope with the contrasts of the Alpine stages , dropping like a stone or plodding upwards <head>like</head> an old soldier . 
    </context>
  </instance>


  <instance id="like.p.fn.752780" docsrc="FN">
    <answer instance="like.p.fn.752780" senseid="2(1a)"/>
    <context>
      Outside in the passage Ferris was prancing gently on his toes <head>like</head> a runner limbering for a race . 
    </context>
  </instance>


  <instance id="like.p.fn.753031" docsrc="FN">
    <answer instance="like.p.fn.753031" senseid="2(1a)"/>
    <context>
      Young , hopelessly inexperienced , they roam the world <head>like</head> itinerant brushsellers , peddling loans to Third World countries and living like kings . 
    </context>
  </instance>


  <instance id="like.p.fn.753225" docsrc="FN">
    <answer instance="like.p.fn.753225" senseid="2(1a)"/>
    <context>
      ` And watch out , " he told Irene , who had nearly stepped on a piece of discarded offal , thrown to the dogs who roamed around <head>like</head> the half-naked children . 
    </context>
  </instance>


  <instance id="like.p.fn.753399" docsrc="FN">
    <answer instance="like.p.fn.753399" senseid="2(1a)"/>
    <context>
      When he had joined the ship he had been nothing but eagerness and smiles , romping about <head>like</head> a new puppy , but now he had turned unrelentingly morose . 
    </context>
  </instance>


  <instance id="like.p.fn.753833" docsrc="FN">
    <answer instance="like.p.fn.753833" senseid="2(1a)"/>
    <context>
      Directors confess to a moment of panic when , as one puts it , ` he rushes onto the set <head>like</head> a bull " . 
    </context>
  </instance>


  <instance id="like.p.fn.388332" docsrc="FN">
    <answer instance="like.p.fn.388332" senseid="2(1a)"/>
    <context>
      Apgood pinched his nose <head>like</head> an airline passenger trying to clear his eardrums , and looked Maxim over carefully . 
    </context>
  </instance>


  <instance id="like.p.fn.388523" docsrc="FN">
    <answer instance="like.p.fn.388523" senseid="2(1a)"/>
    <context>
      When Mary saw the bicycle , her face pinched <head>like</head> an old woman 's . 
    </context>
  </instance>


  <instance id="like.p.fn.754547" docsrc="FN">
    <answer instance="like.p.fn.754547" senseid="2(1a)"/>
    <context>
      She held the lapels of her little jacket and sauntered <head>like</head> a street urchin . 
    </context>
  </instance>


  <instance id="like.p.fn.755377" docsrc="FN">
    <answer instance="like.p.fn.755377" senseid="2(1a)"/>
    <context>
      Fishing cobles were scurrying about the Sound <head>like</head> water beetles , black dots on the deep blue . 
    </context>
  </instance>


  <instance id="like.p.fn.755461" docsrc="FN">
    <answer instance="like.p.fn.755461" senseid="2(1a)"/>
    <context>
      He was imagining them as they scurried to and fro <head>like</head> rats , like rabbits , when farmers burnt the stubble off their fields . 
    </context>
  </instance>


  <instance id="like.p.fn.755538" docsrc="FN">
    <answer instance="like.p.fn.755538" senseid="2(1a)"/>
    <context>
      The parents were scurrying about <head>like</head> ants . 
    </context>
  </instance>


  <instance id="like.p.fn.755551" docsrc="FN">
    <answer instance="like.p.fn.755551" senseid="2(1a)"/>
    <context>
      Cranston , breathing heavily , looked down , curiously watching the figures below as they scurried around <head>like</head> black ants on the various tasks of the garrison . 
    </context>
  </instance>


  <instance id="like.p.fn.755644" docsrc="FN">
    <answer instance="like.p.fn.755644" senseid="2(1a)"/>
    <context>
      He scuttled across the rich thick carpet <head>like</head> a toddler , making her laugh . 
    </context>
  </instance>


  <instance id="like.p.fn.755718" docsrc="FN">
    <answer instance="like.p.fn.755718" senseid="2(1a)"/>
    <context>
      The creature scuttled ahead of them <head>like</head> some small black spider , opened the padlocked door and waved his guests forward . 
    </context>
  </instance>


  <instance id="like.p.fn.755721" docsrc="FN">
    <answer instance="like.p.fn.755721" senseid="2(1a)"/>
    <context>
      When his coach drove the roads , they scuttled out of his way into the ditches <head>like</head> rats ! " 
    </context>
  </instance>


  <instance id="like.p.fn.756092" docsrc="FN">
    <answer instance="like.p.fn.756092" senseid="2(1a)"/>
    <context>
      Ludo and I shuffle from pub to pub , table to table , <head>like</head> the Salvation Army rattling tins . 
    </context>
  </instance>


  <instance id="like.p.fn.756157" docsrc="FN">
    <answer instance="like.p.fn.756157" senseid="2(1a)"/>
    <context>
      In between the shelled-out buildings , people shuffle <head>like</head> the walking dead -- thousands thronging to the feeding centres hastily set up by relief agencies . 
    </context>
  </instance>


  <instance id="like.p.fn.756413" docsrc="FN">
    <answer instance="like.p.fn.756413" senseid="2(1a)"/>
    <context>
      Clutching herself , she skips to the door from rug to rug , <head>like</head> a Scottish country dancer , across the landing and into the bathroom , which has smaller windows and is warmer . ) 
    </context>
  </instance>


  <instance id="like.p.fn.756468" docsrc="FN">
    <answer instance="like.p.fn.756468" senseid="2(1a)"/>
    <context>
      ` And skulk <head>like</head> a fox ? 
    </context>
  </instance>


  <instance id="like.p.fn.756669" docsrc="FN">
    <answer instance="like.p.fn.756669" senseid="2(1a)"/>
    <context>
      The expensive item slithered off his back <head>like</head> a shed snakeskin . 
    </context>
  </instance>


  <instance id="like.p.fn.757029" docsrc="FN">
    <answer instance="like.p.fn.757029" senseid="2(1a)"/>
    <context>
      He would put away the car quietly , leaving the garage open in case the thud of the door woke her , then sneak in <head>like</head> a thief at the back door . 
    </context>
  </instance>


  <instance id="like.p.fn.757220" docsrc="FN">
    <answer instance="like.p.fn.757220" senseid="2(1a)"/>
    <context>
      ` You think I should keep two establishments and sneak furtively from one to the other <head>like</head> some sort of guilty adulterous cad ? " 
    </context>
  </instance>


  <instance id="like.p.fn.757264" docsrc="FN">
    <answer instance="like.p.fn.757264" senseid="2(1a)"/>
    <context>
      ` Yesterday morning , during break , you sneaked <head>like</head> a serpent into the kitchen and stole a slice of my private chocolate cake from my tea-tray ! 
    </context>
  </instance>


  <instance id="like.p.fn.757267" docsrc="FN">
    <answer instance="like.p.fn.757267" senseid="2(1a)"/>
    <context>
      There was a time when a priest had to sneak <head>like</head> a thief through the back streets and alleyways of this city in order to say Mass in some garret or other . 
    </context>
  </instance>


  <instance id="like.p.fn.758101" docsrc="FN">
    <answer instance="like.p.fn.758101" senseid="2(1a)"/>
    <context>
      The ex-running champ sprinted <head>like</head> her idol Linford Christie to try to catch them after they raided her home . 
    </context>
  </instance>


  <instance id="like.p.fn.758308" docsrc="FN">
    <answer instance="like.p.fn.758308" senseid="2(1a)"/>
    <context>
      As we staggered up the path <head>like</head> a couple of drunks , I kept up a desperate , bright flow of conversation , to mask the slowness of our steps . 
    </context>
  </instance>


  <instance id="like.p.fn.758452" docsrc="FN">
    <answer instance="like.p.fn.758452" senseid="2(1a)"/>
    <context>
      Rohmer staggered <head>like</head> a sleepwalker through the second-floor door leading out into the stairwell . 
    </context>
  </instance>


  <instance id="like.p.fn.759206" docsrc="FN">
    <answer instance="like.p.fn.759206" senseid="2(1a)"/>
    <context>
      He wanted to feel warmed through to his spine , to have the comfort steal into him <head>like</head> strong ale . 
    </context>
  </instance>


  <instance id="like.p.fn.759233" docsrc="FN">
    <answer instance="like.p.fn.759233" senseid="2(1a)"/>
    <context>
      It was an eerie feeling to be stealing through the forest <head>like</head> this . 
    </context>
  </instance>


  <instance id="like.p.fn.759251" docsrc="FN">
    <answer instance="like.p.fn.759251" senseid="2(1a)"/>
    <context>
      It could not steal upon the country unaware , <head>like</head> a thief in the night . 
    </context>
  </instance>


  <instance id="like.p.fn.761673" docsrc="FN">
    <answer instance="like.p.fn.761673" senseid="2(1a)"/>
    <context>
      Charlie strolled on up to the front <head>like</head> some visiting tourist who was not involved in a war . 
    </context>
  </instance>


  <instance id="like.p.fn.762013" docsrc="FN">
    <answer instance="like.p.fn.762013" senseid="2(1a)"/>
    <context>
      Here he stuck out his chest and strutted about <head>like</head> a professional walker setting out on a long distance race . 
    </context>
  </instance>


  <instance id="like.p.fn.762021" docsrc="FN">
    <answer instance="like.p.fn.762021" senseid="2(1a)"/>
    <context>
      He rose from his enormous desk and lit a big cigar -- it could n't have been a Havana -- and strutted around his vast office <head>like</head> a peacock , admiring his reflection in the long mirror . 
    </context>
  </instance>


  <instance id="like.p.fn.762029" docsrc="FN">
    <answer instance="like.p.fn.762029" senseid="2(1a)"/>
    <context>
      This particularly subtle quiver of the leg to express newly aroused emotion was first noticed in Ashton 's The Two Pigeons when the Young Girl and her friends pretend to strut around <head>like</head> pigeons . 
    </context>
  </instance>


  <instance id="like.p.fn.762043" docsrc="FN">
    <answer instance="like.p.fn.762043" senseid="2(1a)"/>
    <context>
      I , however , strutted out <head>like</head> a barnyard cock , booted and cloaked , a broad-brimmed hat on my head with a black and white plume hanging from it . 
    </context>
  </instance>


  <instance id="like.p.fn.762153" docsrc="FN">
    <answer instance="like.p.fn.762153" senseid="2(1a)"/>
    <context>
      Simple arithmetic told us that even if we gained the summit we would be stumbling back down in the dark <head>like</head> late cinema-goers trying to find their seats . 
    </context>
  </instance>


  <instance id="like.p.fn.762604" docsrc="FN">
    <answer instance="like.p.fn.762604" senseid="2(1a)"/>
    <context>
      She swaggered out of the door <head>like</head> a Mississippi gambler . 
    </context>
  </instance>


  <instance id="like.p.fn.762605" docsrc="FN">
    <answer instance="like.p.fn.762605" senseid="2(1a)"/>
    <context>
      He left with the boy 's quilt across his shoulder , swaggering <head>like</head> a Roman emperor . 
    </context>
  </instance>


  <instance id="like.p.fn.763294" docsrc="FN">
    <answer instance="like.p.fn.763294" senseid="2(1a)"/>
    <context>
      It disturbed him to think of her father perhaps waking to hear him tiptoe down the passage <head>like</head> a shifty thief afraid of discovery . 
    </context>
  </instance>


  <instance id="like.p.fn.763514" docsrc="FN">
    <answer instance="like.p.fn.763514" senseid="2(1a)"/>
    <context>
      How stupid to have been caught tottering about <head>like</head> an invalid . 
    </context>
  </instance>


  <instance id="like.p.fn.763586" docsrc="FN">
    <answer instance="like.p.fn.763586" senseid="2(1a)"/>
    <context>
      Kattina was summoned to the gangway of the houseboat to meet them before they tramped aboard <head>like</head> a herd of elephants . 
    </context>
  </instance>


  <instance id="like.p.fn.763641" docsrc="FN">
    <answer instance="like.p.fn.763641" senseid="2(1a)"/>
    <context>
      Behind them tramp the children <head>like</head> miniature adults , small hoes sticking out of their bundles . 
    </context>
  </instance>


  <instance id="like.p.fn.781405" docsrc="FN">
    <answer instance="like.p.fn.781405" senseid="2(1a)"/>
    <context>
      On the ground floor he walked a few feet ahead , leaving me to trundle behind <head>like</head> a meek Arab wife . 
    </context>
  </instance>


  <instance id="like.p.fn.781662" docsrc="FN">
    <answer instance="like.p.fn.781662" senseid="2(1a)"/>
    <context>
      Tatyana Scholl , the West German who was to win the Miss Bikini ( physique ) class , took time out from her press-ups to waddle around nervously <head>like</head> a weight-lifter eyeing the bar . 
    </context>
  </instance>


  <instance id="like.p.fn.781670" docsrc="FN">
    <answer instance="like.p.fn.781670" senseid="2(1a)"/>
    <context>
      On seeing them waddle down the street , <head>like</head> a mass of quivering flesh , we usually ran upstairs to warn Mum of the advancing horde . 
    </context>
  </instance>


  <instance id="like.p.fn.781729" docsrc="FN">
    <answer instance="like.p.fn.781729" senseid="2(1a)"/>
    <context>
      Every summer they bloated on the surfeits of the garden and waddled hopelessly about <head>like</head> feathery puffballs , pondering , I thought , on the unlikeliness of launching their fat selves into the laughing air again . 
    </context>
  </instance>


  <instance id="like.p.fn.647555" docsrc="FN">
    <answer instance="like.p.fn.647555" senseid="2(1a)"/>
    <context>
      ` Certainly you skate <head>like</head> an angel , Mr Frere . " 
    </context>
  </instance>


  <instance id="like.p.fn.403117" docsrc="FN">
    <answer instance="like.p.fn.403117" senseid="6(2)"/>
    <context>
      But you must n't peek at my feet <head>like</head> that , poor horrible ugly deformed things . " 
    </context>
  </instance>


  <instance id="like.p.fn.323509" docsrc="FN">
    <answer instance="like.p.fn.323509" senseid="2(1a)"/>
    <context>
      The July sunlight on his shoulders felt <head>like</head> a weight too , but the door did n't budge , not until Charlie stumped along the weedy path and threw his weight against the door . 
    </context>
  </instance>


  <instance id="like.p.fn.323725" docsrc="FN">
    <answer instance="like.p.fn.323725" senseid="1(1)"/>
    <context>
      House lights on , clear of customers , tables unlaid , it looked <head>like</head> a barn and felt about as well-heated . 
    </context>
  </instance>


  <instance id="like.p.fn.323730" docsrc="FN">
    <answer instance="like.p.fn.323730" senseid="1(1)"/>
    <context>
      Sergeant Bourne , his administrative assistant , was there with three detective constables , doing their best to make it look <head>like</head> home . 
    </context>
  </instance>


  <instance id="like.p.fn.323737" docsrc="FN">
    <answer instance="like.p.fn.323737" senseid="1(1)"/>
    <context>
      We drive there on an empty street which is barely rubble , strewn with rusty cans that look <head>like</head> tankers , sweet wrappers , empty beer bottles and hordes of children shouting by the side of the road . 
    </context>
  </instance>


  <instance id="like.p.fn.323739" docsrc="FN">
    <answer instance="like.p.fn.323739" senseid="1(1)"/>
    <context>
      I found her by the side of the house with her dog , looking <head>like</head> a complete tramp , with a patched-up old coat and hair all over the place . 
    </context>
  </instance>


  <instance id="like.p.fn.323740" docsrc="FN">
    <answer instance="like.p.fn.323740" senseid="1(1)"/>
    <context>
      The pool filter usually looks <head>like</head> a deep tray . 
    </context>
  </instance>


  <instance id="like.p.fn.323742" docsrc="FN">
    <answer instance="like.p.fn.323742" senseid="1(1)"/>
    <context>
      The US computer superstore CompUSA looks more <head>like</head> a warehouse , with products piled high and where knowledgeable customers are happy to make their selections . 
    </context>
  </instance>


  <instance id="like.p.fn.323776" docsrc="FN">
    <answer instance="like.p.fn.323776" senseid="1(1)"/>
    <context>
      Thus the Metropolitan Commissioner 's testimony to a brand of tyre as a major contribution to road safety carries weight because of who he is rather than what he looks <head>like</head> . 
    </context>
  </instance>


  <instance id="like.p.fn.324170" docsrc="FN">
    <answer instance="like.p.fn.324170" senseid="1(1)"/>
    <context>
      ` They smell nice , " said April unexpectedly , ` <head>like</head> cough mixture . " 
    </context>
  </instance>


  <instance id="like.p.fn.324201" docsrc="FN">
    <answer instance="like.p.fn.324201" senseid="1(1)"/>
    <context>
      It smells <head>like</head> Aaron 's feet . 
    </context>
  </instance>


  <instance id="like.p.fn.324202" docsrc="FN">
    <answer instance="like.p.fn.324202" senseid="1(1)"/>
    <context>
      Fags make you smell <head>like</head> ash-trays , play havoc with yer tongues . 
    </context>
  </instance>


  <instance id="like.p.fn.324203" docsrc="FN">
    <answer instance="like.p.fn.324203" senseid="1(1)"/>
    <context>
      It sucks to the plastic and smells <head>like</head> the bottom of a busy restaurant slop bin . 
    </context>
  </instance>


  <instance id="like.p.fn.324205" docsrc="FN">
    <answer instance="like.p.fn.324205" senseid="1(1)"/>
    <context>
      Do n't put it in a plastic bag in the fridge and save it for visitors ; before you know where you are it 'll have swollen to three times its size and smell <head>like</head> a chemical factory . 
    </context>
  </instance>


  <instance id="like.p.fn.324206" docsrc="FN">
    <answer instance="like.p.fn.324206" senseid="1(1)"/>
    <context>
      Ashley laughed like a drain ; a teetotaller might have said her breath smelled <head>like</head> one . 
    </context>
  </instance>


  <instance id="like.p.fn.324207" docsrc="FN">
    <answer instance="like.p.fn.324207" senseid="1(1)"/>
    <context>
      Maybe this question had some relevance to the fact that there was a large space vacant before the stage -- or did the fish smell <head>like</head> fish ? 
    </context>
  </instance>


  <instance id="like.p.fn.324209" docsrc="FN">
    <answer instance="like.p.fn.324209" senseid="1(1)"/>
    <context>
      The flat smelled <head>like</head> the lair of a strange animal . 
    </context>
  </instance>


  <instance id="like.p.fn.324211" docsrc="FN">
    <answer instance="like.p.fn.324211" senseid="1(1)"/>
    <context>
      NeTpower machines are meant to look , feel and smell <head>like</head> a PC . 
    </context>
  </instance>


  <instance id="like.p.fn.324212" docsrc="FN">
    <answer instance="like.p.fn.324212" senseid="1(1)"/>
    <context>
      Marcus Small Ward Two had turned acute medical , but it smelt <head>like</head> a plaster theatre . 
    </context>
  </instance>


  <instance id="like.p.fn.324215" docsrc="FN">
    <answer instance="like.p.fn.324215" senseid="1(1)"/>
    <context>
      ` But will my lady allow me to share her bed tonight if I smell <head>like</head> an unwashed ram ? " 
    </context>
  </instance>


  <instance id="like.p.fn.324216" docsrc="FN">
    <answer instance="like.p.fn.324216" senseid="1(1)"/>
    <context>
      New English roses like ` Heritage " look and smell <head>like</head> old roses but flower for longer 
    </context>
  </instance>


  <instance id="like.p.fn.324219" docsrc="FN">
    <answer instance="like.p.fn.324219" senseid="1(1)"/>
    <context>
      ` And you were just you ; you moved like you , spoke like you ; smelled <head>like</head> you . " 
    </context>
  </instance>


  <instance id="like.p.fn.324235" docsrc="FN">
    <answer instance="like.p.fn.324235" senseid="5(1d)"/>
    <context>
      What did he smell <head>like</head> ? 
    </context>
  </instance>


  <instance id="like.p.fn.324236" docsrc="FN">
    <answer instance="like.p.fn.324236" senseid="5(1d)"/>
    <context>
      What do badgers smell <head>like</head> ? 
    </context>
  </instance>


  <instance id="like.p.fn.324237" docsrc="FN">
    <answer instance="like.p.fn.324237" senseid="5(1d)"/>
    <context>
      What does it smell <head>like</head> ? 
    </context>
  </instance>


  <instance id="like.p.fn.324238" docsrc="FN">
    <answer instance="like.p.fn.324238" senseid="5(1d)"/>
    <context>
      ` 'E likes to know what everythin' smells <head>like</head> so 's he knows who to say hello to and who not . " 
    </context>
  </instance>


  <instance id="like.p.fn.324241" docsrc="FN">
    <answer instance="like.p.fn.324241" senseid="5(1d)"/>
    <context>
      ` You 've been away so long , I almost forgot what you smelt <head>like</head> . " 
    </context>
  </instance>


  <instance id="like.p.fn.324242" docsrc="FN">
    <answer instance="like.p.fn.324242" senseid="5(1d)"/>
    <context>
      ` That 's jolly useful , " Malplacket said. , ` What does it smell <head>like</head> ? " 
    </context>
  </instance>


  <instance id="like.p.fn.324243" docsrc="FN">
    <answer instance="like.p.fn.324243" senseid="5(1d)"/>
    <context>
      He did n't want to contemplate what he smelt <head>like</head> . 
    </context>
  </instance>


  <instance id="like.p.fn.324377" docsrc="FN">
    <answer instance="like.p.fn.324377" senseid="1(1)"/>
    <context>
      The thump of each explosion sounded <head>like</head> a door being slammed far beneath our feet . 
    </context>
  </instance>


  <instance id="like.p.fn.324384" docsrc="FN">
    <answer instance="like.p.fn.324384" senseid="1(1)"/>
    <context>
      The cage was now a few fe et off the ground and the noise , which sounded <head>like</head> metal being torn apart , was almost deafening . 
    </context>
  </instance>


  <instance id="like.p.fn.324424" docsrc="FN">
    <answer instance="like.p.fn.324424" senseid="5(1d)"/>
    <context>
      I realized that I had completely forgotten what he sounded <head>like</head> . 
    </context>
  </instance>


  <instance id="like.p.fn.324496" docsrc="FN">
    <answer instance="like.p.fn.324496" senseid="1(1)"/>
    <context>
      And they stank , stank <head>like</head> cattle carcases outside an abattoir . 
    </context>
  </instance>


  <instance id="like.p.fn.324498" docsrc="FN">
    <answer instance="like.p.fn.324498" senseid="1(1)"/>
    <context>
      The cheese stunk <head>like</head> that . 
    </context>
  </instance>


  <instance id="like.p.fn.324503" docsrc="FN">
    <answer instance="like.p.fn.324503" senseid="1(1)"/>
    <context>
      The place stank <head>like</head> a sewer ! 
    </context>
  </instance>


  <instance id="like.p.fn.324715" docsrc="FN">
    <answer instance="like.p.fn.324715" senseid="1(1)"/>
    <context>
      But when a user smokes 12 , his mouth will taste <head>like</head> ` four dozen chewed-up cigars " , 
    </context>
  </instance>


  <instance id="like.p.fn.324726" docsrc="FN">
    <answer instance="like.p.fn.324726" senseid="5(1d)"/>
    <context>
      Remember what a real sausage tastes <head>like</head> ? 
    </context>
  </instance>


  <instance id="like.p.fn.324752" docsrc="FN">
    <answer instance="like.p.fn.324752" senseid="5(1d)"/>
    <context>
      What will it taste or smell <head>like</head> ? 
    </context>
  </instance>


  <instance id="like.p.fn.651918" docsrc="FN">
    <answer instance="like.p.fn.651918" senseid="2(1a)"/>
    <context>
      Maggie 's eyes and back are aching <head>like</head> hell . 
    </context>
  </instance>


  <instance id="like.p.fn.652702" docsrc="FN">
    <answer instance="like.p.fn.652702" senseid="2(1a)"/>
    <context>
      My doctor tells me that leg of his must still be hurting <head>like</head> the devil . 
    </context>
  </instance>


  <instance id="like.p.fn.652725" docsrc="FN">
    <answer instance="like.p.fn.652725" senseid="2(1a)"/>
    <context>
      My broken finger hurt <head>like</head> hell . 
    </context>
  </instance>


  <instance id="like.p.fn.653041" docsrc="FN">
    <answer instance="like.p.fn.653041" senseid="4(1c)"/>
    <context>
      Where he had touched her her scalp was prickling <head>like</head> a porcupine . 
    </context>
  </instance>


  <instance id="like.p.fn.653216" docsrc="FN">
    <answer instance="like.p.fn.653216" senseid="2(1a)"/>
    <context>
      When he threw in the meat , drops of hot water stung his hands <head>like</head> needles . 
    </context>
  </instance>


  <instance id="like.p.fn.407395" docsrc="FN">
    <answer instance="like.p.fn.407395" senseid="2(1a)"/>
    <context>
      It rarely speaks , though if frightened it may bleat <head>like</head> a goat . some occasionally have goats ' shanks and hooves as well . 
    </context>
  </instance>


  <instance id="like.p.fn.407868" docsrc="FN">
    <answer instance="like.p.fn.407868" senseid="2(1a)"/>
    <context>
      The nurses barking like hyenas , braying <head>like</head> donkeys . 
    </context>
  </instance>


  <instance id="like.p.fn.408023" docsrc="FN">
    <answer instance="like.p.fn.408023" senseid="2(1a)"/>
    <context>
      In telling it , he cackled <head>like</head> a corncrake and waved his arms about . 
    </context>
  </instance>


  <instance id="like.p.fn.409407" docsrc="FN">
    <answer instance="like.p.fn.409407" senseid="2(1a)"/>
    <context>
      She lay down , and he drifted off , and five minutes later the central heating was hissing and clanging <head>like</head> a forge . 
    </context>
  </instance>


  <instance id="like.p.fn.411195" docsrc="FN">
    <answer instance="like.p.fn.411195" senseid="2(1a)"/>
    <context>
      The great wooden chalet creaked and resonated <head>like</head> a galleon in full sail . 
    </context>
  </instance>


  <instance id="like.p.fn.411361" docsrc="FN">
    <answer instance="like.p.fn.411361" senseid="2(1a)"/>
    <context>
      Ivan toppled towards me , creaking <head>like</head> a rusty hinge . 
    </context>
  </instance>


  <instance id="like.p.fn.411366" docsrc="FN">
    <answer instance="like.p.fn.411366" senseid="2(1a)"/>
    <context>
      The old house creaked in its joints <head>like</head> an old dog settling down for the night . 
    </context>
  </instance>


  <instance id="like.p.fn.413753" docsrc="FN">
    <answer instance="like.p.fn.413753" senseid="2(1a)"/>
    <context>
      Growling <head>like</head> a mother cat may make a cat owner feel ridiculous , but if it helps to restrain a cat from tearing at a valuable chair , it is well worth a try . 
    </context>
  </instance>


  <instance id="like.p.fn.414175" docsrc="FN">
    <answer instance="like.p.fn.414175" senseid="2(1a)"/>
    <context>
      Swarms of bats appeared over our camp at sunset , and hippos grunted <head>like</head> pigs at intervals throughout the night . 
    </context>
  </instance>


  <instance id="like.p.fn.414349" docsrc="FN">
    <answer instance="like.p.fn.414349" senseid="2(1a)"/>
    <context>
      Blood drummed in her ears , blood gurgled <head>like</head> vomit in her throat , blood splashed in bright globules against the retinas of her closed eyes . 
    </context>
  </instance>


  <instance id="like.p.fn.414351" docsrc="FN">
    <answer instance="like.p.fn.414351" senseid="2(1a)"/>
    <context>
      He flopped on to his back , gurgled <head>like</head> a sleeping infant , then opened his eyes . 
    </context>
  </instance>


  <instance id="like.p.fn.414505" docsrc="FN">
    <answer instance="like.p.fn.414505" senseid="2(1a)"/>
    <context>
      It will hiss and bubble <head>like</head> a cauldron . 
    </context>
  </instance>


  <instance id="like.p.fn.414621" docsrc="FN">
    <answer instance="like.p.fn.414621" senseid="2(1a)"/>
    <context>
      It hisses <head>like</head> a snake , growls like a carnivore and snaps out at its tormenter . 
    </context>
  </instance>


  <instance id="like.p.fn.1150743" docsrc="FN">
    <answer instance="like.p.fn.1150743" senseid="2(1a)"/>
    <context>
      He stooped <head>like</head> a hunch-back . 
    </context>
  </instance>


  <instance id="like.p.fn.415018" docsrc="FN">
    <answer instance="like.p.fn.415018" senseid="2(1a)"/>
    <context>
      Bissell howled then , <head>like</head> some kind of demented animal . 
    </context>
  </instance>


  <instance id="like.p.fn.415186" docsrc="FN">
    <answer instance="like.p.fn.415186" senseid="2(1a)"/>
    <context>
      He wanted to howl <head>like</head> a dog and hear the echoes all around him . 
    </context>
  </instance>


  <instance id="like.p.fn.415251" docsrc="FN">
    <answer instance="like.p.fn.415251" senseid="2(1a)"/>
    <context>
      Then he was running down the office , howling <head>like</head> a bereaved dog . 
    </context>
  </instance>


  <instance id="like.p.fn.415266" docsrc="FN">
    <answer instance="like.p.fn.415266" senseid="2(1a)"/>
    <context>
      Did n't realise until it started howling <head>like</head> a demented banshee ! " 
    </context>
  </instance>


  <instance id="like.p.fn.416040" docsrc="FN">
    <answer instance="like.p.fn.416040" senseid="2(1a)"/>
    <context>
      Ruth tried not to show her terror when the timbers creaked and moaned <head>like</head> tormented spirits and she could hear the waves breaking on the deck above them . 
    </context>
  </instance>


  <instance id="like.p.fn.416076" docsrc="FN">
    <answer instance="like.p.fn.416076" senseid="2(1a)"/>
    <context>
      After missing in a flat calm against the French , it was typical of Hastings that he succeeded in a gale which made the Murrayfield goal-posts moan <head>like</head> a didgeridoo . 
    </context>
  </instance>


  <instance id="like.p.fn.416015" docsrc="FN">
    <answer instance="like.p.fn.416015" senseid="2(1a)"/>
    <context>
      The sailors all laughed at me because I walked and neighed <head>like</head> a horse . 
    </context>
  </instance>


  <instance id="like.p.fn.416019" docsrc="FN">
    <answer instance="like.p.fn.416019" senseid="2(1a)"/>
    <context>
      Better than that was riding on his back while he went down on hands and knees and neighed <head>like</head> a horse . 
    </context>
  </instance>


  <instance id="like.p.fn.1127385" docsrc="FN">
    <answer instance="like.p.fn.1127385" senseid="2(1a)"/>
    <context>
      The engine was purring <head>like</head> a tiger . 
    </context>
  </instance>


  <instance id="like.p.fn.1129022" docsrc="FN">
    <answer instance="like.p.fn.1129022" senseid="2(1a)"/>
    <context>
      They darted about on the front of the group , their silver-leaf hair rustling <head>like</head> raw silk . 
    </context>
  </instance>


  <instance id="like.p.fn.1129605" docsrc="FN">
    <answer instance="like.p.fn.1129605" senseid="2(1a)"/>
    <context>
      Screeching <head>like</head> a banshee , she was . 
    </context>
  </instance>


  <instance id="like.p.fn.1129623" docsrc="FN">
    <answer instance="like.p.fn.1129623" senseid="2(1a)"/>
    <context>
      The wind screeched <head>like</head> a herd of pigs at slaughter . 
    </context>
  </instance>


  <instance id="like.p.fn.1131287" docsrc="FN">
    <answer instance="like.p.fn.1131287" senseid="2(1a)"/>
    <context>
      God , thought Bykov , how can she snore <head>like</head> thunder yet sleep so lightly ? 
    </context>
  </instance>


  <instance id="like.p.fn.1131579" docsrc="FN">
    <answer instance="like.p.fn.1131579" senseid="2(1a)"/>
    <context>
      The man snorted <head>like</head> a ploughhorse getting its breath after turning a long furrow . 
    </context>
  </instance>


  <instance id="like.p.fn.1131969" docsrc="FN">
    <answer instance="like.p.fn.1131969" senseid="2(1a)"/>
    <context>
      She began to cry out , then sob <head>like</head> a child . 
    </context>
  </instance>


  <instance id="like.p.fn.1131987" docsrc="FN">
    <answer instance="like.p.fn.1131987" senseid="2(1a)"/>
    <context>
      At Nice when he heard the devastating news that his Portuguese friend , the artist Amedeo de Sousa Cardoso , had died of Spanish flu he broke down and sobbed <head>like</head> a child . 
    </context>
  </instance>


  <instance id="like.p.fn.1132426" docsrc="FN">
    <answer instance="like.p.fn.1132426" senseid="2(1a)"/>
    <context>
      My room was over the back door and it squeaked <head>like</head> a murdered rat . 
    </context>
  </instance>


  <instance id="like.p.fn.1132428" docsrc="FN">
    <answer instance="like.p.fn.1132428" senseid="2(1a)"/>
    <context>
      Luney screwed up her face and her laughter squeaked <head>like</head> a party whistle . 
    </context>
  </instance>


  <instance id="like.p.fn.1132612" docsrc="FN">
    <answer instance="like.p.fn.1132612" senseid="2(1a)"/>
    <context>
      The five Kenny children came crowding round <head>like</head> little goblins , dirty and ragged , but squealing happily . 
    </context>
  </instance>


  <instance id="like.p.fn.1132677" docsrc="FN">
    <answer instance="like.p.fn.1132677" senseid="2(1a)"/>
    <context>
      She squealed <head>like</head> a tabby cat beneath the lecherous neighbourhood tom . 
    </context>
  </instance>


  <instance id="like.p.fn.1133447" docsrc="FN">
    <answer instance="like.p.fn.1133447" senseid="2(1a)"/>
    <context>
      Against her yielding flesh she could feel his heart thundering <head>like</head> a man who had run a marathon . 
    </context>
  </instance>


  <instance id="like.p.fn.1249484" docsrc="FN">
    <answer instance="like.p.fn.1249484" senseid="2(1a)"/>
    <context>
      Outside , standing on a beer barrel , a member of the ward watch rang a hand bell which tolled <head>like</head> a death knell through the noisy clamour of the place .
    </context>
  </instance>


  <instance id="like.p.fn.1134075" docsrc="FN">
    <answer instance="like.p.fn.1134075" senseid="2(1a)"/>
    <context>
      Then someone asked me where the station was , and she was deaf , and I had to trumpet <head>like</head> an elephant for about ten minutes . 
    </context>
  </instance>


  <instance id="like.p.fn.1134369" docsrc="FN">
    <answer instance="like.p.fn.1134369" senseid="2(1a)"/>
    <context>
      She recalled the docks , and the way the sea screamed and wailed <head>like</head> a soul in torment , throwing itself against the piers with a wild vengeance that struck terror into her young heart . 
    </context>
  </instance>


  <instance id="like.p.fn.1134617" docsrc="FN">
    <answer instance="like.p.fn.1134617" senseid="2(1a)"/>
    <context>
      I whimpered <head>like</head> a wounded puppy dog . 
    </context>
  </instance>


  <instance id="like.p.fn.1134923" docsrc="FN">
    <answer instance="like.p.fn.1134923" senseid="2(1a)"/>
    <context>
      It reversed fast , the gearbox whining <head>like</head> a violin , and parked in front of the Mercedes . 
    </context>
  </instance>


  <instance id="like.p.fn.1135362" docsrc="FN">
    <answer instance="like.p.fn.1135362" senseid="2(1a)"/>
    <context>
      He walked along the road , hands in pockets , whistling <head>like</head> a blackbird . 
    </context>
  </instance>


  <instance id="like.p.fn.1135522" docsrc="FN">
    <answer instance="like.p.fn.1135522" senseid="2(1a)"/>
    <context>
      Cranston turned and quietly cursed as the madman scampered across the snow to greet them , yelping <head>like</head> an affectionate dog . 
    </context>
  </instance>


  <instance id="like.p.fn.670054" docsrc="FN">
    <answer instance="like.p.fn.670054" senseid="1(1)"/>
    <context>
      To Clare , his milky warm smell was <head>like</head> that of a newborn baby . 
    </context>
  </instance>


  <instance id="like.p.fn.673444" docsrc="FN">
    <answer instance="like.p.fn.673444" senseid="1(1)"/>
    <context>
      A sound <head>like</head> a bag of wet sulphur bursting in the middle of a bonfire . 
    </context>
  </instance>


  <instance id="like.p.fn.385045" docsrc="FN">
    <answer instance="like.p.fn.385045" senseid="2(1a)"/>
    <context>
      Celebrated as the ex-mistress of Edward VII , as an international grande dame , and as a matchless hostess , Alice Keppel reigned <head>like</head> a queen over Florentine society . 
    </context>
  </instance>


  <instance id="like.p.fn.332203" docsrc="FN">
    <answer instance="like.p.fn.332203" senseid="7(3)"/>
    <context>
      The results , with one notable exception , were to make improvements to earlier discoveries <head>like</head> radar and jet propulsion , rather than to create totally new techniques or weapons . 
    </context>
  </instance>


  <instance id="like.p.fn.312078" docsrc="FN">
    <answer instance="like.p.fn.312078" senseid="7(3)"/>
    <context>
      The unavailability of Intel Corp 's promised Pentium chip is forcing hardware vendors <head>like</head> Unisys Corp , much of whose product line is Intel , to scramble . 
    </context>
  </instance>


  <instance id="like.p.fn.824285" docsrc="FN">
    <answer instance="like.p.fn.824285" senseid="2(1a)"/>
    <context>
      ALTHOUGH the bond market generally has been yo-yoing with the fortunes of the Gulf war , one issue is selling <head>like</head> hot bagels . 
    </context>
  </instance>


  <instance id="like.p.fn.435066" docsrc="FN">
    <answer instance="like.p.fn.435066" senseid="2(1a)"/>
    <context>
      The tar on the roads glistened <head>like</head> liquid quicksilver . 
    </context>
  </instance>


  <instance id="like.p.fn.435350" docsrc="FN">
    <answer instance="like.p.fn.435350" senseid="2(1a)"/>
    <context>
      I can see her little gold necklace twinkling <head>like</head> a star round her neck . 
    </context>
  </instance>


  <instance id="like.p.fn.437770" docsrc="FN">
    <answer instance="like.p.fn.437770" senseid="2(1a)"/>
    <context>
      Damian chose a huge square-cut emerald set in platinum that flashed <head>like</head> green fire against her finger . 
    </context>
  </instance>


  <instance id="like.p.fn.437775" docsrc="FN">
    <answer instance="like.p.fn.437775" senseid="2(1a)"/>
    <context>
      He saw Ratagan 's axe flash <head>like</head> a star and bury itself in a hairy snout , splintering black blood . 
    </context>
  </instance>


  <instance id="like.p.fn.436256" docsrc="FN">
    <answer instance="like.p.fn.436256" senseid="2(1a)"/>
    <context>
      He came on , walking in the same direction as Rachaela , the dilute snow sparkling in his hat <head>like</head> sequins . 
    </context>
  </instance>


  <instance id="like.p.fn.436280" docsrc="FN">
    <answer instance="like.p.fn.436280" senseid="2(1a)"/>
    <context>
      At last , dripping wet , with water sparkling <head>like</head> jewels on her cheeks and forehead , and rivulets running from her hair , she stepped from the last stone on to the bank . 
    </context>
  </instance>


  <instance id="like.p.fn.436284" docsrc="FN">
    <answer instance="like.p.fn.436284" senseid="2(1a)"/>
    <context>
      Golden rays beamed down like spotlights , transforming the charcoal water to sapphire-blue and making the streaks of foam sparkle <head>like</head> sugar frosting . 
    </context>
  </instance>


  <instance id="like.p.fn.437170" docsrc="FN">
    <answer instance="like.p.fn.437170" senseid="2(1a)"/>
    <context>
      Her hair gleamed <head>like</head> a hastily polished brass pot , its tiny dents reddish brown . 
    </context>
  </instance>


  <instance id="like.p.fn.437176" docsrc="FN">
    <answer instance="like.p.fn.437176" senseid="2(1a)"/>
    <context>
      His naked skin gleamed <head>like</head> gold in the morning sun . 
    </context>
  </instance>


  <instance id="like.p.fn.437186" docsrc="FN">
    <answer instance="like.p.fn.437186" senseid="2(1a)"/>
    <context>
      She wore her hair low on the nape of her neck , its weight giving fragility to the long , slender throat , the chignon itself gleaming <head>like</head> spun silver . 
    </context>
  </instance>


  <instance id="like.p.fn.437406" docsrc="FN">
    <answer instance="like.p.fn.437406" senseid="2(1a)"/>
    <context>
      From a wall niche , a pair of crystal decanters glittered <head>like</head> splinters of ice , and beneath them the object of my search , the pyx itself . 
    </context>
  </instance>


  <instance id="like.p.fn.437409" docsrc="FN">
    <answer instance="like.p.fn.437409" senseid="2(1a)"/>
    <context>
      Swift and deadly , they are armoured in shining silver and armed with white lances with diamond-hard tips which glitter <head>like</head> stars . 
    </context>
  </instance>


  <instance id="like.p.fn.440600" docsrc="FN">
    <answer instance="like.p.fn.440600" senseid="2(1a)"/>
    <context>
      The moon shone overhead <head>like</head> a new dime . 
    </context>
  </instance>


  <instance id="like.p.fn.440814" docsrc="FN">
    <answer instance="like.p.fn.440814" senseid="2(1a)"/>
    <context>
      The oil-cloth that covered the kitchen table shone <head>like</head> new , except for cracked corners . 
    </context>
  </instance>


  <instance id="like.p.fn.440818" docsrc="FN">
    <answer instance="like.p.fn.440818" senseid="2(1a)"/>
    <context>
      My well-worn schoolboy shoes were polished until they shone <head>like</head> glass . 
    </context>
  </instance>


  <instance id="like.p.fn.438229" docsrc="FN">
    <answer instance="like.p.fn.438229" senseid="2(1a)"/>
    <context>
      as tall as a palm tree and perfectly black [ with ] one eye which flamed <head>like</head> a burning coal in the middle of his forehead . 
    </context>
  </instance>


  <instance id="like.p.fn.438312" docsrc="FN">
    <answer instance="like.p.fn.438312" senseid="2(1a)"/>
    <context>
      Dot saw how the gold patterns on the cover caught the flicker from the fire and flared <head>like</head> Very lights . 
    </context>
  </instance>


  <instance id="like.p.fn.648637" docsrc="FN">
    <answer instance="like.p.fn.648637" senseid="2(1a)"/>
    <context>
      When the London doctors finally granted him his freedom , he bolted <head>like</head> a child let out of school . 
    </context>
  </instance>


  <instance id="like.p.fn.676232" docsrc="FN">
    <answer instance="like.p.fn.676232" senseid="2(1a)"/>
    <context>
      He would feel my hatred <head>like</head> a whip on his back . 
    </context>
  </instance>


  <instance id="like.p.fn.778251" docsrc="FN">
    <answer instance="like.p.fn.778251" senseid="3(1b)"/>
    <context>
      His records are removed from their metal box and examined <head>like</head> moon rock . 
    </context>
  </instance>


  <instance id="like.p.fn.787040" docsrc="FN">
    <answer instance="like.p.fn.787040" senseid="2(1a)"/>
    <context>
      They swarmed <head>like</head> lice over the camp , and there was a battle being waged at the boat which men were trying to push out of the shallows whilst others held off the beasts . 
    </context>
  </instance>


  <instance id="like.p.fn.787056" docsrc="FN">
    <answer instance="like.p.fn.787056" senseid="2(1a)"/>
    <context>
      <head>Like</head> ants over their nest they swarmed , black and confused . 
    </context>
  </instance>


  <instance id="like.p.fn.814045" docsrc="FN">
    <answer instance="like.p.fn.814045" senseid="3(1b)"/>
    <context>
      It 's so time-consuming that most professional carvers avoid it <head>like</head> the plague . " 
    </context>
  </instance>


  <instance id="like.p.fn.814051" docsrc="FN">
    <answer instance="like.p.fn.814051" senseid="3(1b)"/>
    <context>
      As you know , the best commercial travel pictures avoid people <head>like</head> the plague . 
    </context>
  </instance>


  <instance id="like.p.fn.1139490" docsrc="FN">
    <answer instance="like.p.fn.1139490" senseid="2(1a)"/>
    <context>
      I was babbling <head>like</head> an idiot . " 
    </context>
  </instance>


  <instance id="like.p.fn.857245" docsrc="FN">
    <answer instance="like.p.fn.857245" senseid="2(1a)"/>
    <context>
      He was sweating <head>like</head> a pig . 
    </context>
  </instance>


  <instance id="like.p.fn.1140102" docsrc="FN">
    <answer instance="like.p.fn.1140102" senseid="2(1a)"/>
    <context>
      He growled and gibbered at them <head>like</head> a witch-hare and those nearest to him fell back in fear . 
    </context>
  </instance>


  <instance id="like.p.fn.1140831" docsrc="FN">
    <answer instance="like.p.fn.1140831" senseid="2(1a)"/>
    <context>
      She was ranting <head>like</head> a maniac . 
    </context>
  </instance>


  <instance id="like.p.fn.1087502" docsrc="FN">
    <answer instance="like.p.fn.1087502" senseid="2(1a)"/>
    <context>
      The bare road bisected it <head>like</head> a parting . 
    </context>
  </instance>


  <instance id="like.p.fn.1141894" docsrc="FN">
    <answer instance="like.p.fn.1141894" senseid="2(1a)"/>
    <context>
      Last night she banged on her door , slurring her words <head>like</head> a drunk ; demanding to be let out , I thought . 
    </context>
  </instance>


  <instance id="like.p.fn.409409" docsrc="FN">
    <answer instance="like.p.fn.409409" senseid="2(1a)"/>
    <context>
      Soon the chewed mass has sponged up any moisture left and your dry tongue is clanging against the side of your mouth <head>like</head> the great bell of Notre Dame . 
    </context>
  </instance>


  <instance id="like.p.fn.358442" docsrc="FN">
    <answer instance="like.p.fn.358442" senseid="2(1a)"/>
    <context>
      He shook his head and clucked to himself <head>like</head> the White Rabbit in Alice . 
    </context>
  </instance>


  <instance id="like.p.fn.916873" docsrc="FN">
    <answer instance="like.p.fn.916873" senseid="3(1b)"/>
    <context>
      Enough to squash Christine , and anyone else in the vicinity , against the wall <head>like</head> bugs . 
    </context>
  </instance>


  <instance id="like.p.fn.1087913" docsrc="FN">
    <answer instance="like.p.fn.1087913" senseid="2(1a)"/>
    <context>
      As we came into view , hairy male legs moving <head>like</head> pistons beat a hasty retreat to the nearest available nook where they crouched and huddled in speechless terror . 
    </context>
  </instance>


  <instance id="like.p.fn.931119" docsrc="FN">
    <answer instance="like.p.fn.931119" senseid="2(1a)"/>
    <context>
      The river flowed silently through the forest <head>like</head> blood through the body . 
    </context>
  </instance>


  <instance id="like.p.fn.921433" docsrc="FN">
    <answer instance="like.p.fn.921433" senseid="2(1a)"/>
    <context>
      There was steam coming from beneath the bonnet of the stricken Audi , water gushing out <head>like</head> blood from a wound . 
    </context>
  </instance>


  <instance id="like.p.fn.919877" docsrc="FN">
    <answer instance="like.p.fn.919877" senseid="2(1a)"/>
    <context>
      The limp ash from his cigarette gave up its struggle to defy the laws of gravity and cascaded <head>like</head> an avalanche down his tie , but O'Neill ignored it . 
    </context>
  </instance>


  <instance id="like.p.fn.944541" docsrc="FN">
    <answer instance="like.p.fn.944541" senseid="2(1a)"/>
    <context>
      Aglow , the intruder radiated his own natural wavelengths luminously <head>like</head> some alien Eldar attired in a holo-suit . 
    </context>
  </instance>


  <instance id="like.p.fn.944626" docsrc="FN">
    <answer instance="like.p.fn.944626" senseid="2(1a)"/>
    <context>
      However , in the end most people , including John Taylor , have come to the conclusion that black holes must radiate <head>like</head> hot bodies if our other ideas about general relativity and quantum mechanics are correct . 
    </context>
  </instance>


  <instance id="like.p.fn.948032" docsrc="FN">
    <answer instance="like.p.fn.948032" senseid="2(1a)"/>
    <context>
      The protest issued from her lips <head>like</head> a cry of despair . 
    </context>
  </instance>


  <instance id="like.p.fn.948893" docsrc="FN">
    <answer instance="like.p.fn.948893" senseid="2(1a)"/>
    <context>
      The bag was increasing its lead , almost out of view , when it arced and plummeted <head>like</head> a kite above the beach and was slammed against a rock . 
    </context>
  </instance>


  <instance id="like.p.fn.952141" docsrc="FN">
    <answer instance="like.p.fn.952141" senseid="2(1a)"/>
    <context>
      A few heavy spots of rain were falling on the pavements <head>like</head> coins . 
    </context>
  </instance>


  <instance id="like.p.fn.1003036" docsrc="FN">
    <answer instance="like.p.fn.1003036" senseid="2(1a)"/>
    <context>
      The dead King had been a lecher who lusted after other men 's wives , daughters , sisters , <head>like</head> a dog on heat . 
    </context>
  </instance>


  <instance id="like.p.fn.981066" docsrc="FN">
    <answer instance="like.p.fn.981066" senseid="2(1a)"/>
    <context>
      Anthea stalked across the car park of Randall Lodge <head>like</head> a woman with a purpose . 
    </context>
  </instance>


  <instance id="like.p.fn.334022" docsrc="FN">
    <answer instance="like.p.fn.334022" senseid="2(1a)"/>
    <context>
      He arched one foot <head>like</head> a cat 's back , and said , ` Aahh . " 
    </context>
  </instance>


  <instance id="like.p.fn.1130365" docsrc="FN">
    <answer instance="like.p.fn.1130365" senseid="2(1a)"/>
    <context>
      Laps of water slapped against the boat , <head>like</head> wine trickling from a bottle . 
    </context>
  </instance>


  <instance id="like.p.fn.334867" docsrc="FN">
    <answer instance="like.p.fn.334867" senseid="2(1a)"/>
    <context>
      She skipped in circles round the silent chamber , her great head bobbing <head>like</head> a bird 's . 
    </context>
  </instance>


  <instance id="like.p.fn.1043709" docsrc="FN">
    <answer instance="like.p.fn.1043709" senseid="2(1a)"/>
    <context>
      They walked into the sea to drown <head>like</head> lemmings , the people behind them climbing over the dead bodies that were heaping up on the sea-bed . 
    </context>
  </instance>


  <instance id="like.p.fn.335084" docsrc="FN">
    <answer instance="like.p.fn.335084" senseid="2(1a)"/>
    <context>
      ` The decent people clapped <head>like</head> hell , and the rogues behaved themselves . 
    </context>
  </instance>


  <instance id="like.p.fn.1058282" docsrc="FN">
    <answer instance="like.p.fn.1058282" senseid="1(1)"/>
    <context>
      " And she had this baby and it had a birthmark <head>like</head> a cat 's face on its stomach . " 
    </context>
  </instance>


  <instance id="like.p.fn.335862" docsrc="FN">
    <answer instance="like.p.fn.335862" senseid="2(1a)"/>
    <context>
      I 'm trying to flap my arms <head>like</head> a duck and quack at the same time . 
    </context>
  </instance>


  <instance id="like.p.fn.335920" docsrc="FN">
    <answer instance="like.p.fn.335920" senseid="2(1a)"/>
    <context>
      Cranston 's great fat hands flapped <head>like</head> the wings of a wounded bird and Athelstan saw the hurt in his eyes . 
    </context>
  </instance>


  <instance id="like.p.fn.1169969" docsrc="FN">
    <answer instance="like.p.fn.1169969" senseid="2(1a)"/>
    <context>
      He would play all the characters <head>like</head> a one-man theatre . 
    </context>
  </instance>


  <instance id="like.p.fn.1171183" docsrc="FN">
    <answer instance="like.p.fn.1171183" senseid="3(1b)"/>
    <context>
      So they tied him with chains but the demonic powers were so great in his life that he snapped them <head>like</head> new cords . 
    </context>
  </instance>


  <instance id="like.p.fn.1171243" docsrc="FN">
    <answer instance="like.p.fn.1171243" senseid="3(1b)"/>
    <context>
      Brahmadaitya are kind to humans , though should one be foolish enough to chop down the palm tree where this spirit lives , the offender 's neck will be snapped , <head>like</head> a twig . 
    </context>
  </instance>


  <instance id="like.p.fn.1171508" docsrc="FN">
    <answer instance="like.p.fn.1171508" senseid="3(1b)"/>
    <context>
      Drachenfels moved among them , laughing as he squeezed heads in his hands and shattered them <head>like</head> rotted fruits . 
    </context>
  </instance>


  <instance id="like.p.fn.1175356" docsrc="FN">
    <answer instance="like.p.fn.1175356" senseid="2(1a)"/>
    <context>
      I 'd like to raze it and plough over the site <head>like</head> the Romans did with Carthage . " 
    </context>
  </instance>


  <instance id="like.p.fn.724387" docsrc="FN">
    <answer instance="like.p.fn.724387" senseid="6(2)"/>
    <context>
      You should n't let him depress you <head>like</head> this . " 
    </context>
  </instance>


  <instance id="like.p.fn.337242" docsrc="FN">
    <answer instance="like.p.fn.337242" senseid="2(1a)"/>
    <context>
      His body tilted to horizontal , legs and arms hanging <head>like</head> a spider from a strand . 
    </context>
  </instance>


  <instance id="like.p.fn.1201077" docsrc="FN">
    <answer instance="like.p.fn.1201077" senseid="2(1a)"/>
    <context>
      No one could doubt that William Joyce behaved <head>like</head> a young man who was English and proud of it .
    </context>
  </instance>


  <instance id="like.p.fn.1201081" docsrc="FN">
    <answer instance="like.p.fn.1201081" senseid="2(1a)"/>
    <context>
      The president is finely educated and is capable of talking like a professor and behaving <head>like</head> a despot .
    </context>
  </instance>


  <instance id="like.p.fn.1201087" docsrc="FN">
    <answer instance="like.p.fn.1201087" senseid="2(1a)"/>
    <context>
      But whether a significant proportion actually behave <head>like</head> Yuppies is another matter .
    </context>
  </instance>


  <instance id="like.p.fn.1201090" docsrc="FN">
    <answer instance="like.p.fn.1201090" senseid="2(1a)"/>
    <context>
      Few of them improve , and even fewer recover , many behave <head>like</head> members of cults , obeying their doctor without question , paying huge sums of money , and becoming estranged from their families .
    </context>
  </instance>


  <instance id="like.p.fn.1201145" docsrc="FN">
    <answer instance="like.p.fn.1201145" senseid="2(1a)"/>
    <context>
      They behaved towards each other <head>like</head> boys who had been educated at rival private schools .
    </context>
  </instance>


  <instance id="like.p.fn.728136" docsrc="FN">
    <answer instance="like.p.fn.728136" senseid="3(1b)"/>
    <context>
      In a league dominated by a restricted number of Canadian imports , home grown talent is craved <head>like</head> gold . 
    </context>
  </instance>


  <instance id="like.p.fn.1249130" docsrc="FN">
    <answer instance="like.p.fn.1249130" senseid="2(1a)"/>
    <context>
      The rain crashed against the windows , and the wind screamed <head>like</head> an animal in the night .
    </context>
  </instance>


  <instance id="like.p.fn.1249259" docsrc="FN">
    <answer instance="like.p.fn.1249259" senseid="2(1a)"/>
    <context>
      and screaming <head>like</head> a gargoyle still
    </context>
  </instance>


  <instance id="like.p.fn.1150745" docsrc="FN">
    <answer instance="like.p.fn.1150745" senseid="2(1a)"/>
    <context>
      But I stooped <head>like</head> lightning and got the nail up and into my skirt pocket -- specially put on -- and I was standing exactly as he left me when he jumped back . 
    </context>
  </instance>


  <instance id="like.p.fn.1250426" docsrc="FN">
    <answer instance="like.p.fn.1250426" senseid="2(1a)"/>
    <context>
      He sat up <head>like</head> a shot and his face was right over mine , blazing .
    </context>
  </instance>


  <instance id="like.p.fn.1149520" docsrc="FN">
    <answer instance="like.p.fn.1149520" senseid="2(1a)"/>
    <context>
      I 'm not supposed to tell you , 'cos your father said as how we 'd all got to put it out of our heads , but " she leaned down towards him , <head>like</head> a conspirator . 
    </context>
  </instance>


  <instance id="like.p.fn.1149669" docsrc="FN">
    <answer instance="like.p.fn.1149669" senseid="2(1a)"/>
    <context>
      Angus slouched <head>like</head> a spoiled brat , nodded and began to tap noisily on the table top with his fingers . 
    </context>
  </instance>


  <instance id="like.p.fn.770264" docsrc="FN">
    <answer instance="like.p.fn.770264" senseid="6(2)"/>
    <context>
      I know it 's out of order , me coming here <head>like</head> this , but it 's urgent , could n't wait . " 
    </context>
  </instance>


  <instance id="like.p.fn.770361" docsrc="FN">
    <answer instance="like.p.fn.770361" senseid="2(1a)"/>
    <context>
      Everything came at you <head>like</head> a meteor , blasting out sound and colour and light . 
    </context>
  </instance>


  <instance id="like.p.fn.1248417" docsrc="FN">
    <answer instance="like.p.fn.1248417" senseid="2(1a)"/>
    <context>
      She was seated in her chair <head>like</head> a cold stone statue , her face turned upward and away as an indication of her contempt .
    </context>
  </instance>


  <instance id="like.p.fn.413354" docsrc="FN">
    <answer instance="like.p.fn.413354" senseid="2(1a)"/>
    <context>
      The floor was covered with a black substance that looked like soot , but grated under the soles of her boots <head>like</head> sand . 
    </context>
  </instance>


  <instance id="like.p.fn.581762" docsrc="FN">
    <answer instance="like.p.fn.581762" senseid="3(1b)"/>
    <context>
      She picked a saucepan off the cooker and raised it high , as if she might fling it across the kitchen <head>like</head> a hatchet . 
    </context>
  </instance>


  <instance id="like.p.fn.583753" docsrc="FN">
    <answer instance="like.p.fn.583753" senseid="2(1a)"/>
    <context>
      His mother presses the sweets into his hand <head>like</head> someone handing blood plasma over in a war zone . 
    </context>
  </instance>


  <instance id="like.p.fn.1129302" docsrc="FN">
    <answer instance="like.p.fn.1129302" senseid="2(1a)"/>
    <context>
      Redundant handles scrape along the ground <head>like</head> entrails and get tangled up in pushchair wheels and unsuspecting dogs ' legs . 
    </context>
  </instance>


  <instance id="like.p.fn.1249725" docsrc="FN">
    <answer instance="like.p.fn.1249725" senseid="2(1a)"/>
    <context>
      Beth shut her eyes and opened her lungs , the scream reverberating round the house <head>like</head> the cry of a soul in torment .
    </context>
  </instance>


  <instance id="like.p.fn.407097" docsrc="FN">
    <answer instance="like.p.fn.407097" senseid="1(1)"/>
    <context>
      Presently she heard a klaxon , two slight short blasts <head>like</head> a morse signal -- the stranger : Andrie , in person . 
    </context>
  </instance>


  <instance id="like.p.fn.415653" docsrc="FN">
    <answer instance="like.p.fn.415653" senseid="1(1)"/>
    <context>
      It was then that they heard the long awaited sound , a distant grinding hum <head>like</head> that of an angry wasp . 
    </context>
  </instance>


  <instance id="like.p.fn.1132278" docsrc="FN">
    <answer instance="like.p.fn.1132278" senseid="1(1)"/>
    <context>
      Charity gave a squeak <head>like</head> a startled sparrow , and dropped the binoculars so swiftly that the weight jerked uncomfortably on her neck . 
    </context>
  </instance>


  <instance id="like.p.fn.592548" docsrc="FN">
    <answer instance="like.p.fn.592548" senseid="2(1a)"/>
    <context>
      ` You 're very kind , " Eleanor repeated mechanically and followed Melissa from the church <head>like</head> a submissive child . 
    </context>
  </instance>


  <instance id="like.p.fn.336893" docsrc="FN">
    <answer instance="like.p.fn.336893" senseid="2(1a)"/>
    <context>
      As Michael looked at the man sitting opposite , his fat ugly face grinning <head>like</head> a Cheshire cat 's , he felt an impulse to smash his fist into his teeth . 
    </context>
  </instance>


  <instance id="like.p.fn.336895" docsrc="FN">
    <answer instance="like.p.fn.336895" senseid="2(1a)"/>
    <context>
      He grinned <head>like</head> a crocodile . 
    </context>
  </instance>


  <instance id="like.p.fn.339845" docsrc="FN">
    <answer instance="like.p.fn.339845" senseid="2(1a)"/>
    <context>
      He was smiling <head>like</head> a happy demon , almost tenderly . 
    </context>
  </instance>


  <instance id="like.p.fn.595812" docsrc="FN">
    <answer instance="like.p.fn.595812" senseid="2(1a)"/>
    <context>
      He would never have guessed that Kitty was rarely more than a dozen yards away from him , knowing he was the one who troubled Mary , shadowing him <head>like</head> a conscience . 
    </context>
  </instance>


  <instance id="like.p.fn.1127860" docsrc="FN">
    <answer instance="like.p.fn.1127860" senseid="2(1a)"/>
    <context>
      Leafless twigs rapped their faces <head>like</head> bony knuckles . 
    </context>
  </instance>


  <instance id="like.p.fn.1133558" docsrc="FN">
    <answer instance="like.p.fn.1133558" senseid="2(1a)"/>
    <context>
      Then the young woman laughed merrily , her voice strengthening after what must have been years of silence , and the whole strange cellar rang with that laughter , and the glass fragments tinkled <head>like</head> broken bells . 
    </context>
  </instance>


  <instance id="like.p.fn.410082" docsrc="FN">
    <answer instance="like.p.fn.410082" senseid="2(1a)"/>
    <context>
      She lifted her hand to her immaculate hair , causing the many bracelets along her wasted arm to clank and clatter <head>like</head> old dustbin lids . 
    </context>
  </instance>


  <instance id="like.p.fn.1128218" docsrc="FN">
    <answer instance="like.p.fn.1128218" senseid="4(1c)"/>
    <context>
      An overheated breeze came out of the desert , rattled the canvas sunscreen <head>like</head> a bad-tempered child seeking attention , and moved on , ignored . 
    </context>
  </instance>


  <instance id="like.p.fn.340526" docsrc="FN">
    <answer instance="like.p.fn.340526" senseid="2(1a)"/>
    <context>
      Tug swung his arms <head>like</head> windmills . 
    </context>
  </instance>


  <instance id="like.p.fn.340547" docsrc="FN">
    <answer instance="like.p.fn.340547" senseid="2(1a)"/>
    <context>
      He swung his head <head>like</head> an animal that suddenly intuits a reason for fear . 
    </context>
  </instance>


</lexelt>
