<lexelt item="off">

  <instance id="off.p.fn.623828" docsrc="FN">
    <answer instance="off.p.fn.623828" senseid="1(1)"/>
    <context>
      Steam rises <head>off</head> the ground , drying the fields as the morning sun tackles the night 's cold dew . 
    </context>
  </instance>


  <instance id="off.p.fn.624548" docsrc="FN">
    <answer instance="off.p.fn.624548" senseid="4(3)"/>
    <context>
      ` Sue us , " said Lawrence , and the car swerved left <head>off</head> the highway and pulled into the forecourt of Fernley House . 
    </context>
  </instance>


  <instance id="off.p.fn.625309" docsrc="FN">
    <answer instance="off.p.fn.625309" senseid="4(3)"/>
    <context>
      But twenty minutes later , as the big car swung <head>off</head> the motorway and began to thread its way along country roads , her mind was still a blank . 
    </context>
  </instance>


  <instance id="off.p.fn.625406" docsrc="FN">
    <answer instance="off.p.fn.625406" senseid="2(2)"/>
    <context>
      At Isleten a narrow mountain road ( used by the postbus ) also swings <head>off</head> to the left , running for 19km ( 12 miles ) to the rocky and romantic Isenthal from which the ascent to the ice-capped Uri Rotstock is approached . 
    </context>
  </instance>


  <instance id="off.p.fn.625658" docsrc="FN">
    <answer instance="off.p.fn.625658" senseid="1(1)"/>
    <context>
      Coming to the Elbow , where the runners veer right-handed <head>off</head> the main course towards the line with little more than a furlong to go , Pitman gave his mount a smack down the right-hand side . 
    </context>
  </instance>


  <instance id="off.p.fn.612100" docsrc="FN">
    <answer instance="off.p.fn.612100" senseid="4(3)"/>
    <context>
      An Italian helicopter plucked him <head>off</head> the mountain . 
    </context>
  </instance>


  <instance id="off.p.fn.612312" docsrc="FN">
    <answer instance="off.p.fn.612312" senseid="4(3)"/>
    <context>
      Corals which are collected by taking a reasonable amount of rock with them have a much better chance of being undamaged than those which are prised <head>off</head> the substrate . 
    </context>
  </instance>


  <instance id="off.p.fn.612382" docsrc="FN">
    <answer instance="off.p.fn.612382" senseid="4(3)"/>
    <context>
      I could still read the name of the English toffee manufacturer on the lid which she prised <head>off</head> with a knife . 
    </context>
  </instance>


  <instance id="off.p.fn.612390" docsrc="FN">
    <answer instance="off.p.fn.612390" senseid="4(3)"/>
    <context>
      Carefully prise <head>off</head> the end battens . 
    </context>
  </instance>


  <instance id="off.p.fn.612391" docsrc="FN">
    <answer instance="off.p.fn.612391" senseid="4(3)"/>
    <context>
      The boy nodded as he prised <head>off</head> the beaker 's lid and looked inside . 
    </context>
  </instance>


  <instance id="off.p.fn.612392" docsrc="FN">
    <answer instance="off.p.fn.612392" senseid="4(3)"/>
    <context>
      ` Look on my works , ye mighty , and beware , " he said to the statue , prised <head>off</head> his bubble-gum , examined it for impurities and put it back in his mouth . 
    </context>
  </instance>


  <instance id="off.p.fn.613369" docsrc="FN">
    <answer instance="off.p.fn.613369" senseid="4(3)"/>
    <context>
      ` The attacker dragged her to the floor and snatched the bag <head>off</head> her arm . 
    </context>
  </instance>


  <instance id="off.p.fn.613374" docsrc="FN">
    <answer instance="off.p.fn.613374" senseid="4(3)"/>
    <context>
      She snatched her coat <head>off</head> the kitchen table and stormed out of the kitchen , shouting , ` And if by any chance I do need an escort , it wo n't be my bloody brother . 
    </context>
  </instance>


  <instance id="off.p.fn.613684" docsrc="FN">
    <answer instance="off.p.fn.613684" senseid="4(3)"/>
    <context>
      However , when I stripped the pump <head>off</head> the block , cleaned it and left it on the workbench , I noticed it had leaked a small amount of oil from a 1.5mm hole located near the back underside of the pump . 
    </context>
  </instance>


  <instance id="off.p.fn.613685" docsrc="FN">
    <answer instance="off.p.fn.613685" senseid="4(3)"/>
    <context>
      Peregrines usually pluck the feathers and strip the flesh <head>off</head> their bird prey , and the nest area of a peregrine may be littered with the discarded remains of its prey . 
    </context>
  </instance>


  <instance id="off.p.fn.613946" docsrc="FN">
    <answer instance="off.p.fn.613946" senseid="4(3)"/>
    <context>
      There was no more ugly brown wallpaper ; it had all been stripped <head>off</head> , and the walls were white-washed . 
    </context>
  </instance>


  <instance id="off.p.fn.613999" docsrc="FN">
    <answer instance="off.p.fn.613999" senseid="4(3)"/>
    <context>
      Strip <head>off</head> the old varnish with a chemical stripper and wire wool . 
    </context>
  </instance>


  <instance id="off.p.fn.614005" docsrc="FN">
    <answer instance="off.p.fn.614005" senseid="4(3)"/>
    <context>
      He stripped <head>off</head> the last of his clothes . 
    </context>
  </instance>


  <instance id="off.p.fn.614034" docsrc="FN">
    <answer instance="off.p.fn.614034" senseid="4(3)"/>
    <context>
      He stripped them <head>off</head> the mattress and carried Willie down to the living room . 
    </context>
  </instance>


  <instance id="off.p.fn.614110" docsrc="FN">
    <answer instance="off.p.fn.614110" senseid="4(3)"/>
    <context>
      There was a big owd fly settled on the smithy door ; and this owd boy took off his hat and was just a-goin' to swipe this fly <head>off</head> the door . 
    </context>
  </instance>


  <instance id="off.p.fn.848092" docsrc="FN">
    <answer instance="off.p.fn.848092" senseid="4(3)"/>
    <context>
      She could not take her eyes <head>off</head> Heathcliff . 
    </context>
  </instance>


  <instance id="off.p.fn.848096" docsrc="FN">
    <answer instance="off.p.fn.848096" senseid="4(3)"/>
    <context>
      ` Take your hands <head>off</head> me ! " 
    </context>
  </instance>


  <instance id="off.p.fn.848098" docsrc="FN">
    <answer instance="off.p.fn.848098" senseid="4(3)"/>
    <context>
      ` Just take these other duties <head>off</head> my shoulders and give me a day a week for the next year to attend a decent training course so that I can master it , and I 'm yours . " 
    </context>
  </instance>


  <instance id="off.p.fn.848099" docsrc="FN">
    <answer instance="off.p.fn.848099" senseid="4(3)"/>
    <context>
      Welcome back : In a few minutes we take the wraps <head>off</head> one the great secrets in the world of wildlife . 
    </context>
  </instance>


  <instance id="off.p.fn.848107" docsrc="FN">
    <answer instance="off.p.fn.848107" senseid="4(3)"/>
    <context>
      Take the mirror <head>off</head> the wall for your baby to look into and enjoy hours of fascination . 
    </context>
  </instance>


  <instance id="off.p.fn.848108" docsrc="FN">
    <answer instance="off.p.fn.848108" senseid="4(3)"/>
    <context>
      Taking one hand <head>off</head> the wheel , Nathan reached out and hooked his fingers through the front of her harness . 
    </context>
  </instance>


  <instance id="off.p.fn.848370" docsrc="FN">
    <answer instance="off.p.fn.848370" senseid="4(3)"/>
    <context>
      Today they give us a meagre amount of the cash which they had previously taken <head>off</head> us in the form of grant cutbacks , " he said . 
    </context>
  </instance>


  <instance id="off.p.fn.848371" docsrc="FN">
    <answer instance="off.p.fn.848371" senseid="4(3)"/>
    <context>
      The same social worker wanted Donna taken <head>off</head> us at birth . 
    </context>
  </instance>


  <instance id="off.p.fn.848774" docsrc="FN">
    <answer instance="off.p.fn.848774" senseid="4(3)"/>
    <context>
      He did not usually work on a Saturday , but he needed something to take his mind <head>off</head> his predicament . 
    </context>
  </instance>


  <instance id="off.p.fn.848778" docsrc="FN">
    <answer instance="off.p.fn.848778" senseid="4(3)"/>
    <context>
      If she does create a new four-bead group , she ` wins " these four beads and takes them <head>off</head> the board , leaving the hole empty . 
    </context>
  </instance>


  <instance id="off.p.fn.848783" docsrc="FN">
    <answer instance="off.p.fn.848783" senseid="4(3)"/>
    <context>
      Some shops have taken it <head>off</head> the shelves . 
    </context>
  </instance>


  <instance id="off.p.fn.735077" docsrc="FN">
    <answer instance="off.p.fn.735077" senseid="4(3)"/>
    <context>
      I soon had an armful , then clambered up <head>off</head> the shingle to the better walking of the salt-washed turf where the burn , dividing into deep peaty runnels , cut its way to the shore . 
    </context>
  </instance>


  <instance id="off.p.fn.809921" docsrc="FN">
    <answer instance="off.p.fn.809921" senseid="4(3)"/>
    <context>
      When he refused , Mr Reynolds climbed <head>off</head> the engine and watched it fall through the bridge on to the car , steam and smoke erupting from the cab as it did so . 
    </context>
  </instance>


  <instance id="off.p.fn.809923" docsrc="FN">
    <answer instance="off.p.fn.809923" senseid="4(3)"/>
    <context>
      She nodded then climbed <head>off</head> her stool and crossed the room to the phone . 
    </context>
  </instance>


  <instance id="off.p.fn.809926" docsrc="FN">
    <answer instance="off.p.fn.809926" senseid="4(3)"/>
    <context>
      As soon as she climbed <head>off</head> the coach , she burst into tears , and Mum took in the situation at a glance . 
    </context>
  </instance>


  <instance id="off.p.fn.735336" docsrc="FN">
    <answer instance="off.p.fn.735336" senseid="4(3)"/>
    <context>
      A friend once remarked : ` We are expected to be living sacrifices , but the problem is we keep crawling <head>off</head> the altar . " 
    </context>
  </instance>


  <instance id="off.p.fn.736635" docsrc="FN">
    <answer instance="off.p.fn.736635" senseid="1(1)"/>
    <context>
      It was an extraordinary sensation , floating here in the inky darkness , with moonbeams dancing <head>off</head> the top of the small waves , and the twinkling stars above shining through the moth-eaten blanket of the night sky . 
    </context>
  </instance>


  <instance id="off.p.fn.736636" docsrc="FN">
    <answer instance="off.p.fn.736636" senseid="1(1)"/>
    <context>
      Bullets ` danced <head>off</head> the road " and nine were found embedded in the police car . 
    </context>
  </instance>


  <instance id="off.p.fn.651578" docsrc="FN">
    <answer instance="off.p.fn.651578" senseid="4(3)"/>
    <context>
      There 's a woman just up the road so I hop <head>off</head> the wall and run after her . 
    </context>
  </instance>


  <instance id="off.p.fn.651579" docsrc="FN">
    <answer instance="off.p.fn.651579" senseid="4(3)"/>
    <context>
      SHe hopped <head>off</head> the stool , mustering pride . 
    </context>
  </instance>


  <instance id="off.p.fn.651580" docsrc="FN">
    <answer instance="off.p.fn.651580" senseid="4(3)"/>
    <context>
      She hopped <head>off</head> the chair . 
    </context>
  </instance>


  <instance id="off.p.fn.651584" docsrc="FN">
    <answer instance="off.p.fn.651584" senseid="4(3)"/>
    <context>
      The second Lady Deverill hopped <head>off</head> her perch and wandered down the steps after them . 
    </context>
  </instance>


  <instance id="off.p.fn.651595" docsrc="FN">
    <answer instance="off.p.fn.651595" senseid="1(1)"/>
    <context>
      Lasts all day so you can hop on or <head>off</head> at leisure to visit attractions en route . 
    </context>
  </instance>


  <instance id="off.p.fn.1232580" docsrc="FN">
    <answer instance="off.p.fn.1232580" senseid="1(1)"/>
    <context>
      ` It 's like jumping <head>off</head> the roof of a three-storey house , " he said , ` and then having the house chase you down the street . "
    </context>
  </instance>


  <instance id="off.p.fn.749360" docsrc="FN">
    <answer instance="off.p.fn.749360" senseid="4(3)"/>
    <context>
      He , in turn , leapt about three feet <head>off</head> the armchair and made a lightning bolt for the door , which unfortunately was closed . 
    </context>
  </instance>


  <instance id="off.p.fn.755974" docsrc="FN">
    <answer instance="off.p.fn.755974" senseid="4(3)"/>
    <context>
      Statistically , most Koi that shuffle <head>off</head> the mortal scale do so within two or three years of existence . 
    </context>
  </instance>


  <instance id="off.p.fn.756131" docsrc="FN">
    <answer instance="off.p.fn.756131" senseid="1(1)"/>
    <context>
      Willie carried on imagining that his dirty feet were wrapped in rags and newspapers and when the scene came to an end he shuffled slowly <head>off</head> the stage . 
    </context>
  </instance>


  <instance id="off.p.fn.756669" docsrc="FN">
    <answer instance="off.p.fn.756669" senseid="4(3)"/>
    <context>
      The expensive item slithered <head>off</head> his back like a shed snakeskin . 
    </context>
  </instance>


  <instance id="off.p.fn.756670" docsrc="FN">
    <answer instance="off.p.fn.756670" senseid="1(1)"/>
    <context>
      As Kevin Brown and his agent slithered <head>off</head> the rim of the high ground and into the woodland , he drew a small radio from his pocket and spoke quietly and urgently for several seconds . 
    </context>
  </instance>


  <instance id="off.p.fn.756675" docsrc="FN">
    <answer instance="off.p.fn.756675" senseid="4(3)"/>
    <context>
      Electricity supplies were disrupted and scores of cars slithered <head>off</head> the roads . 
    </context>
  </instance>


  <instance id="off.p.fn.757594" docsrc="FN">
    <answer instance="off.p.fn.757594" senseid="4(3)"/>
    <context>
      She sprang <head>off</head> the bed and reached the window in a swoop of wild excitement . 
    </context>
  </instance>


  <instance id="off.p.fn.757661" docsrc="FN">
    <answer instance="off.p.fn.757661" senseid="4(3)"/>
    <context>
      It sprang down <head>off</head> her lap and prowled off through a flower bed . 
    </context>
  </instance>


  <instance id="off.p.fn.758017" docsrc="FN">
    <answer instance="off.p.fn.758017" senseid="4(3)"/>
    <context>
      The inquiry report also said he appeared to have sprinted <head>off</head> the track for his own safety a finding strongly challenged by course officials . 
    </context>
  </instance>


  <instance id="off.p.fn.759505" docsrc="FN">
    <answer instance="off.p.fn.759505" senseid="2(2)"/>
    <context>
      A steep flight of steps <head>off</head> the street led to a first-floor courtyard dotted with pots of bougainvillaea . 
    </context>
  </instance>


  <instance id="off.p.fn.759979" docsrc="FN">
    <answer instance="off.p.fn.759979" senseid="1(1)"/>
    <context>
      She stepped <head>off</head> the plane wearing an old primrose Catherine Walker number which last saw the light of day five years ago . 
    </context>
  </instance>


  <instance id="off.p.fn.759988" docsrc="FN">
    <answer instance="off.p.fn.759988" senseid="1(1)"/>
    <context>
      Yet when I step <head>off</head> the bus at the Coronet cinema I get the same lurch as when I first left home . 
    </context>
  </instance>


  <instance id="off.p.fn.760399" docsrc="FN">
    <answer instance="off.p.fn.760399" senseid="1(1)"/>
    <context>
      The masked figure stepped ponderously <head>off</head> the dais , sat down at the baize-covered table and indicated with a gloved hand that I should join him . 
    </context>
  </instance>


  <instance id="off.p.fn.760401" docsrc="FN">
    <answer instance="off.p.fn.760401" senseid="1(1)"/>
    <context>
      He stepped meaningfully <head>off</head> the shadow on to a patch of sunlight . 
    </context>
  </instance>


  <instance id="off.p.fn.762206" docsrc="FN">
    <answer instance="off.p.fn.762206" senseid="4(3)"/>
    <context>
      The phone went on ringing , and finally , irritated , she stumbled <head>off</head> the bed and picked up the receiver from the floor where Phoebe usually left the phone . 
    </context>
  </instance>


  <instance id="off.p.fn.762432" docsrc="FN">
    <answer instance="off.p.fn.762432" senseid="4(3)"/>
    <context>
      He was about four feet away when his foot caught in the electric flex he was dragging and he stumbled forward <head>off</head> balance . 
    </context>
  </instance>


  <instance id="off.p.fn.762560" docsrc="FN">
    <answer instance="off.p.fn.762560" senseid="4(3)"/>
    <context>
      At the end of the game , Baxter stole the ball , stuffed it up his jersey and despite the requests of the gigantic Clarkston referee Tommy ` Tiny " Wharton , he swaggered <head>off</head> the pitch imitating a heavily pregnant woman . 
    </context>
  </instance>


  <instance id="off.p.fn.762888" docsrc="FN">
    <answer instance="off.p.fn.762888" senseid="3(2a)"/>
    <context>
      We swam <head>off</head> that beach when we were only three years old . " 
    </context>
  </instance>


  <instance id="off.p.fn.763144" docsrc="FN">
    <answer instance="off.p.fn.763144" senseid="3(2a)"/>
    <context>
      Freddy , for the uninitiated is a dolphin who swims daily <head>off</head> the Northumberland coast at Amble . 
    </context>
  </instance>


  <instance id="off.p.fn.763565" docsrc="FN">
    <answer instance="off.p.fn.763565" senseid="4(3)"/>
    <context>
      Teams traipsing <head>off</head> the field under little or no threat of rain when the medium pacers are on is the bitterest pill a spectator has to swallow ; closely followed by the frequent inability to restart the game promptly . 
    </context>
  </instance>


  <instance id="off.p.fn.764410" docsrc="FN">
    <answer instance="off.p.fn.764410" senseid="1(1)"/>
    <context>
      This all tripped <head>off</head> the fraulein 's tongue with uncharacteristic facility . 
    </context>
  </instance>


  <instance id="off.p.fn.764414" docsrc="FN">
    <answer instance="off.p.fn.764414" senseid="1(1)"/>
    <context>
      Names trip <head>off</head> his tongue with an ease bred through familiarity ; Bacon , Moore , Picasso , Degas they all have been his teachers , through their images and writings on art . 
    </context>
  </instance>


  <instance id="off.p.fn.764748" docsrc="FN">
    <answer instance="off.p.fn.764748" senseid="1(1)"/>
    <context>
      ` Hope you had a good time , " said Chris Robinson before trotting energetically <head>off</head> the stage . 
    </context>
  </instance>


  <instance id="off.p.fn.782917" docsrc="FN">
    <answer instance="off.p.fn.782917" senseid="1(1)"/>
    <context>
      If the laser light wanders <head>off</head> centre , the bomb uses its fins to change its direction and angle of fall until the light is once again centred . 
    </context>
  </instance>


  <instance id="off.p.fn.782918" docsrc="FN">
    <answer instance="off.p.fn.782918" senseid="1(1)"/>
    <context>
      I must have wandered <head>off</head> course more than I had thought . 
    </context>
  </instance>


  <instance id="off.p.fn.782919" docsrc="FN">
    <answer instance="off.p.fn.782919" senseid="1(1)"/>
    <context>
      The interviewer only ` butted in " when clarification was required on a specific topic or if the conversation wandered too far <head>off</head> the point . 
    </context>
  </instance>


  <instance id="off.p.fn.647930" docsrc="FN">
    <answer instance="off.p.fn.647930" senseid="1(1)"/>
    <context>
      She then took control and taxied <head>off</head> the runway as three Canadian Air Force F11s blasted into the sky on a training mission farther to the north . 
    </context>
  </instance>


  <instance id="off.p.fn.402752" docsrc="FN">
    <answer instance="off.p.fn.402752" senseid="1(1)"/>
    <context>
      ` It has seemed like that , " he said sombrely , looking <head>off</head> into the distance . 
    </context>
  </instance>


  <instance id="off.p.fn.396749" docsrc="FN">
    <answer instance="off.p.fn.396749" senseid="4(3)"/>
    <context>
      And I 've smelt Guinness <head>off</head> you , too . " 
    </context>
  </instance>


  <instance id="off.p.fn.185763" docsrc="FN">
    <answer instance="off.p.fn.185763" senseid="3(2a)"/>
    <context>
      He was later reputed to have played a role in the sea battle against the French <head>off</head> Sandwich in 1217 . 
    </context>
  </instance>


  <instance id="off.p.fn.195107" docsrc="FN">
    <answer instance="off.p.fn.195107" senseid="4(3)"/>
    <context>
      The teddies were shouting , chivvying and bullying them <head>off</head> the pavement on to the road . 
    </context>
  </instance>


  <instance id="off.p.fn.196629" docsrc="FN">
    <answer instance="off.p.fn.196629" senseid="4(3)"/>
    <context>
      Well , do n't come screaming to me next time one of the local hippies pinches a load of your acid <head>off</head> you . 
    </context>
  </instance>


  <instance id="off.p.fn.196668" docsrc="FN">
    <answer instance="off.p.fn.196668" senseid="4(3)"/>
    <context>
      ` He pinched them <head>off</head> you , did n't he ? " 
    </context>
  </instance>


  <instance id="off.p.fn.196669" docsrc="FN">
    <answer instance="off.p.fn.196669" senseid="4(3)"/>
    <context>
      Lee 's hid some gunpowder he swiped from under the Arches and I 'm gon na pinch it <head>off</head> him . " 
    </context>
  </instance>


  <instance id="off.p.fn.197560" docsrc="FN">
    <answer instance="off.p.fn.197560" senseid="4(3)"/>
    <context>
      ` I 'll 'ave you know it was sinful outrage , and all our purses thieved <head>off</head> us as well 
    </context>
  </instance>


  <instance id="off.p.fn.214540" docsrc="FN">
    <answer instance="off.p.fn.214540" senseid="4(3)"/>
    <context>
      He never nicked an apple <head>off</head> the cart ( he did n't go much for fruit and veg ) , he was probably too honest . 
    </context>
  </instance>


  <instance id="off.p.fn.214542" docsrc="FN">
    <answer instance="off.p.fn.214542" senseid="4(3)"/>
    <context>
      Mind you , getting through defences ai n't that easy : defenders can nick the ball <head>off</head> you by slid-tackling -- although this has unpredictable results when it rains . 
    </context>
  </instance>


  <instance id="off.p.fn.221176" docsrc="FN">
    <answer instance="off.p.fn.221176" senseid="4(3)"/>
    <context>
      His two attackers threatened to cut <head>off</head> the former Manchester United and Chelsea midfielder 's private parts during the vicious revenge attack in a country lane . 
    </context>
  </instance>


  <instance id="off.p.fn.221219" docsrc="FN">
    <answer instance="off.p.fn.221219" senseid="4(3)"/>
    <context>
      She would cut <head>off</head> her right arm and give it to him if he came over with as much as a single bag . 
    </context>
  </instance>


  <instance id="off.p.fn.221224" docsrc="FN">
    <answer instance="off.p.fn.221224" senseid="4(3)"/>
    <context>
      And a king who hanged hostages for revenge or cut <head>off</head> men 's arms to ` keep the peace " did not seem ` kind " to her . 
    </context>
  </instance>


  <instance id="off.p.fn.221246" docsrc="FN">
    <answer instance="off.p.fn.221246" senseid="4(3)"/>
    <context>
      In the Tutbury custom the bull had his horns , ears and tail cut <head>off</head> , his body smeared with soap and his nose blown full of pepper . 
    </context>
  </instance>


  <instance id="off.p.fn.221366" docsrc="FN">
    <answer instance="off.p.fn.221366" senseid="4(3)"/>
    <context>
      What species of idiot , he wondered , had found it fun to murder them , cut <head>off</head> their heads and use them instead of wallpaper ? 
    </context>
  </instance>


  <instance id="off.p.fn.221373" docsrc="FN">
    <answer instance="off.p.fn.221373" senseid="4(3)"/>
    <context>
      Why , King Henry the Eighth might have cut <head>off</head> your head had you not burped your appreciation . " 
    </context>
  </instance>


  <instance id="off.p.fn.221376" docsrc="FN">
    <answer instance="off.p.fn.221376" senseid="4(3)"/>
    <context>
      He had cut <head>off</head> the girl 's head and put it next to her father 's on the garden path , where they had been found by a neighbour . 
    </context>
  </instance>


  <instance id="off.p.fn.222003" docsrc="FN">
    <answer instance="off.p.fn.222003" senseid="4(3)"/>
    <context>
      They scalped old men and women , beheaded others , slit throats , cut out tongues , sliced <head>off</head> ears , and hacked off limbs . 
    </context>
  </instance>


  <instance id="off.p.fn.222020" docsrc="FN">
    <answer instance="off.p.fn.222020" senseid="4(3)"/>
    <context>
      Fancy flogging you just because you sliced the legs <head>off</head> the general . 
    </context>
  </instance>


  <instance id="off.p.fn.231970" docsrc="FN">
    <answer instance="off.p.fn.231970" senseid="4(3)"/>
    <context>
      He bred mice , and every generation he chopped their tails <head>off</head> , and then bred from the tailless mice for dozens of generations , and of course , they were still being born with tails . 
    </context>
  </instance>


  <instance id="off.p.fn.231999" docsrc="FN">
    <answer instance="off.p.fn.231999" senseid="4(3)"/>
    <context>
      Two children ( the combatants ) each chose a ` soldier " and held battle until one managed to chop <head>off</head> the head of his opponent . 
    </context>
  </instance>


  <instance id="off.p.fn.232001" docsrc="FN">
    <answer instance="off.p.fn.232001" senseid="4(3)"/>
    <context>
      They deserved to have their fingers chopped <head>off</head> . 
    </context>
  </instance>


  <instance id="off.p.fn.232002" docsrc="FN">
    <answer instance="off.p.fn.232002" senseid="4(3)"/>
    <context>
      ` They think only about saving the guy 's life , so they chop the leg <head>off</head> by guillotine , even if he 's only lost a few toes . " 
    </context>
  </instance>


  <instance id="off.p.fn.232011" docsrc="FN">
    <answer instance="off.p.fn.232011" senseid="4(3)"/>
    <context>
      And they chop someone 's hands <head>off</head> because they think it 's OK . 
    </context>
  </instance>


  <instance id="off.p.fn.232023" docsrc="FN">
    <answer instance="off.p.fn.232023" senseid="4(3)"/>
    <context>
      You do n't chop <head>off</head> a man 's arms while he 's sitting there watching you . " 
    </context>
  </instance>


  <instance id="off.p.fn.232025" docsrc="FN">
    <answer instance="off.p.fn.232025" senseid="4(3)"/>
    <context>
      It 'll be some factory workbench for you boy , where , if you continue to dream your stupid little daydreams , you 'll end up chopping your fingers <head>off</head> . 
    </context>
  </instance>


  <instance id="off.p.fn.232203" docsrc="FN">
    <answer instance="off.p.fn.232203" senseid="4(3)"/>
    <context>
      The practice in some societies of chopping <head>off</head> the hands of thieves has ( among other things ) this kind of incapacitatory effect . 
    </context>
  </instance>


  <instance id="off.p.fn.242382" docsrc="FN">
    <answer instance="off.p.fn.242382" senseid="4(3)"/>
    <context>
      Jose Weibel , Ricardo 's brother , was snatched <head>off</head> a bus in broad daylight while travelling with his family . 
    </context>
  </instance>


  <instance id="off.p.fn.310743" docsrc="FN">
    <answer instance="off.p.fn.310743" senseid="4(3)"/>
    <context>
      That would take the smile <head>off</head> their faces all right and give them a few seconds relief . 
    </context>
  </instance>


  <instance id="off.p.fn.310744" docsrc="FN">
    <answer instance="off.p.fn.310744" senseid="4(3)"/>
    <context>
      If Isabel had had the energy she would have wiped the solicitous smile <head>off</head> his face . 
    </context>
  </instance>


  <instance id="off.p.fn.304489" docsrc="FN">
    <answer instance="off.p.fn.304489" senseid="4(3)"/>
    <context>
      I was finding it hard to keep a grin <head>off</head> my face . 
    </context>
  </instance>


  <instance id="off.p.fn.303013" docsrc="FN">
    <answer instance="off.p.fn.303013" senseid="4(3)"/>
    <context>
      She stood watching , quite unable to keep a hopeful expression <head>off</head> her face . 
    </context>
  </instance>


  <instance id="off.p.fn.1076869" docsrc="FN">
    <answer instance="off.p.fn.1076869" senseid="3(2a)"/>
    <context>
      The entire food chain in the seas <head>off</head> part of Australia 's eastern coasts is likely to be contaminated by toxins , according to Cor Lenghaus , a researcher from Hamilton Regional Veterinary Laboratory in Victoria . 
    </context>
  </instance>


  <instance id="off.p.fn.458153" docsrc="FN">
    <answer instance="off.p.fn.458153" senseid="3(2a)"/>
    <context>
      It was discovered in 1900 in the wreck of a Greek ship near the barren islet of Antikythera , <head>off</head> the south coast of Greece . 
    </context>
  </instance>


  <instance id="off.p.fn.461990" docsrc="FN">
    <answer instance="off.p.fn.461990" senseid="3(2a)"/>
    <context>
      The all-night fishing trip ended in tragedy for the four men after their boat ran out of fuel and ran aground on a sandbank <head>off</head> Nash Point . 
    </context>
  </instance>


  <instance id="off.p.fn.478167" docsrc="FN">
    <answer instance="off.p.fn.478167" senseid="3(2a)"/>
    <context>
      The setting sun -- it was now mid-August , so the sun just dipped below the horizon -- would round the headland of Flakstad village and dance over some tiny skerries <head>off</head> the shore . 
    </context>
  </instance>


  <instance id="off.p.fn.707898" docsrc="FN">
    <answer instance="off.p.fn.707898" senseid="4(3)"/>
    <context>
      I haul her <head>off</head> the bed and half carry , half drag her into the bathroom . 
    </context>
  </instance>


  <instance id="off.p.fn.582374" docsrc="FN">
    <answer instance="off.p.fn.582374" senseid="4(3)"/>
    <context>
      He reached down and hauled Jack <head>off</head> his bench . 
    </context>
  </instance>


  <instance id="off.p.fn.582375" docsrc="FN">
    <answer instance="off.p.fn.582375" senseid="4(3)"/>
    <context>
      David hauled their luggage <head>off</head> the back seat and Bill drove off . 
    </context>
  </instance>


  <instance id="off.p.fn.1241246" docsrc="FN">
    <answer instance="off.p.fn.1241246" senseid="4(3)"/>
    <context>
      So would you please get <head>off</head> my ship before I have you arrested . "
    </context>
  </instance>


  <instance id="off.p.fn.1241257" docsrc="FN">
    <answer instance="off.p.fn.1241257" senseid="4(3)"/>
    <context>
      Det Chief Inspector Neil McAteer said : ` The woman had got <head>off</head> a bus and was walking home when she heard footsteps behind her .
    </context>
  </instance>


  <instance id="off.p.fn.373731" docsrc="FN">
    <answer instance="off.p.fn.373731" senseid="4(3)"/>
    <context>
      Cornelius waved <head>off</head> his companion . 
    </context>
  </instance>


  <instance id="off.p.fn.856239" docsrc="FN">
    <answer instance="off.p.fn.856239" senseid="4(3)"/>
    <context>
      He had shaved <head>off</head> his beard . 
    </context>
  </instance>


  <instance id="off.p.fn.856352" docsrc="FN">
    <answer instance="off.p.fn.856352" senseid="4(3)"/>
    <context>
      They shaved <head>off</head> my hair and sewed up my head . 
    </context>
  </instance>


  <instance id="off.p.fn.856366" docsrc="FN">
    <answer instance="off.p.fn.856366" senseid="4(3)"/>
    <context>
      The photo shows Healthcare 's branch manager at Bristol having his moustache shaved <head>off</head> by three of his sales consultants , Allyson Glover , Angela Rowlands and Lea Collins . 
    </context>
  </instance>


  <instance id="off.p.fn.856116" docsrc="FN">
    <answer instance="off.p.fn.856116" senseid="4(3)"/>
    <context>
      In reality , the risk is really rather slight , though even this can be eliminated by taking more trouble to rinse <head>off</head> all the detergent from the cat 's dishes . 
    </context>
  </instance>


  <instance id="off.p.fn.867143" docsrc="FN">
    <answer instance="off.p.fn.867143" senseid="3(2a)"/>
    <context>
      In an effort to bring peace to the island , PNG held talks with the rebels last August on board a New Zealand warship moored <head>off</head> Bougainville . 
    </context>
  </instance>


  <instance id="off.p.fn.1021596" docsrc="FN">
    <answer instance="off.p.fn.1021596" senseid="3(2a)"/>
    <context>
      The collision happened <head>off</head> Malaysia 48 hours after the Greek-registered ship left Singapore on a voyage advertised as a ` cruise to nowhere " . 
    </context>
  </instance>


  <instance id="off.p.fn.1226009" docsrc="FN">
    <answer instance="off.p.fn.1226009" senseid="3(2a)"/>
    <context>
      The initial reports claimed that local fisherman had killed the dolphins in order to protect their fishing grounds and for dolphin meat , which was divided up amongst Fukue islanders in the East China Sea <head>off</head> Nagasaki .
    </context>
  </instance>


  <instance id="off.p.fn.881423" docsrc="FN">
    <answer instance="off.p.fn.881423" senseid="4(3)"/>
    <context>
      FERRARI-driving Viscount Portman , of Hereford , paid $1,000 at auction for the rear spoiler <head>off</head> Formula One champ Nigel Mansell 's car . 
    </context>
  </instance>


  <instance id="off.p.fn.931488" docsrc="FN">
    <answer instance="off.p.fn.931488" senseid="1(1)"/>
    <context>
      Water dripped <head>off</head> her hands , too , and her severe black bathing dress . 
    </context>
  </instance>


  <instance id="off.p.fn.956228" docsrc="FN">
    <answer instance="off.p.fn.956228" senseid="4(3)"/>
    <context>
      On 15 April 1984 the black dust began blowing <head>off</head> the tailings lake . 
    </context>
  </instance>


  <instance id="off.p.fn.956283" docsrc="FN">
    <answer instance="off.p.fn.956283" senseid="4(3)"/>
    <context>
      Then they were in the Circle , and the Dale opened out before them in a vast , dazzling whiteness , powdery snow blowing in clouds <head>off</head> the summits of the hills . 
    </context>
  </instance>


  <instance id="off.p.fn.951825" docsrc="FN">
    <answer instance="off.p.fn.951825" senseid="4(3)"/>
    <context>
      They drop gracefully <head>off</head> their perches in mid-flow and preferably with as much publicity as possible . 
    </context>
  </instance>


  <instance id="off.p.fn.953591" docsrc="FN">
    <answer instance="off.p.fn.953591" senseid="4(3)"/>
    <context>
      Swingbeat New Editioners Bell Biv Devoe are hanging out in the lounge telling stories of how the helicopter in their latest video toppled <head>off</head> a windy roof . 
    </context>
  </instance>


  <instance id="off.p.fn.1035918" docsrc="FN">
    <answer instance="off.p.fn.1035918" senseid="4(3)"/>
    <context>
      Karl 's last act as President had been to insist that the wing mirrors on Global cars be fitted parallel to the road so that people could snort drugs <head>off</head> them . 
    </context>
  </instance>


  <instance id="off.p.fn.745777" docsrc="FN">
    <answer instance="off.p.fn.745777" senseid="4(3)"/>
    <context>
      The Foundation had planned to do the work on integrating the various DME components itself after members were scared <head>off</head> by IBM Corp 's experience of integrating DME 's companion piece DCE , the Distributed Computing Environment . 
    </context>
  </instance>


  <instance id="off.p.fn.745778" docsrc="FN">
    <answer instance="off.p.fn.745778" senseid="4(3)"/>
    <context>
      Maybe he 'd been scared <head>off</head> by the snow and taken Caspar home . 
    </context>
  </instance>


  <instance id="off.p.fn.337834" docsrc="FN">
    <answer instance="off.p.fn.337834" senseid="4(3)"/>
    <context>
      Raise the arms towards the toes , lifting the head and shoulders <head>off</head> the floor . 
    </context>
  </instance>


  <instance id="off.p.fn.337977" docsrc="FN">
    <answer instance="off.p.fn.337977" senseid="4(3)"/>
    <context>
      But with practice the student will be able to lift his feet <head>off</head> the floor . 
    </context>
  </instance>


  <instance id="off.p.fn.1249526" docsrc="FN">
    <answer instance="off.p.fn.1249526" senseid="4(3)"/>
    <context>
      By afternoon their Geiger counter clacked <head>off</head> the scale as a 100-by-30-mile ( 160-by-48 kilometer ) blanket of radioactivity arrived .
    </context>
  </instance>


  <instance id="off.p.fn.434986" docsrc="FN">
    <answer instance="off.p.fn.434986" senseid="1(1)"/>
    <context>
      The light glinted <head>off</head> a white tower at the very summit of the hill , and Riven caught the glitter of metal on the battlements as a helmet or spear blade caught the sun . 
    </context>
  </instance>


  <instance id="off.p.fn.434991" docsrc="FN">
    <answer instance="off.p.fn.434991" senseid="1(1)"/>
    <context>
      Firelight glinted <head>off</head> satiny flesh as they moved , their bodies like molten gold , fluid and changing as they sought the ultimate fusion . 
    </context>
  </instance>


  <instance id="off.p.fn.255625" docsrc="FN">
    <answer instance="off.p.fn.255625" senseid="4(3)"/>
    <context>
      She glanced down , dusting the dirt from the pebble <head>off</head> her hands , wondering how to answer such an unanswerable question . 
    </context>
  </instance>


  <instance id="off.p.fn.255634" docsrc="FN">
    <answer instance="off.p.fn.255634" senseid="4(3)"/>
    <context>
      I tried to dust the grit <head>off</head> my forearm where it adhered to the sweat . 
    </context>
  </instance>


  <instance id="off.p.fn.1250447" docsrc="FN">
    <answer instance="off.p.fn.1250447" senseid="1(1)"/>
    <context>
      Brown sat up <head>off</head> the sofa .
    </context>
  </instance>


  <instance id="off.p.fn.580794" docsrc="FN">
    <answer instance="off.p.fn.580794" senseid="4(3)"/>
    <context>
      I spect someone chucked it <head>off</head> the bridge . 
    </context>
  </instance>


  <instance id="off.p.fn.580796" docsrc="FN">
    <answer instance="off.p.fn.580796" senseid="4(3)"/>
    <context>
      Take him away and chuck him <head>off</head> the derrick . " 
    </context>
  </instance>


  <instance id="off.p.fn.581159" docsrc="FN">
    <answer instance="off.p.fn.581159" senseid="4(3)"/>
    <context>
      The duty manager had to drag her <head>off</head> the dance-floor during the cabaret show . 
    </context>
  </instance>


  <instance id="off.p.fn.581446" docsrc="FN">
    <answer instance="off.p.fn.581446" senseid="1(1)"/>
    <context>
      In fact , her mate Klono had been killed and dragged <head>off</head> by a leopard one night when her son Krono was about a year old . 
    </context>
  </instance>


  <instance id="off.p.fn.581524" docsrc="FN">
    <answer instance="off.p.fn.581524" senseid="4(3)"/>
    <context>
      Lily turned to the mirror and dragged <head>off</head> her hat . 
    </context>
  </instance>


  <instance id="off.p.fn.582200" docsrc="FN">
    <answer instance="off.p.fn.582200" senseid="4(3)"/>
    <context>
      Flinging <head>off</head> her dressing-gown , she climbed back into the now cold bed and snuggled beneath the covers . 
    </context>
  </instance>


  <instance id="off.p.fn.582882" docsrc="FN">
    <answer instance="off.p.fn.582882" senseid="4(3)"/>
    <context>
      Financiers would not hurl themselves <head>off</head> City window-sills . 
    </context>
  </instance>


  <instance id="off.p.fn.584616" docsrc="FN">
    <answer instance="off.p.fn.584616" senseid="4(3)"/>
    <context>
      The aim is to leap around in an inflated suit and push your opponent <head>off</head> the mat . 
    </context>
  </instance>


  <instance id="off.p.fn.585906" docsrc="FN">
    <answer instance="off.p.fn.585906" senseid="4(3)"/>
    <context>
      Here -- " he shoved some gear <head>off</head> the wooden slats of the cockpit , ` sit down for a bit . " 
    </context>
  </instance>


  <instance id="off.p.fn.1249774" docsrc="FN">
    <answer instance="off.p.fn.1249774" senseid="1(1)"/>
    <context>
      ` Love Me Do " seemed to be reverberating <head>off</head> the walls .
    </context>
  </instance>


  <instance id="off.p.fn.588471" docsrc="FN">
    <answer instance="off.p.fn.588471" senseid="4(3)"/>
    <context>
      Eagerly she tugged the card <head>off</head> the Cellophane wrapping -- then stared at it in confusion . 
    </context>
  </instance>


  <instance id="off.p.fn.588644" docsrc="FN">
    <answer instance="off.p.fn.588644" senseid="4(3)"/>
    <context>
      He paused as he tugged <head>off</head> the filthy tarpaulin . 
    </context>
  </instance>


  <instance id="off.p.fn.588712" docsrc="FN">
    <answer instance="off.p.fn.588712" senseid="4(3)"/>
    <context>
      He rode at it , braked , yanked Mariana <head>off</head> the pillion and yelled at her to climb . 
    </context>
  </instance>


  <instance id="off.p.fn.588778" docsrc="FN">
    <answer instance="off.p.fn.588778" senseid="4(3)"/>
    <context>
      Henry pulled open the door , yanked <head>off</head> the three top sheets and scuttled back to his car . 
    </context>
  </instance>


  <instance id="off.p.fn.588779" docsrc="FN">
    <answer instance="off.p.fn.588779" senseid="4(3)"/>
    <context>
      ` I 'll take off your shoes , " Judy offered , yanking <head>off</head> his handmade Italian loafers and then tying his ankles to the bed with his beige silk socks , so that he was spread-eagled . 
    </context>
  </instance>


  <instance id="off.p.fn.589328" docsrc="FN">
    <answer instance="off.p.fn.589328" senseid="4(3)"/>
    <context>
      You better accompany me <head>off</head> the main street . 
    </context>
  </instance>


  <instance id="off.p.fn.589587" docsrc="FN">
    <answer instance="off.p.fn.589587" senseid="4(3)"/>
    <context>
      Goats will even toss their horns at the shadow of an eagle flying overhead , and will chase eagles <head>off</head> ledges . 
    </context>
  </instance>


  <instance id="off.p.fn.591189" docsrc="FN">
    <answer instance="off.p.fn.591189" senseid="4(3)"/>
    <context>
      Federal agents on May 4 raided the four major New York commodity exchanges and escorted four traders <head>off</head> the floor ; subpoenas were served on the exchanges themselves and on dozens of brokers and traders . 
    </context>
  </instance>


  <instance id="off.p.fn.593315" docsrc="FN">
    <answer instance="off.p.fn.593315" senseid="1(1)"/>
    <context>
      Gallacher continued to argue with the referee throughout the game and followed him <head>off</head> the pitch at the end wagging his finger in the official 's face . 
    </context>
  </instance>


  <instance id="off.p.fn.594047" docsrc="FN">
    <answer instance="off.p.fn.594047" senseid="4(3)"/>
    <context>
      Local traders complain the Wales 's were once a familiar sight but have been hounded <head>off</head> the streets by pressmen . 
    </context>
  </instance>


  <instance id="off.p.fn.594300" docsrc="FN">
    <answer instance="off.p.fn.594300" senseid="1(1)"/>
    <context>
      Minutes later the band strikes up again and leads the parade <head>off</head> the square . 
    </context>
  </instance>


  <instance id="off.p.fn.594982" docsrc="FN">
    <answer instance="off.p.fn.594982" senseid="2(2)"/>
    <context>
      He went down the corridor that led <head>off</head> the central area . 
    </context>
  </instance>


  <instance id="off.p.fn.595218" docsrc="FN">
    <answer instance="off.p.fn.595218" senseid="2(2)"/>
    <context>
      Beyond the door was a narrow corridor that led <head>off</head> to the right . 
    </context>
  </instance>


  <instance id="off.p.fn.416108" docsrc="FN">
    <answer instance="off.p.fn.416108" senseid="1(1)"/>
    <context>
      Shrapnel pattered <head>off</head> his shield . 
    </context>
  </instance>


</lexelt>
