<lexelt item="onto">

  <instance id="onto.p.fn.692542" docsrc="FN">
    <answer instance="onto.p.fn.692542" senseid="1(1)"/>
    <context>
      He copied it <head>onto</head> a clean sheet of paper . 
    </context>
  </instance>


  <instance id="onto.p.fn.692546" docsrc="FN">
    <answer instance="onto.p.fn.692546" senseid="1(1)"/>
    <context>
      For example , if you 're copying files <head>onto</head> a few floppies , it 'll work out the files that will best fit into each disk . 
    </context>
  </instance>


  <instance id="onto.p.fn.692548" docsrc="FN">
    <answer instance="onto.p.fn.692548" senseid="1(1)"/>
    <context>
      Bootleggers then copy the film <head>onto</head> hundreds of VHS tapes and sell them for up to $12 a piece . 
    </context>
  </instance>


  <instance id="onto.p.fn.692599" docsrc="FN">
    <answer instance="onto.p.fn.692599" senseid="1(1)"/>
    <context>
      When finished they copy their work <head>onto</head> " parchments " ( wallpaper stained with weak tea ! ) . 
    </context>
  </instance>


  <instance id="onto.p.fn.692717" docsrc="FN">
    <answer instance="onto.p.fn.692717" senseid="1(1)"/>
    <context>
      The teacher was demonstrating on the blackboard , the children copying <head>onto</head> slates . 
    </context>
  </instance>


  <instance id="onto.p.fn.692732" docsrc="FN">
    <answer instance="onto.p.fn.692732" senseid="1(1)"/>
    <context>
      The dna message is copied out <head>onto</head> the rna strand , which is almost identical to the dna ( and which actually generates it ) . 
    </context>
  </instance>


  <instance id="onto.p.fn.655933" docsrc="FN">
    <answer instance="onto.p.fn.655933" senseid="1(1)"/>
    <context>
      Anyway " he emptied the suitcase full of notes <head>onto</head> the floor ` 
    </context>
  </instance>


  <instance id="onto.p.fn.606166" docsrc="FN">
    <answer instance="onto.p.fn.606166" senseid="1(1)"/>
    <context>
      They clatter <head>onto</head> the floor loudly . 
    </context>
  </instance>


  <instance id="onto.p.fn.606167" docsrc="FN">
    <answer instance="onto.p.fn.606167" senseid="1(1)"/>
    <context>
      Tilting it to one side he allowed the object to clatter <head>onto</head> the table . 
    </context>
  </instance>


  <instance id="onto.p.fn.606746" docsrc="FN">
    <answer instance="onto.p.fn.606746" senseid="1(1)"/>
    <context>
      The men , who were wearing balaclava helmets , crashed the car <head>onto</head> an embankment at junction fifteen of the M-Four motorway near Swindon . 
    </context>
  </instance>


  <instance id="onto.p.fn.606747" docsrc="FN">
    <answer instance="onto.p.fn.606747" senseid="1(1)"/>
    <context>
      The following year he turned over in his sleep and crashed his leg <head>onto</head> my hipbone . 
    </context>
  </instance>


  <instance id="onto.p.fn.608166" docsrc="FN">
    <answer instance="onto.p.fn.608166" senseid="1(1)"/>
    <context>
      Mary shivered and turned away as the first clods of earth thudded <head>onto</head> the coffin . 
    </context>
  </instance>


  <instance id="onto.p.fn.619587" docsrc="FN">
    <answer instance="onto.p.fn.619587" senseid="1(1)"/>
    <context>
      The track -- optimistically marked on the map as Daleside Road -- edged through a final gate and <head>onto</head> the road . 
    </context>
  </instance>


  <instance id="onto.p.fn.619759" docsrc="FN">
    <answer instance="onto.p.fn.619759" senseid="1(1)"/>
    <context>
      He pulled open the landing window and edged out <head>onto</head> the ledge which ran around the block . 
    </context>
  </instance>


  <instance id="onto.p.fn.630481" docsrc="FN">
    <answer instance="onto.p.fn.630481" senseid="2(2)"/>
    <context>
      The men , from Pickfords Removals , were loading a machine <head>onto</head> a trailer when part of it collapsed , trapping the men beneath them . 
    </context>
  </instance>


  <instance id="onto.p.fn.630484" docsrc="FN">
    <answer instance="onto.p.fn.630484" senseid="2(2)"/>
    <context>
      There they sold half their animals , bought goods with the proceeds , loaded them <head>onto</head> the remaining animals and returned to Kufra , resuming the annual north-south movement . 
    </context>
  </instance>


  <instance id="onto.p.fn.630546" docsrc="FN">
    <answer instance="onto.p.fn.630546" senseid="2(2)"/>
    <context>
      The container will then be sealed and loaded <head>onto</head> one of the trucks in the morning . 
    </context>
  </instance>


  <instance id="onto.p.fn.631358" docsrc="FN">
    <answer instance="onto.p.fn.631358" senseid="1(1)"/>
    <context>
      Although laser discs are used today mainly for music , you could pack the whole Encyclopaedia Britannica <head>onto</head> one of them , and read it out using the same laser technique . 
    </context>
  </instance>


  <instance id="onto.p.fn.631897" docsrc="FN">
    <answer instance="onto.p.fn.631897" senseid="1(1)"/>
    <context>
      She flittered in the kitchen , piling crockery <head>onto</head> the table . 
    </context>
  </instance>


  <instance id="onto.p.fn.631938" docsrc="FN">
    <answer instance="onto.p.fn.631938" senseid="2(2)"/>
    <context>
      The bodies of 6 ewes and a ram were piled <head>onto</head> a tractor trailer near where they drowned in the Stretford Brook . 
    </context>
  </instance>


  <instance id="onto.p.fn.386807" docsrc="FN">
    <answer instance="onto.p.fn.386807" senseid="3(3)"/>
    <context>
      He clutched <head>onto</head> Gillian 's hand with alarming gratitude , as if previously girls had always insisted on his wearing oven-gloves . 
    </context>
  </instance>


  <instance id="onto.p.fn.635955" docsrc="FN">
    <answer instance="onto.p.fn.635955" senseid="1(1)"/>
    <context>
      She looked at the back of Jessica 's head , tucked sideways <head>onto</head> Rory 's shoulder as he drove , and she smiled . 
    </context>
  </instance>


  <instance id="onto.p.fn.609487" docsrc="FN">
    <answer instance="onto.p.fn.609487" senseid="1(1)"/>
    <context>
      And then there are all those empty packets discarded out of the window <head>onto</head> Britain 's already polluted streets . 
    </context>
  </instance>


  <instance id="onto.p.fn.610512" docsrc="FN">
    <answer instance="onto.p.fn.610512" senseid="1(1)"/>
    <context>
      He took the tin of sardines through to the lean-to , opened it and emptied the contents <head>onto</head> the cat 's dish . 
    </context>
  </instance>


  <instance id="onto.p.fn.733624" docsrc="FN">
    <answer instance="onto.p.fn.733624" senseid="1(1)"/>
    <context>
      He backed <head>onto</head> the pavement . 
    </context>
  </instance>


  <instance id="onto.p.fn.735036" docsrc="FN">
    <answer instance="onto.p.fn.735036" senseid="1(1)"/>
    <context>
      The man at the top of the mercer 's ladder was clambering awkwardly out <head>onto</head> the roof . 
    </context>
  </instance>


  <instance id="onto.p.fn.735076" docsrc="FN">
    <answer instance="onto.p.fn.735076" senseid="1(1)"/>
    <context>
      They clambered up <head>onto</head> the floor , followed eagerly by George who practically fell over them in his clumsy desire to get in . 
    </context>
  </instance>


  <instance id="onto.p.fn.735157" docsrc="FN">
    <answer instance="onto.p.fn.735157" senseid="1(1)"/>
    <context>
      Before his mother could stop him he clambered <head>onto</head> the bench . 
    </context>
  </instance>


  <instance id="onto.p.fn.735159" docsrc="FN">
    <answer instance="onto.p.fn.735159" senseid="1(1)"/>
    <context>
      I glanced back and saw MacLane clambering <head>onto</head> the running board of an already growling squad car , holding the tommy gun one-armed . 
    </context>
  </instance>


  <instance id="onto.p.fn.810003" docsrc="FN">
    <answer instance="onto.p.fn.810003" senseid="1(1)"/>
    <context>
      At last they both climbed out <head>onto</head> the little beach . 
    </context>
  </instance>


  <instance id="onto.p.fn.810055" docsrc="FN">
    <answer instance="onto.p.fn.810055" senseid="1(1)"/>
    <context>
      As he climbed up from the rowing-deck <head>onto</head> the poop , he tossed back the great plaid and turned a bleak gaze on his clansmen . 
    </context>
  </instance>


  <instance id="onto.p.fn.810247" docsrc="FN">
    <answer instance="onto.p.fn.810247" senseid="1(1)"/>
    <context>
      He found a cigarette , lit it and watched the smoke wreathe into the night air ; he enjoyed his smoke , then climbed <head>onto</head> the parapet and started to walk along its broad surface . 
    </context>
  </instance>


  <instance id="onto.p.fn.810251" docsrc="FN">
    <answer instance="onto.p.fn.810251" senseid="1(1)"/>
    <context>
      With his wife Norma beside him , he climbed <head>onto</head> a soapbox to put across his campaign message . 
    </context>
  </instance>


  <instance id="onto.p.fn.810253" docsrc="FN">
    <answer instance="onto.p.fn.810253" senseid="1(1)"/>
    <context>
      Little Billy climbed <head>onto</head> Swan 's back . 
    </context>
  </instance>


  <instance id="onto.p.fn.735605" docsrc="FN">
    <answer instance="onto.p.fn.735605" senseid="1(1)"/>
    <context>
      When I crawled <head>onto</head> the shore I came out of the English stream onto sand . 
    </context>
  </instance>


  <instance id="onto.p.fn.735715" docsrc="FN">
    <answer instance="onto.p.fn.735715" senseid="1(1)"/>
    <context>
      Then they both creep along the pavement , <head>onto</head> the concrete path , up the concrete stairs to the waiting concrete flat . 
    </context>
  </instance>


  <instance id="onto.p.fn.749508" docsrc="FN">
    <answer instance="onto.p.fn.749508" senseid="1(1)"/>
    <context>
      Afterwards , with a sudden spring , he leapt <head>onto</head> the table top and beckoned to the servants to bring more wine . 
    </context>
  </instance>


  <instance id="onto.p.fn.750209" docsrc="FN">
    <answer instance="onto.p.fn.750209" senseid="1(1)"/>
    <context>
      But as she loped reluctantly behind Spittals <head>onto</head> the raised podium , shielding her eyes from the scorching white of the television lights , aware of an expectant murmur from faces she could not see , her lips were set in a pout of discontent . 
    </context>
  </instance>


  <instance id="onto.p.fn.750431" docsrc="FN">
    <answer instance="onto.p.fn.750431" senseid="1(1)"/>
    <context>
      Eventually the car lurched backward <head>onto</head> the drive . 
    </context>
  </instance>


  <instance id="onto.p.fn.751341" docsrc="FN">
    <answer instance="onto.p.fn.751341" senseid="1(1)"/>
    <context>
      THE Battle of Britain is won and now Rangers can march forward <head>onto</head> the continental mainland in search of their own VE Day . 
    </context>
  </instance>


  <instance id="onto.p.fn.755193" docsrc="FN">
    <answer instance="onto.p.fn.755193" senseid="1(1)"/>
    <context>
      He scrambled energetically <head>onto</head> a chair , and set himself to be like them . 
    </context>
  </instance>


  <instance id="onto.p.fn.755195" docsrc="FN">
    <answer instance="onto.p.fn.755195" senseid="1(1)"/>
    <context>
      They scrambled <head>onto</head> the upturned hull and drifted for more than 20 minutes before coming to rest on a bank two miles away . 
    </context>
  </instance>


  <instance id="onto.p.fn.755416" docsrc="FN">
    <answer instance="onto.p.fn.755416" senseid="1(1)"/>
    <context>
      Another advantage Granada has over the competition , he says , is that unlike the big vendors now scurrying <head>onto</head> the marketplace to boost revenues , Granada -- structured around the Data Processing Customer Engineering Plc acquisition and sundry add-ons -- has been in the game for years and knows its strengths and weaknesses . 
    </context>
  </instance>


  <instance id="onto.p.fn.757498" docsrc="FN">
    <answer instance="onto.p.fn.757498" senseid="1(1)"/>
    <context>
      His eye fell on it for the first time as it sprang <head>onto</head> the marble plinth and clutched at the neck of the vase to steady itself . 
    </context>
  </instance>


  <instance id="onto.p.fn.757499" docsrc="FN">
    <answer instance="onto.p.fn.757499" senseid="1(1)"/>
    <context>
      The cat opened one eye cautiously , saw that it was true and sprang <head>onto</head> Mildred 's shoulder where it rubbed its head gratefully against her hair . 
    </context>
  </instance>


  <instance id="onto.p.fn.758434" docsrc="FN">
    <answer instance="onto.p.fn.758434" senseid="1(1)"/>
    <context>
      At 3.00pm we staggered <head>onto</head> the summit after endless moves of II and III and guzzled down the orange juice . 
    </context>
  </instance>


  <instance id="onto.p.fn.759919" docsrc="FN">
    <answer instance="onto.p.fn.759919" senseid="1(1)"/>
    <context>
      The pilot flipped up the door , and Duroc bent to avoid the still slowly circling blades as he stepped down <head>onto</head> the tarmac . 
    </context>
  </instance>


  <instance id="onto.p.fn.759996" docsrc="FN">
    <answer instance="onto.p.fn.759996" senseid="1(1)"/>
    <context>
      She stepped off <head>onto</head> grass at last . 
    </context>
  </instance>


  <instance id="onto.p.fn.760432" docsrc="FN">
    <answer instance="onto.p.fn.760432" senseid="1(1)"/>
    <context>
      All the doors were thrown open and the uniformed man climbed down first , offering Donna his hand as she stepped <head>onto</head> the platform . 
    </context>
  </instance>


  <instance id="onto.p.fn.760440" docsrc="FN">
    <answer instance="onto.p.fn.760440" senseid="1(1)"/>
    <context>
      He had failed to notice the approach of the goods train , which was being pushed backwards , and was hit by the leading wagon after stepping <head>onto</head> the track . 
    </context>
  </instance>


  <instance id="onto.p.fn.761921" docsrc="FN">
    <answer instance="onto.p.fn.761921" senseid="1(1)"/>
    <context>
      Sir Willie strolled <head>onto</head> the administration floor where Sandra , and a consortium of dealers , had gathered to meet him . 
    </context>
  </instance>


  <instance id="onto.p.fn.762084" docsrc="FN">
    <answer instance="onto.p.fn.762084" senseid="1(1)"/>
    <context>
      After her act another blonde in black , thigh length leather boots , studded belt , bra and pants strutted <head>onto</head> the stage , removed her top and stepped up to the front row , where the Koreans stuffed dollar notes down the front of her knickers . 
    </context>
  </instance>


  <instance id="onto.p.fn.782861" docsrc="FN">
    <answer instance="onto.p.fn.782861" senseid="1(1)"/>
    <context>
      Again my mind wandered from my polishing and back <head>onto</head> the job I would be doing in a few hours . 
    </context>
  </instance>


  <instance id="onto.p.fn.782932" docsrc="FN">
    <answer instance="onto.p.fn.782932" senseid="1(1)"/>
    <context>
      The final blow in 1933 was when Granny lost his life while landing a Sportster , trying to avoid two men who had wandered <head>onto</head> the runway . 
    </context>
  </instance>


  <instance id="onto.p.fn.647734" docsrc="FN">
    <answer instance="onto.p.fn.647734" senseid="3(3)"/>
    <context>
      From Hartsop village follow a distinct path east to Hayeswater reservoir ( 1.25 miles ) before tacking diagonally uphill to your right <head>onto</head> the Gray Crag ridge ( 0.5 miles ) . 
    </context>
  </instance>


  <instance id="onto.p.fn.1155197" docsrc="FN">
    <answer instance="onto.p.fn.1155197" senseid="1(1)"/>
    <context>
      Photocopied <head>onto</head> a grey , A4 sheet of laid paper . 
    </context>
  </instance>


  <instance id="onto.p.fn.240316" docsrc="FN">
    <answer instance="onto.p.fn.240316" senseid="1(1)"/>
    <context>
      The package also uses another program from Fifth Generation Systems , Fastback , to archive the fonts <head>onto</head> tape cartridges for distribution . 
    </context>
  </instance>


  <instance id="onto.p.fn.248736" docsrc="FN">
    <answer instance="onto.p.fn.248736" senseid="1(1)"/>
    <context>
      Drizzle caramel from the end of a fork into irregular shapes <head>onto</head> lightly oiled foil . 
    </context>
  </instance>


  <instance id="onto.p.fn.249813" docsrc="FN">
    <answer instance="onto.p.fn.249813" senseid="1(1)"/>
    <context>
      Dab royal icing <head>onto</head> the base of each petal and stick together . 
    </context>
  </instance>


  <instance id="onto.p.fn.249814" docsrc="FN">
    <answer instance="onto.p.fn.249814" senseid="1(1)"/>
    <context>
      I mix some sap green with Prussian blue and burnt umber still left in the palette and dab it <head>onto</head> the previously dampened , shaded areas of the greenery . 
    </context>
  </instance>


  <instance id="onto.p.fn.255621" docsrc="FN">
    <answer instance="onto.p.fn.255621" senseid="1(1)"/>
    <context>
      ` My wife loves the man 's poems , " said Crump , dusting the dead creature <head>onto</head> the ground . 
    </context>
  </instance>


  <instance id="onto.p.fn.255522" docsrc="FN">
    <answer instance="onto.p.fn.255522" senseid="1(1)"/>
    <context>
      The larva heaps sand or soil <head>onto</head> its head and jaws and then flicks it with some force up and behind it , working in a circle to produce a conical pit . 
    </context>
  </instance>


  <instance id="onto.p.fn.256672" docsrc="FN">
    <answer instance="onto.p.fn.256672" senseid="1(1)"/>
    <context>
      While waiting to go on , they would see the women rub lipstick <head>onto</head> their fingers from their lips and transfer it onto their navels and nipples . 
    </context>
  </instance>


  <instance id="onto.p.fn.256832" docsrc="FN">
    <answer instance="onto.p.fn.256832" senseid="1(1)"/>
    <context>
      Peppermint -- aids digestion ; cooled teabags squeezed and rubbed <head>onto</head> skin make a good antiseptic tonic . 
    </context>
  </instance>


  <instance id="onto.p.fn.256110" docsrc="FN">
    <answer instance="onto.p.fn.256110" senseid="1(1)"/>
    <context>
      And have a tiny back yard because otherwise they could n't cram so many boxes <head>onto</head> the site . 
    </context>
  </instance>


  <instance id="onto.p.fn.695779" docsrc="FN">
    <answer instance="onto.p.fn.695779" senseid="1(1)"/>
    <context>
      Mr Falk seems to be putting a large proportion of the blame <head>onto</head> doctors for failing to give him proper preventative medical care . 
    </context>
  </instance>


  <instance id="onto.p.fn.695788" docsrc="FN">
    <answer instance="onto.p.fn.695788" senseid="1(1)"/>
    <context>
      When the mistake was discovered , they tried to put all the blame <head>onto</head> the innocent parties -- the importers and the farmers -- who have been landed with these cattle . 
    </context>
  </instance>


  <instance id="onto.p.fn.719744" docsrc="FN">
    <answer instance="onto.p.fn.719744" senseid="3(3)"/>
    <context>
      The slogan was spelled out in three-foot-high polystyrene lettering and glued <head>onto</head> a soft canvas backdrop . 
    </context>
  </instance>


  <instance id="onto.p.fn.717227" docsrc="FN">
    <answer instance="onto.p.fn.717227" senseid="1(1)"/>
    <context>
      Segments of the athletic composition push forward into the viewer 's space because Rifka has affixed additional forms <head>onto</head> the surface plane . " 
    </context>
  </instance>


  <instance id="onto.p.fn.783082" docsrc="FN">
    <answer instance="onto.p.fn.783082" senseid="3(3)"/>
    <context>
      They can either draw their contribution directly onto the paper , or they can stick their drawings <head>onto</head> a large wall map . 
    </context>
  </instance>


  <instance id="onto.p.fn.784027" docsrc="FN">
    <answer instance="onto.p.fn.784027" senseid="3(3)"/>
    <context>
      The rifles with which the Jews defended themselves have been welded <head>onto</head> the sides of the vehicles as a memorial . 
    </context>
  </instance>


  <instance id="onto.p.fn.784074" docsrc="FN">
    <answer instance="onto.p.fn.784074" senseid="3(3)"/>
    <context>
      Boys as young as 13 sped through the town astride their ` Mad-Max " cars : usually Toyotas with the roofs sawn off and large Browning machine guns welded <head>onto</head> the back . 
    </context>
  </instance>


  <instance id="onto.p.fn.256961" docsrc="FN">
    <answer instance="onto.p.fn.256961" senseid="1(1)"/>
    <context>
      The girl , thin-faced and undernourished , watched with complete indifference as Jessica then took them to the parapet and scattered them <head>onto</head> the turbulent black surface of the river , where they swirled beautifully , made changing patterns as they swept between the steep stone walls . 
    </context>
  </instance>


  <instance id="onto.p.fn.836470" docsrc="FN">
    <answer instance="onto.p.fn.836470" senseid="1(1)"/>
    <context>
      As machines were introduced to record activity , these support data were printed out <head>onto</head> paper , were signed , dated and cross referenced by the scientist and became attached to the book 's pages . 
    </context>
  </instance>


  <instance id="onto.p.fn.913928" docsrc="FN">
    <answer instance="onto.p.fn.913928" senseid="3(3)"/>
    <context>
      Finally he hooks his belt <head>onto</head> the Doom Diver Catapult and braces himself for sudden acceleration . 
    </context>
  </instance>


  <instance id="onto.p.fn.913929" docsrc="FN">
    <answer instance="onto.p.fn.913929" senseid="3(3)"/>
    <context>
      There is no room for a chair , so I crouch between the willows and hook a plummet <head>onto</head> the size 18 hook . 
    </context>
  </instance>


  <instance id="onto.p.fn.914005" docsrc="FN">
    <answer instance="onto.p.fn.914005" senseid="3(3)"/>
    <context>
      The lamp could be hooked <head>onto</head> the front of a miner 's cap or hung on a wooden roof support while he was working . 
    </context>
  </instance>


  <instance id="onto.p.fn.931482" docsrc="FN">
    <answer instance="onto.p.fn.931482" senseid="1(1)"/>
    <context>
      Angle the condensation tray to that the water does n't drip <head>onto</head> the leaves and spoil them . 
    </context>
  </instance>


  <instance id="onto.p.fn.931543" docsrc="FN">
    <answer instance="onto.p.fn.931543" senseid="1(1)"/>
    <context>
      A tear dripped <head>onto</head> my desk . 
    </context>
  </instance>


  <instance id="onto.p.fn.931544" docsrc="FN">
    <answer instance="onto.p.fn.931544" senseid="1(1)"/>
    <context>
      He watched his tears drip <head>onto</head> the floor and wondered from a great distance why he could not feel them running down his face . 
    </context>
  </instance>


  <instance id="onto.p.fn.922019" docsrc="FN">
    <answer instance="onto.p.fn.922019" senseid="1(1)"/>
    <context>
      The ladle hit the stew with such force that the liquid splashed <head>onto</head> the white tablecloth , and , almost stuttering now , Alice cried , ` What a thing to say ! 
    </context>
  </instance>


  <instance id="onto.p.fn.922020" docsrc="FN">
    <answer instance="onto.p.fn.922020" senseid="1(1)"/>
    <context>
      The pump leaked and a jet of yellow liquid Splashed <head>onto</head> the path with every stroke . 
    </context>
  </instance>


  <instance id="onto.p.fn.931762" docsrc="FN">
    <answer instance="onto.p.fn.931762" senseid="1(1)"/>
    <context>
      And also in the house is the Monster , Mr Whistle , obscene drool leaking <head>onto</head> his embroidered vest . 
    </context>
  </instance>


  <instance id="onto.p.fn.935451" docsrc="FN">
    <answer instance="onto.p.fn.935451" senseid="1(1)"/>
    <context>
      After a while , coffee spilled from the cup <head>onto</head> his toes and he opened his eyes . 
    </context>
  </instance>


  <instance id="onto.p.fn.935485" docsrc="FN">
    <answer instance="onto.p.fn.935485" senseid="1(1)"/>
    <context>
      Yards of video tape spilled <head>onto</head> the deck , along with pieces of broken plastic . 
    </context>
  </instance>


  <instance id="onto.p.fn.956438" docsrc="FN">
    <answer instance="onto.p.fn.956438" senseid="1(1)"/>
    <context>
      The plant is sprouting on roadsides and railways and then blowing <head>onto</head> farmland . 
    </context>
  </instance>


  <instance id="onto.p.fn.952287" docsrc="FN">
    <answer instance="onto.p.fn.952287" senseid="1(1)"/>
    <context>
      Eventually Maidstone tried to scramble over the bar but he slipped and fell heavily <head>onto</head> the floor . 
    </context>
  </instance>


  <instance id="onto.p.fn.952288" docsrc="FN">
    <answer instance="onto.p.fn.952288" senseid="1(1)"/>
    <context>
      Police say the baby may have fallen head-first <head>onto</head> a tiled floor . 
    </context>
  </instance>


  <instance id="onto.p.fn.952290" docsrc="FN">
    <answer instance="onto.p.fn.952290" senseid="1(1)"/>
    <context>
      Asik reached to hide his face and fell <head>onto</head> the ground . 
    </context>
  </instance>


  <instance id="onto.p.fn.952299" docsrc="FN">
    <answer instance="onto.p.fn.952299" senseid="1(1)"/>
    <context>
      He says she fell <head>onto</head> a concrete road . 
    </context>
  </instance>


  <instance id="onto.p.fn.952301" docsrc="FN">
    <answer instance="onto.p.fn.952301" senseid="1(1)"/>
    <context>
      The beetle 's antenna also helps it to locate prey by sensing the tell-tale vibrations of any small insect which falls <head>onto</head> the surface . 
    </context>
  </instance>


  <instance id="onto.p.fn.1210475" docsrc="FN">
    <answer instance="onto.p.fn.1210475" senseid="1(1)"/>
    <context>
      The car flew up <head>onto</head> the Westway .
    </context>
  </instance>


  <instance id="onto.p.fn.1196371" docsrc="FN">
    <answer instance="onto.p.fn.1196371" senseid="1(1)"/>
    <context>
      Another time , a photographer had ventured <head>onto</head> the reef that rose up from the sea at the far corner .
    </context>
  </instance>


  <instance id="onto.p.fn.1092247" docsrc="FN">
    <answer instance="onto.p.fn.1092247" senseid="1(1)"/>
    <context>
      A tear plopped <head>onto</head> the table . 
    </context>
  </instance>


  <instance id="onto.p.fn.1127250" docsrc="FN">
    <answer instance="onto.p.fn.1127250" senseid="1(1)"/>
    <context>
      A tear plopped <head>onto</head> the table . 
    </context>
  </instance>


  <instance id="onto.p.fn.1129840" docsrc="FN">
    <answer instance="onto.p.fn.1129840" senseid="1(1)"/>
    <context>
      He let out a whoop , and slammed the gun down <head>onto</head> the bar , breaking glasses . 
    </context>
  </instance>


  <instance id="onto.p.fn.1107140" docsrc="FN">
    <answer instance="onto.p.fn.1107140" senseid="1(1)"/>
    <context>
      Grant shouts at his boat , banging an angry palm <head>onto</head> the wheel . 
    </context>
  </instance>


  <instance id="onto.p.fn.580538" docsrc="FN">
    <answer instance="onto.p.fn.580538" senseid="1(1)"/>
    <context>
      She saw the driver of the car being catapulted out <head>onto</head> his back . 
    </context>
  </instance>


  <instance id="onto.p.fn.583362" docsrc="FN">
    <answer instance="onto.p.fn.583362" senseid="1(1)"/>
    <context>
      The horse knocked the woman over with very great force and then stumbled and fell , pitching the jockey violently <head>onto</head> the ground . 
    </context>
  </instance>


  <instance id="onto.p.fn.583788" docsrc="FN">
    <answer instance="onto.p.fn.583788" senseid="1(1)"/>
    <context>
      CAPILLARY REFILL TEST : This involves pressing your thumb <head>onto</head> the horse 's gum . 
    </context>
  </instance>


  <instance id="onto.p.fn.584068" docsrc="FN">
    <answer instance="onto.p.fn.584068" senseid="1(1)"/>
    <context>
      8 The stimulus is the pin which when pressed <head>onto</head> the hand , causes us to feel pain . 
    </context>
  </instance>


  <instance id="onto.p.fn.586371" docsrc="FN">
    <answer instance="onto.p.fn.586371" senseid="1(1)"/>
    <context>
      And he took out the keys and threw them <head>onto</head> the bonnet . 
    </context>
  </instance>


  <instance id="onto.p.fn.586377" docsrc="FN">
    <answer instance="onto.p.fn.586377" senseid="1(1)"/>
    <context>
      Flora blew her nose into the pristine handkerchief , scrunched it into a ball and threw it <head>onto</head> the linoleum floor . 
    </context>
  </instance>


  <instance id="onto.p.fn.587874" docsrc="FN">
    <answer instance="onto.p.fn.587874" senseid="1(1)"/>
    <context>
      For instance , broad policies for assisting new enterprise may simply result in some businesses being thrust up <head>onto</head> the crowded platform at the expense of others pushed off it . 
    </context>
  </instance>


  <instance id="onto.p.fn.588075" docsrc="FN">
    <answer instance="onto.p.fn.588075" senseid="1(1)"/>
    <context>
      Graham took an envelope from his pocket and tossed it <head>onto</head> the sofa . 
    </context>
  </instance>


  <instance id="onto.p.fn.592683" docsrc="FN">
    <answer instance="onto.p.fn.592683" senseid="1(1)"/>
    <context>
      ` Delighted , " she replied , and followed him <head>onto</head> the floor . 
    </context>
  </instance>


  <instance id="onto.p.fn.592710" docsrc="FN">
    <answer instance="onto.p.fn.592710" senseid="1(1)"/>
    <context>
      From the farm follow a track past Brotherswater <head>onto</head> the A592 . 
    </context>
  </instance>


  <instance id="onto.p.fn.825116" docsrc="FN">
    <answer instance="onto.p.fn.825116" senseid="1(1)"/>
    <context>
      An intelligence officer in Malaya , Captain Patrick Heenan , has been named this week as the traitor who guided Japanese bombers <head>onto</head> British airfields , allowing a rapid advance and the fall of Singapore . 
    </context>
  </instance>


  <instance id="onto.p.fn.594321" docsrc="FN">
    <answer instance="onto.p.fn.594321" senseid="1(1)"/>
    <context>
      He led Lucien <head>onto</head> a narrow street lined by tiny , dark shops . 
    </context>
  </instance>


  <instance id="onto.p.fn.594322" docsrc="FN">
    <answer instance="onto.p.fn.594322" senseid="1(1)"/>
    <context>
      She led them <head>onto</head> a small covered terrace running the full width of the house . 
    </context>
  </instance>


  <instance id="onto.p.fn.594943" docsrc="FN">
    <answer instance="onto.p.fn.594943" senseid="1(1)"/>
    <context>
      Roger led up and rightwards <head>onto</head> the ice and it was quickly apparent that in places the snow was lying directly over rock , with what ice there was insecurely bonded to the smooth slabs . 
    </context>
  </instance>


  <instance id="onto.p.fn.265862" docsrc="FN">
    <answer instance="onto.p.fn.265862" senseid="1(1)"/>
    <context>
      Simply spray Hot Shapes <head>onto</head> clean , dry hair before setting to get instant hold with a glossy finish . 
    </context>
  </instance>


  <instance id="onto.p.fn.265865" docsrc="FN">
    <answer instance="onto.p.fn.265865" senseid="1(1)"/>
    <context>
      When he saw us he choked and sprayed the beer <head>onto</head> the lawn . 
    </context>
  </instance>


  <instance id="onto.p.fn.265985" docsrc="FN">
    <answer instance="onto.p.fn.265985" senseid="1(1)"/>
    <context>
      The use of systemic fungicides sprayed <head>onto</head> potato crops , and fumigation of stored potatoes , can reduce the incidence of the disease but the spread of infection is greatly facilitated by modern harvesting equipment . 
    </context>
  </instance>


  <instance id="onto.p.fn.257200" docsrc="FN">
    <answer instance="onto.p.fn.257200" senseid="1(1)"/>
    <context>
      Sprinkle the gelatine <head>onto</head> the boiling water in a small bowl and stir well -- then leave for a minute or so to dissolve . 
    </context>
  </instance>


  <instance id="onto.p.fn.257250" docsrc="FN">
    <answer instance="onto.p.fn.257250" senseid="1(1)"/>
    <context>
      The following morning , under the guidance of Margo , Nigel was sprinkled <head>onto</head> the compost heap and we said our final goodbyes . 
    </context>
  </instance>


  <instance id="onto.p.fn.257299" docsrc="FN">
    <answer instance="onto.p.fn.257299" senseid="1(1)"/>
    <context>
      The bedroom of the hotel on Brussels ' rue Royale stank of vinegar which Jane Sharpe 's maid had sprinkled <head>onto</head> a red-hot shovel to fumigate the room . 
    </context>
  </instance>


</lexelt>
