<lexelt item="over">

  <instance id="over.p.fn.334438" docsrc="FN">
    <answer instance="over.p.fn.334438" senseid="2(1a)"/>
    <context>
      Rose bent <head>over</head> him with pure attention .
    </context>
  </instance>


  <instance id="over.p.fn.334446" docsrc="FN">
    <answer instance="over.p.fn.334446" senseid="2(1a)"/>
    <context>
      Mr Wolski 's old head bent <head>over</head> Minch and his hands rested gently on her back .
    </context>
  </instance>


  <instance id="over.p.fn.334448" docsrc="FN">
    <answer instance="over.p.fn.334448" senseid="2(1a)"/>
    <context>
      She bent <head>over</head> Rob 's hand and slowly , deftly drew out the sliver of wood .
    </context>
  </instance>


  <instance id="over.p.fn.335539" docsrc="FN">
    <answer instance="over.p.fn.335539" senseid="13(4b)"/>
    <context>
      She turned herself sideways to the audience , tipped the boater low down over her nose , stuck her hands in the pockets of her jacket and crossed one foot <head>over</head> another .
    </context>
  </instance>


  <instance id="over.p.fn.335540" docsrc="FN">
    <answer instance="over.p.fn.335540" senseid="13(4b)"/>
    <context>
      Sylvie , the actress , rearranged her broad-brimmed hat , crossed one tapering leg <head>over</head> another and smoothed a stocking .
    </context>
  </instance>


  <instance id="over.p.fn.335546" docsrc="FN">
    <answer instance="over.p.fn.335546" senseid="13(4b)"/>
    <context>
      In the meantime she was stiff from sitting still ; she crossed one knee <head>over</head> the other .
    </context>
  </instance>


  <instance id="over.p.fn.342112" docsrc="FN">
    <answer instance="over.p.fn.342112" senseid="4(2)"/>
    <context>
      David winked <head>over</head> Josh 's head .
    </context>
  </instance>


  <instance id="over.p.fn.1150700" docsrc="FN">
    <answer instance="over.p.fn.1150700" senseid="2(1a)"/>
    <context>
      Backache is a constant complaint as I stoop <head>over</head> low baths , sinks , baby buggies and shopping trolleys .
    </context>
  </instance>


  <instance id="over.p.fn.1150704" docsrc="FN">
    <answer instance="over.p.fn.1150704" senseid="2(1a)"/>
    <context>
      The way she stoops <head>over</head> Jamie 's body , I could believe he is her patient .
    </context>
  </instance>


  <instance id="over.p.fn.349288" docsrc="FN">
    <answer instance="over.p.fn.349288" senseid="16(7)"/>
    <context>
      He had n't time to brood <head>over</head> it , for he had noticed something rather more disturbing ; access to the dock from the river was blocked .
    </context>
  </instance>


  <instance id="over.p.fn.349289" docsrc="FN">
    <answer instance="over.p.fn.349289" senseid="16(7)"/>
    <context>
      Recession is biting at Softwright Systems , but Nick Durrant has no time to brood <head>over</head> it .
    </context>
  </instance>


  <instance id="over.p.fn.350585" docsrc="FN">
    <answer instance="over.p.fn.350585" senseid="16(7)"/>
    <context>
      In one missing person inquiry she had claimed success because the runaway girl had telephoned home , but no one could prove or disprove that Ruby 's meditation <head>over</head> a favourite pair of tights had influenced her .
    </context>
  </instance>


  <instance id="over.p.fn.350940" docsrc="FN">
    <answer instance="over.p.fn.350940" senseid="16(7)"/>
    <context>
      She pondered kindly <head>over</head> all her actions .
    </context>
  </instance>


  <instance id="over.p.fn.350943" docsrc="FN">
    <answer instance="over.p.fn.350943" senseid="16(7)"/>
    <context>
      I pondered hard <head>over</head> the reply to my friend 's question .
    </context>
  </instance>


  <instance id="over.p.fn.664474" docsrc="FN">
    <answer instance="over.p.fn.664474" senseid="16(7)"/>
    <context>
      Speaking through his solicitor he refused to join the debate <head>over</head> the identification of defendants in rape cases .
    </context>
  </instance>


  <instance id="over.p.fn.368522" docsrc="FN">
    <answer instance="over.p.fn.368522" senseid="14(5)"/>
    <context>
      They 'd go round there and have meetings <head>over</head> cups of tea .
    </context>
  </instance>


  <instance id="over.p.fn.744002" docsrc="FN">
    <answer instance="over.p.fn.744002" senseid="16(7)"/>
    <context>
      At the close of Mass on feast days , Rosalba usually liked the lingering and the chat , the exclamations <head>over</head> new babies , new ribbons , new illnesses , old illnesses , the mutterings about swindles and scandals , policemen and bosses , the rumours of change , the curses and complaints .
    </context>
  </instance>


  <instance id="over.p.fn.744365" docsrc="FN">
    <answer instance="over.p.fn.744365" senseid="16(7)"/>
    <context>
      His great enemies , Archibald Campbell , Marquis of Argyll , nicknamed the ` glae-eyed marquis " because of his squint , together with his wife , gloated <head>over</head> Montrose 's death , little realizing what Fate 's swinging pendulum had in store for them .
    </context>
  </instance>


  <instance id="over.p.fn.654905" docsrc="FN">
    <answer instance="over.p.fn.654905" senseid="16(7)"/>
    <context>
      She 's fretting <head>over</head> Garry 's absence , and according to her doctor it 's important that he gets in touch with her without delay . "
    </context>
  </instance>


  <instance id="over.p.fn.654906" docsrc="FN">
    <answer instance="over.p.fn.654906" senseid="16(7)"/>
    <context>
      I thought you 'd only fret <head>over</head> it . "
    </context>
  </instance>


  <instance id="over.p.fn.655016" docsrc="FN">
    <answer instance="over.p.fn.655016" senseid="16(7)"/>
    <context>
      Emily fussed <head>over</head> her .
    </context>
  </instance>


  <instance id="over.p.fn.655018" docsrc="FN">
    <answer instance="over.p.fn.655018" senseid="16(7)"/>
    <context>
      They liked him , they fussed <head>over</head> him .
    </context>
  </instance>


  <instance id="over.p.fn.603393" docsrc="FN">
    <answer instance="over.p.fn.603393" senseid="16(7)"/>
    <context>
      Believing that he had no ` right " to be angry <head>over</head> this mishap , Matthew retreated to his bedroom , took out a penknife and cut a painful slit in his own hand .
    </context>
  </instance>


  <instance id="over.p.fn.603403" docsrc="FN">
    <answer instance="over.p.fn.603403" senseid="16(7)"/>
    <context>
      Connahs Quay were angry <head>over</head> Halkyn 's decision to call off their match at Pant Newydd an hour before the scheduled start .
    </context>
  </instance>


  <instance id="over.p.fn.604447" docsrc="FN">
    <answer instance="over.p.fn.604447" senseid="16(7)"/>
    <context>
      Somerset are furious <head>over</head> suggestions that ` The Ghost " , who took 8 for 122 , should be left out .
    </context>
  </instance>


  <instance id="over.p.fn.604449" docsrc="FN">
    <answer instance="over.p.fn.604449" senseid="16(7)"/>
    <context>
      His parents were furious <head>over</head> the engagement business .
    </context>
  </instance>


  <instance id="over.p.fn.605213" docsrc="FN">
    <answer instance="over.p.fn.605213" senseid="16(7)"/>
    <context>
      " that the General was rather worried and sore <head>over</head> his lack of information .
    </context>
  </instance>


  <instance id="over.p.fn.730164" docsrc="FN">
    <answer instance="over.p.fn.730164" senseid="16(7)"/>
    <context>
      She will need time to grieve inwardly a little <head>over</head> these losses and gradually come to terms with them in her own way , so you should not assume that any moods of depression or irritability she has in those early months are a reflection on the efforts you are making to help her to feel ` at home " .
    </context>
  </instance>


  <instance id="over.p.fn.731819" docsrc="FN">
    <answer instance="over.p.fn.731819" senseid="16(7)"/>
    <context>
      He wept and mourned <head>over</head> it all .
    </context>
  </instance>


  <instance id="over.p.fn.581005" docsrc="FN">
    <answer instance="over.p.fn.581005" senseid="11(4)"/>
    <context>
      As I left the pen I saw Mr Stokill dragging a large object <head>over</head> the cobbles .
    </context>
  </instance>


  <instance id="over.p.fn.581884" docsrc="FN">
    <answer instance="over.p.fn.581884" senseid="2(1a)"/>
    <context>
      The men flung a net <head>over</head> me .
    </context>
  </instance>


  <instance id="over.p.fn.585913" docsrc="FN">
    <answer instance="over.p.fn.585913" senseid="2(1a)"/>
    <context>
      So they just shove some tape <head>over</head> it .
    </context>
  </instance>


  <instance id="over.p.fn.586391" docsrc="FN">
    <answer instance="over.p.fn.586391" senseid="2(1a)"/>
    <context>
      The barman returned , smiled , and threw the liquid <head>over</head> his face .
    </context>
  </instance>


  <instance id="over.p.fn.586397" docsrc="FN">
    <answer instance="over.p.fn.586397" senseid="13(4b)"/>
    <context>
      Silver came towards the stockade , threw his crutch <head>over</head> the fence , then climbed after it .
    </context>
  </instance>


  <instance id="over.p.fn.586760" docsrc="FN">
    <answer instance="over.p.fn.586760" senseid="2(1a)"/>
    <context>
      She made the headlines by having a glass of wine thrown <head>over</head> her at the plushy Caprice restaurant in London .
    </context>
  </instance>


  <instance id="over.p.fn.587538" docsrc="FN">
    <answer instance="over.p.fn.587538" senseid="2(1a)"/>
    <context>
      Sam thrust his leg <head>over</head> the sill .
    </context>
  </instance>


  <instance id="over.p.fn.594330" docsrc="FN">
    <answer instance="over.p.fn.594330" senseid="11(4)"/>
    <context>
      Scouts led war-parties <head>over</head> great distances to the camps of their enemies .
    </context>
  </instance>


  <instance id="over.p.fn.594332" docsrc="FN">
    <answer instance="over.p.fn.594332" senseid="13(4b)"/>
    <context>
      They marched from Geneva , Charles leading one army <head>over</head> Mont Cenis , while his uncle Bernard led another through the Great St Bernard Pass .
    </context>
  </instance>


  <instance id="over.p.fn.599260" docsrc="FN">
    <answer instance="over.p.fn.599260" senseid="11(4)"/>
    <context>
      If the flat only has one entrance/exit ( which it will because it is not on the ground floor ) , it should have a fire escape , or some means of escape <head>over</head> a balcony or roof .
    </context>
  </instance>


  <instance id="over.p.fn.600221" docsrc="FN">
    <answer instance="over.p.fn.600221" senseid="13(4b)"/>
    <context>
      Brutus Leitdorf , the Count of Averland , ordered the retreat <head>over</head> the great bridge and rallied his troops in the western half of the city .
    </context>
  </instance>


  <instance id="over.p.fn.605893" docsrc="FN">
    <answer instance="over.p.fn.605893" senseid="11(4)"/>
    <context>
      With some trepidation I went with him with the trusty Seagull Outboard chugging manfully <head>over</head> the huge swell .
    </context>
  </instance>


  <instance id="over.p.fn.605894" docsrc="FN">
    <answer instance="over.p.fn.605894" senseid="11(4)"/>
    <context>
      The weather was fine , and they rode on the open top deck , from where one had a-lofty view of sooty old London and felt high above the Thames as the vehicle chugged <head>over</head> Westminster Bridge .
    </context>
  </instance>


  <instance id="over.p.fn.606677" docsrc="FN">
    <answer instance="over.p.fn.606677" senseid="1(1)"/>
    <context>
      Little lines of crawling blue fire crackled <head>over</head> Jekub 's battered paintwork .
    </context>
  </instance>


  <instance id="over.p.fn.607629" docsrc="FN">
    <answer instance="over.p.fn.607629" senseid="11(4)"/>
    <context>
      The three lapsed into silence until the lorry was rumbling <head>over</head> Tower Bridge , then Freddie slipped his hand into his coat pocket and took out a handful of silver .
    </context>
  </instance>


  <instance id="over.p.fn.608094" docsrc="FN">
    <answer instance="over.p.fn.608094" senseid="11(4)"/>
    <context>
      Wavelets swished idly <head>over</head> white sand and the broad plain of the sea stretched away into darkness .
    </context>
  </instance>


  <instance id="over.p.fn.628606" docsrc="FN">
    <answer instance="over.p.fn.628606" senseid="2(1a)"/>
    <context>
      Ace had hung her coat <head>over</head> a chair in her lab , and was busy rearranging the workings of several weapons with the aid of a set of jeweller 's screwdrivers .
    </context>
  </instance>


  <instance id="over.p.fn.628607" docsrc="FN">
    <answer instance="over.p.fn.628607" senseid="2(1a)"/>
    <context>
      He gave a small , tense smile and watched Tom hang his clothes <head>over</head> a horse near the fire .
    </context>
  </instance>


  <instance id="over.p.fn.628610" docsrc="FN">
    <answer instance="over.p.fn.628610" senseid="2(1a)"/>
    <context>
      She hung the apron <head>over</head> the back of a chair , shoved the sauce under a covering plate , turned off the gas under the fish-kettle in which herb-scented water had begun to simmer .
    </context>
  </instance>


  <instance id="over.p.fn.628620" docsrc="FN">
    <answer instance="over.p.fn.628620" senseid="2(1a)"/>
    <context>
      I had to hang blankets <head>over</head> the windows at night , and in the morning they were so heavy with moisture that I had a proper job taking them down .
    </context>
  </instance>


  <instance id="over.p.fn.628621" docsrc="FN">
    <answer instance="over.p.fn.628621" senseid="2(1a)"/>
    <context>
      Unfortunately a fourth hangs a tea-towel <head>over</head> the window at this point , obscuring my view .
    </context>
  </instance>


  <instance id="over.p.fn.632817" docsrc="FN">
    <answer instance="over.p.fn.632817" senseid="2(1a)"/>
    <context>
      As he was doing that , he saw the paragraph about himself in The Stage and planted his shoe <head>over</head> it .
    </context>
  </instance>


  <instance id="over.p.fn.634274" docsrc="FN">
    <answer instance="over.p.fn.634274" senseid="2(1a)"/>
    <context>
      He told her to shut her eyes , and smeared the paste <head>over</head> her face , leaving breathing holes over her nostrils .
    </context>
  </instance>


  <instance id="over.p.fn.609360" docsrc="FN">
    <answer instance="over.p.fn.609360" senseid="12(4a)"/>
    <context>
      They discarded the broken spar <head>over</head> the side where it was picked up by the Nippon tender .
    </context>
  </instance>


  <instance id="over.p.fn.734052" docsrc="FN">
    <answer instance="over.p.fn.734052" senseid="11(4)"/>
    <context>
      After rugged David Shearer barged <head>over</head> Jimmy Carter and Lee Dixon before firing home Blackburn 's 85th-minute decider , Graham conceded : ` We 've got to put the physical side of our game back in place -- even if it means sacrificing some of the attractive football we want to play . "
    </context>
  </instance>


  <instance id="over.p.fn.735186" docsrc="FN">
    <answer instance="over.p.fn.735186" senseid="11(4)"/>
    <context>
      She stood up and clambered clumsily <head>over</head> the fallen rocks towards where Klift had been standing .
    </context>
  </instance>


  <instance id="over.p.fn.810281" docsrc="FN">
    <answer instance="over.p.fn.810281" senseid="13(4b)"/>
    <context>
      It 's even better if it 's a high gate , kept locked , and blocks the only entry to the rear , so a thief would have to climb <head>over</head> it .
    </context>
  </instance>


  <instance id="over.p.fn.810285" docsrc="FN">
    <answer instance="over.p.fn.810285" senseid="13(4b)"/>
    <context>
      While they were doing this , Christine was thinking about the boys who had climbed <head>over</head> Miss Miggs 's wall after the apples .
    </context>
  </instance>


  <instance id="over.p.fn.736502" docsrc="FN">
    <answer instance="over.p.fn.736502" senseid="11(4)"/>
    <context>
      The candle guttered in its crystal holder , sending shadows dancing mysteriously <head>over</head> the hollows of his face .
    </context>
  </instance>


  <instance id="over.p.fn.736504" docsrc="FN">
    <answer instance="over.p.fn.736504" senseid="11(4)"/>
    <context>
      Quivers of movement , like trickles of electricity , danced <head>over</head> Meredith 's skin at the sound of his velvety voice .
    </context>
  </instance>


  <instance id="over.p.fn.738134" docsrc="FN">
    <answer instance="over.p.fn.738134" senseid="13(4b)"/>
    <context>
      This involved a long hike <head>over</head> Esk Hause to Gable , and to avoid the intense mid-day heat we agreed to leave the valley at dawn .
    </context>
  </instance>


  <instance id="over.p.fn.752262" docsrc="FN">
    <answer instance="over.p.fn.752262" senseid="11(4)"/>
    <context>
      He turned to his right and padded softly <head>over</head> the familiar , uneven stone floor .
    </context>
  </instance>


  <instance id="over.p.fn.753143" docsrc="FN">
    <answer instance="over.p.fn.753143" senseid="11(4)"/>
    <context>
      Robyn 's eyes roamed despondently <head>over</head> the scene .
    </context>
  </instance>


  <instance id="over.p.fn.754749" docsrc="FN">
    <answer instance="over.p.fn.754749" senseid="11(4)"/>
    <context>
      A short scramble <head>over</head> the rocks takes you to our secret spot , Mermaid 's cove , this is truly a place of magic and tranquillity ideal for that really quiet swim or sunbathe .
    </context>
  </instance>


  <instance id="over.p.fn.754750" docsrc="FN">
    <answer instance="over.p.fn.754750" senseid="11(4)"/>
    <context>
      A perilous leap to the edge was followed by a difficult scramble <head>over</head> slimy rock faces .
    </context>
  </instance>


  <instance id="over.p.fn.755237" docsrc="FN">
    <answer instance="over.p.fn.755237" senseid="11(4)"/>
    <context>
      For two perfect Sundays they scrambled side-by-side <head>over</head> the lichen-dappled rocks of the valley wall , the aquamarine sky above reflected in the ribbon of sea below them .
    </context>
  </instance>


  <instance id="over.p.fn.755681" docsrc="FN">
    <answer instance="over.p.fn.755681" senseid="11(4)"/>
    <context>
      ` Now remember , lads , " he briefed them as they scuttled purposefully <head>over</head> the rough rocky ground , ` this is n't some parasite we 're searching for , it 's a Chelonian officer .
    </context>
  </instance>


  <instance id="over.p.fn.756776" docsrc="FN">
    <answer instance="over.p.fn.756776" senseid="11(4)"/>
    <context>
      Lawton covered as Delaney raised himself , wriggling forward into the nearest pocket of shadow , as Forster and Silk came up like weird , black sea creatures that slithered silently <head>over</head> the rail and into the nearest cover of darkness .
    </context>
  </instance>


  <instance id="over.p.fn.756815" docsrc="FN">
    <answer instance="over.p.fn.756815" senseid="11(4)"/>
    <context>
      The West Highland Way crosses vast tracts with no accommodation or other facilities ; the Southern Upland Way is a dreary slog <head>over</head> bleak , windswept and desolate hilltops , likely to attract only those who do it ` because it 's there " .
    </context>
  </instance>


  <instance id="over.p.fn.757500" docsrc="FN">
    <answer instance="over.p.fn.757500" senseid="11(4)"/>
    <context>
      But with Pyke to impress in the audience we had good reason to spring energetically <head>over</head> the scaffolding .
    </context>
  </instance>


  <instance id="over.p.fn.759227" docsrc="FN">
    <answer instance="over.p.fn.759227" senseid="2(1a)"/>
    <context>
      A coldness stole <head>over</head> Ruth -- inexplicably familiar , like a half-stirred memory .
    </context>
  </instance>


  <instance id="over.p.fn.760693" docsrc="FN">
    <answer instance="over.p.fn.760693" senseid="11(4)"/>
    <context>
      Some built sturdily of wood and iron , others no more than skins of plastic sheeting over frames of branches , they straggled north <head>over</head> the dunes as far as I could see .
    </context>
  </instance>


  <instance id="over.p.fn.763683" docsrc="FN">
    <answer instance="over.p.fn.763683" senseid="11(4)"/>
    <context>
      By noon , he could hardly stand , let alone tramp <head>over</head> the moor , and he stumbled about , muttering away in Gaelic , complaining about working for a bunch of foreigners who had usurped his rightful King .
    </context>
  </instance>


  <instance id="over.p.fn.764037" docsrc="FN">
    <answer instance="over.p.fn.764037" senseid="11(4)"/>
    <context>
      Let me be more certain before we go trekking <head>over</head> ground we have already covered . "
    </context>
  </instance>


  <instance id="over.p.fn.782118" docsrc="FN">
    <answer instance="over.p.fn.782118" senseid="13(4b)"/>
    <context>
      ` Now let 's take a walk <head>over</head> the fields with Honey and Harriet .
    </context>
  </instance>


  <instance id="over.p.fn.782124" docsrc="FN">
    <answer instance="over.p.fn.782124" senseid="11(4)"/>
    <context>
      There are many beautiful walks <head>over</head> the surrounding dales .
    </context>
  </instance>


  <instance id="over.p.fn.782960" docsrc="FN">
    <answer instance="over.p.fn.782960" senseid="11(4)"/>
    <context>
      His hand wanders constantly <head>over</head> it as if it were a fine thoroughbred thin-skinned horse .
    </context>
  </instance>


  <instance id="over.p.fn.782961" docsrc="FN">
    <answer instance="over.p.fn.782961" senseid="11(4)"/>
    <context>
      His cold , strangely fishlike gaze wandered blatantly <head>over</head> Rory and she managed only with an effort not to shudder .
    </context>
  </instance>


  <instance id="over.p.fn.641079" docsrc="FN">
    <answer instance="over.p.fn.641079" senseid="11(4)"/>
    <context>
      Most case histories begin , once the patient is comfortable in his chair , ` Well doctor , it all started the morning I was cycling <head>over</head> Battersea Bridge on my way to work "
    </context>
  </instance>


  <instance id="over.p.fn.647550" docsrc="FN">
    <answer instance="over.p.fn.647550" senseid="11(4)"/>
    <context>
      No one farmer could possibly be qualified to advise on all the options , nor could he do more than skate <head>over</head> them in one volume .
    </context>
  </instance>


  <instance id="over.p.fn.398880" docsrc="FN">
    <answer instance="over.p.fn.398880" senseid="3(1b)"/>
    <context>
      She ran her gaze <head>over</head> Maggie 's dress and her lips tightened .
    </context>
  </instance>


  <instance id="over.p.fn.399478" docsrc="FN">
    <answer instance="over.p.fn.399478" senseid="3(1b)"/>
    <context>
      Rory pushed herself out of her chair , suddenly fuelled by restless energy , and strode to the window , gazing unseeingly <head>over</head> the lawn for a few moments as anger seethed within her .
    </context>
  </instance>


  <instance id="over.p.fn.847596" docsrc="FN">
    <answer instance="over.p.fn.847596" senseid="3(1b)"/>
    <context>
      She quailed under his searing glance <head>over</head> her body .
    </context>
  </instance>


  <instance id="over.p.fn.399768" docsrc="FN">
    <answer instance="over.p.fn.399768" senseid="3(1b)"/>
    <context>
      Penelope glanced <head>over</head> Ianthe 's shoulder through the open door of the dining room .
    </context>
  </instance>


  <instance id="over.p.fn.401183" docsrc="FN">
    <answer instance="over.p.fn.401183" senseid="3(1b)"/>
    <context>
      ` Come and have a look <head>over</head> the gymnasium .
    </context>
  </instance>


  <instance id="over.p.fn.401195" docsrc="FN">
    <answer instance="over.p.fn.401195" senseid="3(1b)"/>
    <context>
      The lifesaver , it is called , that last look <head>over</head> your shoulder before making any kind of manoeuvre on a bike .
    </context>
  </instance>


  <instance id="over.p.fn.401636" docsrc="FN">
    <answer instance="over.p.fn.401636" senseid="3(1b)"/>
    <context>
      Isabel Lavender , hands resting on black handbag , black handbag on black gloves , looked <head>over</head> Alida 's head and out of the sitting room window , an expression of disdain on her face .
    </context>
  </instance>


  <instance id="over.p.fn.401649" docsrc="FN">
    <answer instance="over.p.fn.401649" senseid="3(1b)"/>
    <context>
      Erika was too occupied in looking <head>over</head> Herman 's shoulder at Fritz to pay him any attention .
    </context>
  </instance>


  <instance id="over.p.fn.394343" docsrc="FN">
    <answer instance="over.p.fn.394343" senseid="4(2)"/>
    <context>
      Clutching a handkerchief to his own face , he felt blood <head>over</head> his eye but he assured them it was superficial , and gave instructions which were followed to the letter .
    </context>
  </instance>


  <instance id="over.p.fn.375757" docsrc="FN">
    <answer instance="over.p.fn.375757" senseid="9(2e)"/>
    <context>
      I strained to hear , and had just decided that it would be difficult to hear an idling motor <head>over</head> the lap and rush of the sea in the channel , when I saw the light .
    </context>
  </instance>


  <instance id="over.p.fn.797" docsrc="FN">
    <answer instance="over.p.fn.797" senseid="16(7)"/>
    <context>
      A mutiny <head>over</head> pay arrears had spread to several sections of the armed forces by the end of July , sparked off by troops of the Nyanga Battalion who erected road-blocks in the Manhica area .
    </context>
  </instance>


  <instance id="over.p.fn.1053" docsrc="FN">
    <answer instance="over.p.fn.1053" senseid="16(7)"/>
    <context>
      Tory MPs on the brink of rebellion <head>over</head> Council Tax
    </context>
  </instance>


  <instance id="over.p.fn.384387" docsrc="FN">
    <answer instance="over.p.fn.384387" senseid="6(2b)"/>
    <context>
      Four months later the Tories see it as an unqualified success , propelling the man who presided <head>over</head> it , Mr Michael Howard , into the political big league .
    </context>
  </instance>


  <instance id="over.p.fn.385007" docsrc="FN">
    <answer instance="over.p.fn.385007" senseid="6(2b)"/>
    <context>
      SINCE the second world war , a handful of Chinese families have reigned <head>over</head> Bangkok 's economy , which accounts for over half of Thailand 's output .
    </context>
  </instance>


  <instance id="over.p.fn.385011" docsrc="FN">
    <answer instance="over.p.fn.385011" senseid="6(2b)"/>
    <context>
      Herod , who reigned <head>over</head> Palestine at the time , could not even claim to be a Jew by birth .
    </context>
  </instance>


  <instance id="over.p.fn.385287" docsrc="FN">
    <answer instance="over.p.fn.385287" senseid="6(2b)"/>
    <context>
      How was it , then , that Masailand acquired its reputation for corrupting those sent to rule <head>over</head> it ?
    </context>
  </instance>


  <instance id="over.p.fn.385206" docsrc="FN">
    <answer instance="over.p.fn.385206" senseid="6(2b)"/>
    <context>
      As soon as Cunobelinos , who had established himself as ruler <head>over</head> both tribes , moved his capital to Camulodunon ( Colchester ) , no doubt the traders followed and established a new depot on the River Colne .
    </context>
  </instance>


  <instance id="over.p.fn.185832" docsrc="FN">
    <answer instance="over.p.fn.185832" senseid="16(7)"/>
    <context>
      Decision near in US battle <head>over</head> cellular phones
    </context>
  </instance>


  <instance id="over.p.fn.185834" docsrc="FN">
    <answer instance="over.p.fn.185834" senseid="16(7)"/>
    <context>
      The party is rich in buildings , printing presses , holiday homes ; if it were to break into bits , there would be a battle <head>over</head> who kept the goodies .
    </context>
  </instance>


  <instance id="over.p.fn.185839" docsrc="FN">
    <answer instance="over.p.fn.185839" senseid="16(7)"/>
    <context>
      FEUDING ex-lovers Mia Farrow and Woody Allen are now locked in a battle <head>over</head> money .
    </context>
  </instance>


  <instance id="over.p.fn.185846" docsrc="FN">
    <answer instance="over.p.fn.185846" senseid="16(7)"/>
    <context>
      In practice , however , as party discipline grew , the institutional battle <head>over</head> the level of spending and taxing took place more and more within the government machine .
    </context>
  </instance>


  <instance id="over.p.fn.185848" docsrc="FN">
    <answer instance="over.p.fn.185848" senseid="16(7)"/>
    <context>
      The funds in the League treasury , now amounting to 5,000 talents ( thirty million skilled-man days ' pay ) , were used ; but this was not done without a parliamentary battle <head>over</head> the ethical question .
    </context>
  </instance>


  <instance id="over.p.fn.187406" docsrc="FN">
    <answer instance="over.p.fn.187406" senseid="16(7)"/>
    <context>
      " But I dare say he 's impatient , " thought Hazel , " or he may have come off worst in some scuffle <head>over</head> a doe and taken it hard .
    </context>
  </instance>


  <instance id="over.p.fn.185687" docsrc="FN">
    <answer instance="over.p.fn.185687" senseid="16(7)"/>
    <context>
      Melissa recounted briefly the exchanges on the way to the belvedere and the altercation <head>over</head> the book .
    </context>
  </instance>


  <instance id="over.p.fn.186148" docsrc="FN">
    <answer instance="over.p.fn.186148" senseid="16(7)"/>
    <context>
      There were frequent clashes <head>over</head> the reporting of Northern Ireland , ending with a ban on interviews with members of Sinn Fein .
    </context>
  </instance>


  <instance id="over.p.fn.186153" docsrc="FN">
    <answer instance="over.p.fn.186153" senseid="16(7)"/>
    <context>
      Talks broke down today between the Soviet and Japanese delegations who have been negotiating over recent territorial clashes <head>over</head> culture-krill-harvesting operations off the island of Sakhalin .
    </context>
  </instance>


  <instance id="over.p.fn.186368" docsrc="FN">
    <answer instance="over.p.fn.186368" senseid="16(7)"/>
    <context>
      Not only had I had three months reprieve , but there had been no confrontation <head>over</head> any further treatment .
    </context>
  </instance>


  <instance id="over.p.fn.186369" docsrc="FN">
    <answer instance="over.p.fn.186369" senseid="16(7)"/>
    <context>
      The time is ripe for a show-down or a major confrontation <head>over</head> money matters .
    </context>
  </instance>


  <instance id="over.p.fn.186957" docsrc="FN">
    <answer instance="over.p.fn.186957" senseid="1(1)"/>
    <context>
      Equipped with Messerschmitt Bf109E fighters , the unit was composed of battle-hardened veterans who had seen much action during the fighting <head>over</head> England during the previous summer .
    </context>
  </instance>


  <instance id="over.p.fn.187845" docsrc="FN">
    <answer instance="over.p.fn.187845" senseid="16(7)"/>
    <context>
      The struggle <head>over</head> the succession between Ahidjo and Biya , in spite of its curious circumstances , had only served to emphasize that the succession problem remained alive and unresolved .
    </context>
  </instance>


  <instance id="over.p.fn.187851" docsrc="FN">
    <answer instance="over.p.fn.187851" senseid="16(7)"/>
    <context>
      In Virginia and in the West Indies the assemblies voted a more or less perpetual grant of taxes ; in New York and New England there were annual struggles <head>over</head> the revenue .
    </context>
  </instance>


  <instance id="over.p.fn.187852" docsrc="FN">
    <answer instance="over.p.fn.187852" senseid="16(7)"/>
    <context>
      This section looks at overt struggles <head>over</head> power .
    </context>
  </instance>


  <instance id="over.p.fn.187863" docsrc="FN">
    <answer instance="over.p.fn.187863" senseid="16(7)"/>
    <context>
      The Congress ended a stormy debate on Saturday which appeared to give parliament the upper hand in the struggle <head>over</head> who rules Russia .
    </context>
  </instance>


  <instance id="over.p.fn.187475" docsrc="FN">
    <answer instance="over.p.fn.187475" senseid="16(7)"/>
    <context>
      Green clearly perceived the protracted negotiations as a major national problem rather than a local skirmish <head>over</head> the retention of Chapter III providing powers by one WEA District .
    </context>
  </instance>


  <instance id="over.p.fn.187589" docsrc="FN">
    <answer instance="over.p.fn.187589" senseid="16(7)"/>
    <context>
      To prevent squabbles <head>over</head> the boundaries , which had been especially frequent between the borough and the neighbouring Aske estate , the purpose of the boundary riding was to define the exact line of demarcation .
    </context>
  </instance>


  <instance id="over.p.fn.186033" docsrc="FN">
    <answer instance="over.p.fn.186033" senseid="16(7)"/>
    <context>
      ABOUT 30 people may have been massacred in Kinshasa , Zaire , on Monday , after a bar-room brawl <head>over</head> a woman led vengeance-seeking Zairian troops to fire indiscriminately on two funeral processions , killing the wrong targets , human rights and business sources reported by telephone yesterday from Abidjan , on the Ivory Coast .
    </context>
  </instance>


  <instance id="over.p.fn.187696" docsrc="FN">
    <answer instance="over.p.fn.187696" senseid="16(7)"/>
    <context>
      Essentially , what had to happen was that a group of adolescent males without females had to obtain some , without allowing their group to dissolve in internecine strife <head>over</head> who would become the owner of the newly acquired females .
    </context>
  </instance>


  <instance id="over.p.fn.190025" docsrc="FN">
    <answer instance="over.p.fn.190025" senseid="16(7)"/>
    <context>
      People used to fight each other <head>over</head> religion .
    </context>
  </instance>


  <instance id="over.p.fn.190256" docsrc="FN">
    <answer instance="over.p.fn.190256" senseid="16(7)"/>
    <context>
      The English and French fought over her like the Greeks and Romans fought <head>over</head> Helen of Troy ! "
    </context>
  </instance>


  <instance id="over.p.fn.248735" docsrc="FN">
    <answer instance="over.p.fn.248735" senseid="2(1a)"/>
    <context>
      ` If you want , I could probably get Mum to meet you , " said Josh , drizzling ketchup <head>over</head> his grilled chicken .
    </context>
  </instance>


  <instance id="over.p.fn.248750" docsrc="FN">
    <answer instance="over.p.fn.248750" senseid="2(1a)"/>
    <context>
      Passion fruit : eat pulp straight from the fruit or drizzle <head>over</head> ice-cream or sorbets .
    </context>
  </instance>


  <instance id="over.p.fn.249083" docsrc="FN">
    <answer instance="over.p.fn.249083" senseid="2(1a)"/>
    <context>
      " He took off his coat and draped it <head>over</head> Harry .
    </context>
  </instance>


  <instance id="over.p.fn.249085" docsrc="FN">
    <answer instance="over.p.fn.249085" senseid="2(1a)"/>
    <context>
      Singer draped the T-shirt <head>over</head> his head , but his laughter was evident in the way his shoulders shook .
    </context>
  </instance>


  <instance id="over.p.fn.249095" docsrc="FN">
    <answer instance="over.p.fn.249095" senseid="2(1a)"/>
    <context>
      They draped the starched white tablecloth <head>over</head> the big deal table .
    </context>
  </instance>


  <instance id="over.p.fn.249096" docsrc="FN">
    <answer instance="over.p.fn.249096" senseid="2(1a)"/>
    <context>
      You draped your best cummerbund <head>over</head> the lampshade ?
    </context>
  </instance>


  <instance id="over.p.fn.950823" docsrc="FN">
    <answer instance="over.p.fn.950823" senseid="16(7)"/>
    <context>
      Uncertainties <head>over</head> the Common Agricultural Policy have made farmers reluctant to invest in new agricultural machinery .
    </context>
  </instance>


  <instance id="over.p.fn.950835" docsrc="FN">
    <answer instance="over.p.fn.950835" senseid="16(7)"/>
    <context>
      Last year they faced uncertainty <head>over</head> their jobs when the Lewis 's group went bust and called in the receivers .
    </context>
  </instance>


  <instance id="over.p.fn.1066169" docsrc="FN">
    <answer instance="over.p.fn.1066169" senseid="4(2)"/>
    <context>
      With heavily armed gangs roaming the streets , the mixed Serb-Muslim population either hid behind locked doors or fled across the iron bridge <head>over</head> the River Drina , which forms the border .
    </context>
  </instance>


  <instance id="over.p.fn.1066170" docsrc="FN">
    <answer instance="over.p.fn.1066170" senseid="4(2)"/>
    <context>
      Narrow streets lead to a quaint bridge <head>over</head> the River Nartuby and a tiny square with a pretty little baroque mairie and a pizzeria with its terrace built round an antique fountain .
    </context>
  </instance>


  <instance id="over.p.fn.784202" docsrc="FN">
    <answer instance="over.p.fn.784202" senseid="1(1)"/>
    <context>
      Cook the dumplings <head>over</head> a medium heat until they are lightly browned underneath .
    </context>
  </instance>


  <instance id="over.p.fn.634440" docsrc="FN">
    <answer instance="over.p.fn.634440" senseid="2(1a)"/>
    <context>
      She spread hay <head>over</head> him for warmth , but it seemed as if the fever would shake him to pieces .
    </context>
  </instance>


  <instance id="over.p.fn.634448" docsrc="FN">
    <answer instance="over.p.fn.634448" senseid="2(1a)"/>
    <context>
      During tropical rainy seasons when rivers flood and spread muddy waters <head>over</head> the land , the Amazon River dolphin ranges miles from the river bed seeking fish .
    </context>
  </instance>


  <instance id="over.p.fn.634449" docsrc="FN">
    <answer instance="over.p.fn.634449" senseid="2(1a)"/>
    <context>
      She spread her hands secretively <head>over</head> the page .
    </context>
  </instance>


  <instance id="over.p.fn.634453" docsrc="FN">
    <answer instance="over.p.fn.634453" senseid="2(1a)"/>
    <context>
      Jacqui 's occupation had n't improved it ; she was n't the sort of girl who immediately revolutionized a place and gave it a woman 's touch ; she just spread her belongings <head>over</head> the widest possible area .
    </context>
  </instance>


  <instance id="over.p.fn.820012" docsrc="FN">
    <answer instance="over.p.fn.820012" senseid="11(4)"/>
    <context>
      Eva liked to sprinkle the house with about five papers and three magazines a day , skimming <head>over</head> Vogue and the New Statesman and the Daily Express before dumping the lot into the wastepaper basket beside the bed .
    </context>
  </instance>


  <instance id="over.p.fn.889230" docsrc="FN">
    <answer instance="over.p.fn.889230" senseid="16(7)"/>
    <context>
      The two men had not spoken since Mr MacSharry resigned last week <head>over</head> the stalemate in the Gatt trade talks with the Americans .
    </context>
  </instance>


  <instance id="over.p.fn.889883" docsrc="FN">
    <answer instance="over.p.fn.889883" senseid="16(7)"/>
    <context>
      Upton Southern shed 5p to 40p in reaction to the chairman 's resignation <head>over</head> a policy disagreement .
    </context>
  </instance>


  <instance id="over.p.fn.916685" docsrc="FN">
    <answer instance="over.p.fn.916685" senseid="11(4)"/>
    <context>
      After the death of Shelley , she set out to earn her living , and travelled <head>over</head> Russia , Italy , Germany and France as a governess .
    </context>
  </instance>


  <instance id="over.p.fn.927961" docsrc="FN">
    <answer instance="over.p.fn.927961" senseid="11(4)"/>
    <context>
      From the High Street , proceed <head>over</head> Magdalen Bridge into the Cowley Road .
    </context>
  </instance>


  <instance id="over.p.fn.1074631" docsrc="FN">
    <answer instance="over.p.fn.1074631" senseid="11(4)"/>
    <context>
      A cuckoo flew low <head>over</head> the reed bed , to be mobbed at once by two reed warblers .
    </context>
  </instance>


  <instance id="over.p.fn.1074632" docsrc="FN">
    <answer instance="over.p.fn.1074632" senseid="11(4)"/>
    <context>
      ` FLIGHT TO FREEDOM " read the headline of one over a picture of the unusual sight of a golden eagle flying <head>over</head> Regent 's Park .
    </context>
  </instance>


  <instance id="over.p.fn.1044084" docsrc="FN">
    <answer instance="over.p.fn.1044084" senseid="16(7)"/>
    <context>
      The next morning I awoke anxious <head>over</head> what had happened .
    </context>
  </instance>


  <instance id="over.p.fn.1044085" docsrc="FN">
    <answer instance="over.p.fn.1044085" senseid="16(7)"/>
    <context>
      The message was clear as members of Gloucestershire county council turned up to todays budget meeting , with protestors , anxious <head>over</head> the scale of impending cuts urging councillors to think again before wielding the axe .
    </context>
  </instance>


  <instance id="over.p.fn.1045949" docsrc="FN">
    <answer instance="over.p.fn.1045949" senseid="16(7)"/>
    <context>
      I am surely not alone in feeling profoundly sad <head>over</head> the so-called reprieve of certain regiments in the British Army .
    </context>
  </instance>


  <instance id="over.p.fn.1109365" docsrc="FN">
    <answer instance="over.p.fn.1109365" senseid="16(7)"/>
    <context>
      As lieutenant-governor , he is remembered for fleeing down the statehouse fire escape to avoid senators ' anger <head>over</head> his choice of committee assignments .
    </context>
  </instance>


  <instance id="over.p.fn.1112677" docsrc="FN">
    <answer instance="over.p.fn.1112677" senseid="16(7)"/>
    <context>
      But her annoyance <head>over</head> the pictures could not distract Catherine from her latest -- and biggest -- ambition .
    </context>
  </instance>


  <instance id="over.p.fn.1112933" docsrc="FN">
    <answer instance="over.p.fn.1112933" senseid="16(7)"/>
    <context>
      Polanski had received notices of similar disquiet <head>over</head> his films .
    </context>
  </instance>


  <instance id="over.p.fn.1112934" docsrc="FN">
    <answer instance="over.p.fn.1112934" senseid="16(7)"/>
    <context>
      There may be cases where there is parliamentary disquiet <head>over</head> a ministerial proposal and then the minister has a change of mind .
    </context>
  </instance>


  <instance id="over.p.fn.1112936" docsrc="FN">
    <answer instance="over.p.fn.1112936" senseid="16(7)"/>
    <context>
      His comments are a major diplomatic gaffe as the CRC has supported the region in its disquiet <head>over</head> the CRE 's decision to begin an investigation .
    </context>
  </instance>


  <instance id="over.p.fn.1113900" docsrc="FN">
    <answer instance="over.p.fn.1113900" senseid="16(7)"/>
    <context>
      The bank had made no secret of their dismay <head>over</head> Virgin 's venture into airlines .
    </context>
  </instance>


  <instance id="over.p.fn.1114714" docsrc="FN">
    <answer instance="over.p.fn.1114714" senseid="16(7)"/>
    <context>
      The row over the Fayed brothers ' acquisition simmers on , thanks to the Bank of England 's embarrassment <head>over</head> Harrods Bank .
    </context>
  </instance>


  <instance id="over.p.fn.1114715" docsrc="FN">
    <answer instance="over.p.fn.1114715" senseid="16(7)"/>
    <context>
      The extent of their embarrassment <head>over</head> their bonding was illustrated by the fact they 'd held it so privately .
    </context>
  </instance>


  <instance id="over.p.fn.1115204" docsrc="FN">
    <answer instance="over.p.fn.1115204" senseid="16(7)"/>
    <context>
      She thought him a most responsible and sensitive young man and then reflected that for all his fooling around , it probably masked his unhappiness and disappointment <head>over</head> his ` father " .
    </context>
  </instance>


  <instance id="over.p.fn.1115206" docsrc="FN">
    <answer instance="over.p.fn.1115206" senseid="16(7)"/>
    <context>
      Her disappointment <head>over</head> Jonathan , which had driven her to France in the first place , had been relegated somewhere to the back of her mind .
    </context>
  </instance>


  <instance id="over.p.fn.1115209" docsrc="FN">
    <answer instance="over.p.fn.1115209" senseid="16(7)"/>
    <context>
      Furthermore , whatever Kennedy 's disappointment <head>over</head> the lukewarm support from London , he was soon turning to Macmillan for advice and help on other questions .
    </context>
  </instance>


  <instance id="over.p.fn.1117119" docsrc="FN">
    <answer instance="over.p.fn.1117119" senseid="16(7)"/>
    <context>
      Once in her room she took a seat by the windows and , pushing her distress <head>over</head> Paul to the back of her mind , tore open the packet he 'd given her .
    </context>
  </instance>


  <instance id="over.p.fn.1117120" docsrc="FN">
    <answer instance="over.p.fn.1117120" senseid="16(7)"/>
    <context>
      His grandmother telephoned the local radio station after hearing callers express their distress <head>over</head> the murder .
    </context>
  </instance>


  <instance id="over.p.fn.1117458" docsrc="FN">
    <answer instance="over.p.fn.1117458" senseid="16(7)"/>
    <context>
      Elizabeth 's face lit up , as she told him of Martha 's excitement <head>over</head> the clothes sent by Tamar .
    </context>
  </instance>


  <instance id="over.p.fn.1117463" docsrc="FN">
    <answer instance="over.p.fn.1117463" senseid="16(7)"/>
    <context>
      For Andrew , the trip up to London to the awards ceremony attended by the Princess of Wales , was almost overshadowed by his excitement <head>over</head> his first journey on a train up to the capital .
    </context>
  </instance>


  <instance id="over.p.fn.1118012" docsrc="FN">
    <answer instance="over.p.fn.1118012" senseid="16(7)"/>
    <context>
      Rather than match China 's firmness , it can be confidently predicted , the Hong Kong authorities will follow past form , cease muttering about their shock and horror <head>over</head> Tiananmen , and return to bland assurances that the negotiations with Peking about a post-1997 ` Basic Law " for Hong Kong are going well .
    </context>
  </instance>


  <instance id="over.p.fn.1173530" docsrc="FN">
    <answer instance="over.p.fn.1173530" senseid="15(6)-1"/>
    <context>
      They broke a chair <head>over</head> me .
    </context>
  </instance>


  <instance id="over.p.fn.1009139" docsrc="FN">
    <answer instance="over.p.fn.1009139" senseid="16(7)"/>
    <context>
      In their communique , the finance ministers could usefully point out that the current despair <head>over</head> eastern Germany is overdone .
    </context>
  </instance>


  <instance id="over.p.fn.1009140" docsrc="FN">
    <answer instance="over.p.fn.1009140" senseid="16(7)"/>
    <context>
      It does at times reveal a certain despair <head>over</head> her present situation -- a fact that is rather concerning .
    </context>
  </instance>


  <instance id="over.p.fn.1020215" docsrc="FN">
    <answer instance="over.p.fn.1020215" senseid="16(7)"/>
    <context>
      Indignant <head>over</head> suggestions that the Prime Minister has replaced his Jaguar with a Rover , Nigel Lawson can at least draw comfort from the fact that he is a wanted man in the City .
    </context>
  </instance>


  <instance id="over.p.fn.364035" docsrc="FN">
    <answer instance="over.p.fn.364035" senseid="16(7)"/>
    <context>
      Behind him on the back seats of the bus four teenagers argued loudly <head>over</head> the cost of the litre of cider and half bottle of vodka they passed between them .
    </context>
  </instance>


  <instance id="over.p.fn.364037" docsrc="FN">
    <answer instance="over.p.fn.364037" senseid="16(7)"/>
    <context>
      International : Deputies argue <head>over</head> Russia 's new name
    </context>
  </instance>


  <instance id="over.p.fn.663568" docsrc="FN">
    <answer instance="over.p.fn.663568" senseid="16(7)"/>
    <context>
      An argument <head>over</head> a lost ball ended in a clear breach of etiquette -- a club across the back .
    </context>
  </instance>


  <instance id="over.p.fn.1088769" docsrc="FN">
    <answer instance="over.p.fn.1088769" senseid="16(7)"/>
    <context>
      ` A slight disagreement <head>over</head> club rules , " said Samuel airily .
    </context>
  </instance>


  <instance id="over.p.fn.367419" docsrc="FN">
    <answer instance="over.p.fn.367419" senseid="16(7)"/>
    <context>
      At the moment , the divorce is given and then , often , the real bitterness starts as husband and wife fight <head>over</head> cash and kids .
    </context>
  </instance>


  <instance id="over.p.fn.367424" docsrc="FN">
    <answer instance="over.p.fn.367424" senseid="16(7)"/>
    <context>
      ` We fought <head>over</head> him , Nuadu Airgetlam , " said the Robemaker , and there was a slick lascivious tone to his voice now .
    </context>
  </instance>


  <instance id="over.p.fn.367426" docsrc="FN">
    <answer instance="over.p.fn.367426" senseid="16(7)"/>
    <context>
      Congressmen , relieved that they no longer have to shed their reputations in fighting <head>over</head> Nicaragua , are quite keen to find the $300m that is seen as an inaugural present for Mrs Violeta Chamorro on April 25th .
    </context>
  </instance>


  <instance id="over.p.fn.368859" docsrc="FN">
    <answer instance="over.p.fn.368859" senseid="16(7)"/>
    <context>
      Despite last month 's bruising row <head>over</head> the fate of the German-Polish border , further Kohl victories would also be better for Germany 's neighbours than Kohl defeats .
    </context>
  </instance>


  <instance id="over.p.fn.368862" docsrc="FN">
    <answer instance="over.p.fn.368862" senseid="16(7)"/>
    <context>
      Mrs Thatcher found Mr Kohl unreliable in last year 's row <head>over</head> new short-range nuclear weapons for NATO .
    </context>
  </instance>


  <instance id="over.p.fn.368992" docsrc="FN">
    <answer instance="over.p.fn.368992" senseid="16(7)"/>
    <context>
      In the ferocious row <head>over</head> what takes priority , there are fears that Mr Major will be forced into another humiliating U-turn by increasing spending to more than $244.5 billion .
    </context>
  </instance>


  <instance id="over.p.fn.1147916" docsrc="FN">
    <answer instance="over.p.fn.1147916" senseid="2(1a)"/>
    <context>
      I walked back , bent <head>over</head> him , and kissed his cheek .
    </context>
  </instance>


  <instance id="over.p.fn.1147917" docsrc="FN">
    <answer instance="over.p.fn.1147917" senseid="2(1a)"/>
    <context>
      As we bent <head>over</head> him , he opened his eyes and groaned .
    </context>
  </instance>


  <instance id="over.p.fn.1150703" docsrc="FN">
    <answer instance="over.p.fn.1150703" senseid="2(1a)"/>
    <context>
      He stooped <head>over</head> it , peering down .
    </context>
  </instance>


  <instance id="over.p.fn.1149353" docsrc="FN">
    <answer instance="over.p.fn.1149353" senseid="4(2)"/>
    <context>
      He leaned <head>over</head> Emily 's shoulder to see what she was reading and turned back to his own copy of the paper .
    </context>
  </instance>


  <instance id="over.p.fn.1149359" docsrc="FN">
    <answer instance="over.p.fn.1149359" senseid="2(1a)"/>
    <context>
      Miss Pugh leaned <head>over</head> him .
    </context>
  </instance>


  <instance id="over.p.fn.1148369" docsrc="FN">
    <answer instance="over.p.fn.1148369" senseid="2(1a)"/>
    <context>
      Instead , she crouched <head>over</head> the radio , listening , like all the others , as the news bulletin began .
    </context>
  </instance>


  <instance id="over.p.fn.710295" docsrc="FN">
    <answer instance="over.p.fn.710295" senseid="6(2b)"/>
    <context>
      But Leicester 's win <head>over</head> Sunderland did them no favours , nor did sharing the points after Allen put Millwall ahead after 11 minutes .
    </context>
  </instance>


  <instance id="over.p.fn.710296" docsrc="FN">
    <answer instance="over.p.fn.710296" senseid="6(2b)"/>
    <context>
      Oldham 's 5-1 win <head>over</head> Luton was their best of the season although David Pleat refused to concede his team were relegation certainties .
    </context>
  </instance>


  <instance id="over.p.fn.710299" docsrc="FN">
    <answer instance="over.p.fn.710299" senseid="6(2b)"/>
    <context>
      It was England 's first win <head>over</head> the Russians .
    </context>
  </instance>


  <instance id="over.p.fn.710308" docsrc="FN">
    <answer instance="over.p.fn.710308" senseid="6(2b)"/>
    <context>
      ANNADALE brought the smile back to coach Smyth Patterson 's face after opening their Kirk Cup campaign with a comprehensive 3-1 win <head>over</head> Mossley at Olympia .
    </context>
  </instance>


  <instance id="over.p.fn.709268" docsrc="FN">
    <answer instance="over.p.fn.709268" senseid="6(2b)"/>
    <context>
      ECC C were comfortable 7-3 winners <head>over</head> the struggling Baddow Village A side in Division Two .
    </context>
  </instance>


  <instance id="over.p.fn.709277" docsrc="FN">
    <answer instance="over.p.fn.709277" senseid="6(2b)"/>
    <context>
      Summerbee struck right on the stroke of half-time to set up a clash with France impressive 3-0 winners <head>over</head> Portugal in the final tomorrow .
    </context>
  </instance>


  <instance id="over.p.fn.709761" docsrc="FN">
    <answer instance="over.p.fn.709761" senseid="6(2b)"/>
    <context>
      ENGLAND earned a seeding position in the quarter-finals of the World Team Championships here with a 3-0 victory <head>over</head> Egypt yesterday .
    </context>
  </instance>


  <instance id="over.p.fn.709763" docsrc="FN">
    <answer instance="over.p.fn.709763" senseid="6(2b)"/>
    <context>
      Asimov took the idea from the tales of the feuding Greeks ' victories <head>over</head> the united Persians who so vastly outnumbered them .
    </context>
  </instance>


  <instance id="over.p.fn.709765" docsrc="FN">
    <answer instance="over.p.fn.709765" senseid="6(2b)"/>
    <context>
      England started in the team tournament with a 4-2 victory <head>over</head> Austria to open up a chance for bronze or silver medal .
    </context>
  </instance>


  <instance id="over.p.fn.709786" docsrc="FN">
    <answer instance="over.p.fn.709786" senseid="6(2b)"/>
    <context>
      Gloucester are on the winning trail after their 10-3 victory <head>over</head> Rosslyn Park last week .
    </context>
  </instance>


  <instance id="over.p.fn.710672" docsrc="FN">
    <answer instance="over.p.fn.710672" senseid="6(2b)"/>
    <context>
      Furniture , carpets and musical instruments made an appearance in the triumphal parade of Gnaeus Manlius Vulso ( consul in 189 BC ) , victor <head>over</head> the Gauls in Asia .
    </context>
  </instance>


  <instance id="over.p.fn.710673" docsrc="FN">
    <answer instance="over.p.fn.710673" senseid="6(2b)"/>
    <context>
      Australia 's hand would be the first to shoot up with New Zealand not far behind , both of them , of course , recent victors <head>over</head> England .
    </context>
  </instance>


  <instance id="over.p.fn.710676" docsrc="FN">
    <answer instance="over.p.fn.710676" senseid="6(2b)"/>
    <context>
      He is the victor <head>over</head> Satan , and he tells a gem of a story to drive the point home .
    </context>
  </instance>


  <instance id="over.p.fn.249251" docsrc="FN">
    <answer instance="over.p.fn.249251" senseid="2(1a)"/>
    <context>
      Fat Trask choked with laughter , spattering half-chewed pasta <head>over</head> another man who slapped him upside the head .
    </context>
  </instance>


  <instance id="over.p.fn.248789" docsrc="FN">
    <answer instance="over.p.fn.248789" senseid="2(1a)"/>
    <context>
      ` Bastard ! " cried Bernard , belabouring Jed with his fists , splattering cheap red wine <head>over</head> books and walls .
    </context>
  </instance>


  <instance id="over.p.fn.265664" docsrc="FN">
    <answer instance="over.p.fn.265664" senseid="2(1a)"/>
    <context>
      Cupping his hands in the large jug , he splashed cold water <head>over</head> his face and chest , rubbing it up and down his arms before towelling himself down .
    </context>
  </instance>


  <instance id="over.p.fn.265668" docsrc="FN">
    <answer instance="over.p.fn.265668" senseid="2(1a)"/>
    <context>
      I splashed water <head>over</head> my face , slicked unruly grey hair into a more reasonable disorder , and headed down to the lobby again .
    </context>
  </instance>


  <instance id="over.p.fn.265870" docsrc="FN">
    <answer instance="over.p.fn.265870" senseid="2(1a)"/>
    <context>
      He shook his head , spraying drops <head>over</head> the room , over his clothes discarded on the floor .
    </context>
  </instance>


  <instance id="over.p.fn.257204" docsrc="FN">
    <answer instance="over.p.fn.257204" senseid="2(1a)"/>
    <context>
      Sprinkle the cheese <head>over</head> the beans .
    </context>
  </instance>


  <instance id="over.p.fn.257210" docsrc="FN">
    <answer instance="over.p.fn.257210" senseid="2(1a)"/>
    <context>
      He sprinkled water <head>over</head> the towel and then went into a paroxysm of agony , nursing the injured arm against his chest and holding out his other hand for money .
    </context>
  </instance>


  <instance id="over.p.fn.257300" docsrc="FN">
    <answer instance="over.p.fn.257300" senseid="2(1a)"/>
    <context>
      Chop the hazelnuts and sprinkle evenly <head>over</head> the top .
    </context>
  </instance>


</lexelt>
