<lexelt item="round">

  <instance id="round.p.fn.340800" docsrc="FN">
    <answer instance="round.p.fn.340800" senseid="4(2a)"/>
    <context>
      Karen threw her arms <head>round</head> my neck , spilling champagne everywhere . 
    </context>
  </instance>


  <instance id="round.p.fn.340801" docsrc="FN">
    <answer instance="round.p.fn.340801" senseid="4(2a)"/>
    <context>
      He ran up to her , throwing his arms <head>round</head> her , but saying nothing . 
    </context>
  </instance>


  <instance id="round.p.fn.340912" docsrc="FN">
    <answer instance="round.p.fn.340912" senseid="4(2a)"/>
    <context>
      The nurse came to the bed to fix it and as she bent her head down the woman threw her left hand <head>round</head> the warm brown neck and pulled it to her . 
    </context>
  </instance>


  <instance id="round.p.fn.606294" docsrc="FN">
    <answer instance="round.p.fn.606294" senseid="8(4)"/>
    <context>
      Mrs Chalk was clattering <head>round</head> in the kitchen , and a savoury aroma was wafting from that region . 
    </context>
  </instance>


  <instance id="round.p.fn.607379" docsrc="FN">
    <answer instance="round.p.fn.607379" senseid="6(3a)"/>
    <context>
      The wind that blew tin cans along the streets of the dormitory suburb where I was growing up was the same wind that howled <head>round</head> peak and scar and wrested piccolo tunes from the reed patches below the drystone walls . 
    </context>
  </instance>


  <instance id="round.p.fn.624142" docsrc="FN">
    <answer instance="round.p.fn.624142" senseid="2(1a)"/>
    <context>
      And , after all those earlier occasions when he had carefully skirted <head>round</head> the subject of Elise , was this , at long last , a confession of his involvement ? 
    </context>
  </instance>


  <instance id="round.p.fn.624814" docsrc="FN">
    <answer instance="round.p.fn.624814" senseid="6(3a)"/>
    <context>
      Troop Sergeant Haines brought up the rear as the raiders moved towards the Old Entrance lock bridge ( 'G' ) but had first to swing north <head>round</head> the buildings on the east of the basin . 
    </context>
  </instance>


  <instance id="round.p.fn.625073" docsrc="FN">
    <answer instance="round.p.fn.625073" senseid="5(3)"/>
    <context>
      The precession of the satellite 's orbit -- the way it swings slowly <head>round</head> the Earth -- will mean that successive 30o-segments will overlap by 15o , so assisting the procedure of confirming sources . 
    </context>
  </instance>


  <instance id="round.p.fn.625074" docsrc="FN">
    <answer instance="round.p.fn.625074" senseid="5(3)"/>
    <context>
      As the bus swung slowly <head>round</head> Loxford green , Anna saw that two immense removal vans were parked in the drive of Loxford Old Rectory . 
    </context>
  </instance>


  <instance id="round.p.fn.625075" docsrc="FN">
    <answer instance="round.p.fn.625075" senseid="5(3)"/>
    <context>
      Ships are advised to give the islands a wide berth , as the seabed is constantly shifting and massive magnetic anomalies cause compasses to swing wildly <head>round</head> the rose . 
    </context>
  </instance>


  <instance id="round.p.fn.625280" docsrc="FN">
    <answer instance="round.p.fn.625280" senseid="5(3)"/>
    <context>
      Inside the shrine the bells start ringing , rhythmically clanging as they swing up and down , <head>round</head> in an arc as the cord is pulled and released . 
    </context>
  </instance>


  <instance id="round.p.fn.625326" docsrc="FN">
    <answer instance="round.p.fn.625326" senseid="6(3a)"/>
    <context>
      The car swung <head>round</head> a corner into the dusty main road . 
    </context>
  </instance>


  <instance id="round.p.fn.625634" docsrc="FN">
    <answer instance="round.p.fn.625634" senseid="6(3a)"/>
    <context>
      The path traverses <head>round</head> this peak and leads down to the Old Church of Martindale ( 2.5 miles ) . 
    </context>
  </instance>


  <instance id="round.p.fn.626200" docsrc="FN">
    <answer instance="round.p.fn.626200" senseid="6(3a)"/>
    <context>
      ` OK , Patsy , " he mumbled as his young brother weaved <head>round</head> him . 
    </context>
  </instance>


  <instance id="round.p.fn.626515" docsrc="FN">
    <answer instance="round.p.fn.626515" senseid="5(3)"/>
    <context>
      Narrow paved streets that are little more than alleys wind informally <head>round</head> a low ridge once densely packed with houses . 
    </context>
  </instance>


  <instance id="round.p.fn.626701" docsrc="FN">
    <answer instance="round.p.fn.626701" senseid="5(3)"/>
    <context>
      Burnt brick paving wound <head>round</head> islands of rock gardens , fountains and mature trees , baubled with multicoloured hanging baskets peeking through their pea-green wisteria like leaves . 
    </context>
  </instance>


  <instance id="round.p.fn.628355" docsrc="FN">
    <answer instance="round.p.fn.628355" senseid="1(1)"/>
    <context>
      <head>Round</head> about Grace herself the great river deposited little but mounds of plastic containers . 
    </context>
  </instance>


  <instance id="round.p.fn.628622" docsrc="FN">
    <answer instance="round.p.fn.628622" senseid="3(2)"/>
    <context>
      A counsellor commented : ` They always assumed I 'd do disability counselling ; they were hanging a label <head>round</head> my neck . " 
    </context>
  </instance>


  <instance id="round.p.fn.628623" docsrc="FN">
    <answer instance="round.p.fn.628623" senseid="3(2)"/>
    <context>
      It is very easy to put the apostles on a sort of Olympic rostrum , and think that God will hang a gold medal <head>round</head> Paul 's neck , while we get some kind of lesser award . 
    </context>
  </instance>


  <instance id="round.p.fn.632820" docsrc="FN">
    <answer instance="round.p.fn.632820" senseid="3(2)"/>
    <context>
      I 've planted a selection <head>round</head> one the little paved areas . 
    </context>
  </instance>


  <instance id="round.p.fn.386721" docsrc="FN">
    <answer instance="round.p.fn.386721" senseid="3(2)"/>
    <context>
      Shelley 's hands were clutched tightly <head>round</head> the mug of coffee , and Rosie wisely let her talk it out of her system . 
    </context>
  </instance>


  <instance id="round.p.fn.635799" docsrc="FN">
    <answer instance="round.p.fn.635799" senseid="3(2)"/>
    <context>
      She tucked a towel <head>round</head> his neck , not quite managing to meet his knowing look . 
    </context>
  </instance>


  <instance id="round.p.fn.636269" docsrc="FN">
    <answer instance="round.p.fn.636269" senseid="3(2)"/>
    <context>
      It also enabled him to wrap his hand <head>round</head> the glass , even if it had a handle , in a manner peculiarly his own . 
    </context>
  </instance>


  <instance id="round.p.fn.734405" docsrc="FN">
    <answer instance="round.p.fn.734405" senseid="6(3a)"/>
    <context>
      But as usual all I saw was the hairy form bounding away out of sight <head>round</head> the corner of the house . 
    </context>
  </instance>


  <instance id="round.p.fn.734441" docsrc="FN">
    <answer instance="round.p.fn.734441" senseid="6(3a)"/>
    <context>
      A trio of enormous hounds came bounding <head>round</head> the building , causing Cleo to gasp in alarm . 
    </context>
  </instance>


  <instance id="round.p.fn.736508" docsrc="FN">
    <answer instance="round.p.fn.736508" senseid="1(1)"/>
    <context>
      ` The fire blazes up and men and boys dance merrily <head>round</head> it and keep the sport till the fire burns low enough , when they venturously leap through the flames " . 
    </context>
  </instance>


  <instance id="round.p.fn.736509" docsrc="FN">
    <answer instance="round.p.fn.736509" senseid="1(1)"/>
    <context>
      Frederick was dancing <head>round</head> Mister Johnny , twisting one side of his face in grotesque imitation and fluttering his hands . 
    </context>
  </instance>


  <instance id="round.p.fn.736659" docsrc="FN">
    <answer instance="round.p.fn.736659" senseid="1(1)"/>
    <context>
      After tea , the schoolchildren dance <head>round</head> a short maypole erected on the green for the occasion . 
    </context>
  </instance>


  <instance id="round.p.fn.736669" docsrc="FN">
    <answer instance="round.p.fn.736669" senseid="1(1)"/>
    <context>
      A few days later when Tess came back from looking for work , the children came running out and danced <head>round</head> her . 
    </context>
  </instance>


  <instance id="round.p.fn.736689" docsrc="FN">
    <answer instance="round.p.fn.736689" senseid="8(4)"/>
    <context>
      He danced about <head>round</head> the man 's feet , trying to get to the steps , but always slithering out of reach when the arm came too near him . 
    </context>
  </instance>


  <instance id="round.p.fn.737762" docsrc="FN">
    <answer instance="round.p.fn.737762" senseid="8(4)"/>
    <context>
      He seemed completely in his element , though all those monks flitting <head>round</head> the place rather gave me the creeps . 
    </context>
  </instance>


  <instance id="round.p.fn.737889" docsrc="FN">
    <answer instance="round.p.fn.737889" senseid="8(4)"/>
    <context>
      Charles and I are so sorry to miss you and most grateful to you for guarding our chattels while we gallivant <head>round</head> Italy . 
    </context>
  </instance>


  <instance id="round.p.fn.738062" docsrc="FN">
    <answer instance="round.p.fn.738062" senseid="6(3a)"/>
    <context>
      Hastening <head>round</head> the keep they came up against unexpected obstruction . 
    </context>
  </instance>


  <instance id="round.p.fn.738318" docsrc="FN">
    <answer instance="round.p.fn.738318" senseid="8(4)"/>
    <context>
      An inner excitement gripped me as I saw in my mind 's eye an image of Clare trying to hobble <head>round</head> her bedroom . 
    </context>
  </instance>


  <instance id="round.p.fn.651636" docsrc="FN">
    <answer instance="round.p.fn.651636" senseid="6(3a)"/>
    <context>
      I laid the sturdy Ministry of Defence plastic mug on the sand and then hopped <head>round</head> to the front of my tent to bring out my dirty washing . 
    </context>
  </instance>


  <instance id="round.p.fn.738948" docsrc="FN">
    <answer instance="round.p.fn.738948" senseid="6(3a)"/>
    <context>
      She now hurried <head>round</head> the corner and into the yard and there she knocked on the back staircase door . 
    </context>
  </instance>


  <instance id="round.p.fn.738951" docsrc="FN">
    <answer instance="round.p.fn.738951" senseid="5(3)"/>
    <context>
      Lord John was hurrying <head>round</head> the edge of the room , making for a back entrance , but Sharpe simply took the direct route which meant jumping from table to table straight across the room . 
    </context>
  </instance>


  <instance id="round.p.fn.748193" docsrc="FN">
    <answer instance="round.p.fn.748193" senseid="8(4)"/>
    <context>
      ` He stayed in his room when his wife went off for a jaunt <head>round</head> Oxford , remember ? 
    </context>
  </instance>


  <instance id="round.p.fn.748221" docsrc="FN">
    <answer instance="round.p.fn.748221" senseid="8(4)"/>
    <context>
      Our impression over a two week jaunt <head>round</head> the Republic was of a country shedding the shackles of its tortured past without sacrificing its most endearing features . 
    </context>
  </instance>


  <instance id="round.p.fn.748286" docsrc="FN">
    <answer instance="round.p.fn.748286" senseid="6(3a)"/>
    <context>
      They jogged <head>round</head> a corner , and found themselves in what passed for the town square of Dead Rat , Arizona . 
    </context>
  </instance>


  <instance id="round.p.fn.748287" docsrc="FN">
    <answer instance="round.p.fn.748287" senseid="5(3)"/>
    <context>
      Ace kept moving , jogging <head>round</head> the inside of the base 's perimeter wall , programming one mine after another as she ran . 
    </context>
  </instance>


  <instance id="round.p.fn.750296" docsrc="FN">
    <answer instance="round.p.fn.750296" senseid="8(4)"/>
    <context>
      Down below , through thick double-glazing , red buses lumbered in uncanny silence <head>round</head> Darnley town centre . 
    </context>
  </instance>


  <instance id="round.p.fn.751122" docsrc="FN">
    <answer instance="round.p.fn.751122" senseid="8(4)"/>
    <context>
      Although Jacques rarely addressed anyone as he marched <head>round</head> the acre of kitchen except to grunt his approval or disapproval -- the latter more commonly -- Mark quickly learned to anticipate his needs . 
    </context>
  </instance>


  <instance id="round.p.fn.751750" docsrc="FN">
    <answer instance="round.p.fn.751750" senseid="8(4)"/>
    <context>
      Now , he stood up and began to pace purposefully <head>round</head> the room , making Ari 's head whirl as she tried to follow him with her eyes . 
    </context>
  </instance>


  <instance id="round.p.fn.751984" docsrc="FN">
    <answer instance="round.p.fn.751984" senseid="5(3)"/>
    <context>
      He paced <head>round</head> the bed . 
    </context>
  </instance>


  <instance id="round.p.fn.752582" docsrc="FN">
    <answer instance="round.p.fn.752582" senseid="6(3a)"/>
    <context>
      He could hear the muffled sound of the train as it plodded <head>round</head> the curves . 
    </context>
  </instance>


  <instance id="round.p.fn.752584" docsrc="FN">
    <answer instance="round.p.fn.752584" senseid="8(4)"/>
    <context>
      He was wearing the unobtrusive shabby clothes with soft shoes that would allow him to plod <head>round</head> the streets without being noticed . 
    </context>
  </instance>


  <instance id="round.p.fn.752585" docsrc="FN">
    <answer instance="round.p.fn.752585" senseid="5(3)"/>
    <context>
      Then they plodded <head>round</head> a circular mill , crushing the cider apples . 
    </context>
  </instance>


  <instance id="round.p.fn.752625" docsrc="FN">
    <answer instance="round.p.fn.752625" senseid="8(4)"/>
    <context>
      There were better things in life , for a young man like him , than plodding <head>round</head> London after a pick-pocket . 
    </context>
  </instance>


  <instance id="round.p.fn.752802" docsrc="FN">
    <answer instance="round.p.fn.752802" senseid="8(4)"/>
    <context>
      Occasionally he came in on her while she was engaged in odd projects -- dressing up and prancing <head>round</head> their small bedroom , or reciting . 
    </context>
  </instance>


  <instance id="round.p.fn.752804" docsrc="FN">
    <answer instance="round.p.fn.752804" senseid="8(4)"/>
    <context>
      Well , it had n't changed much , except that it was bigger and a lot of schoolboys were apparently prancing <head>round</head> the sacred portals of Pierremont House . 
    </context>
  </instance>


  <instance id="round.p.fn.752967" docsrc="FN">
    <answer instance="round.p.fn.752967" senseid="8(4)"/>
    <context>
      Nathan was becoming very wary of all the secrets prowling <head>round</head> the complex at Acropolis Park . 
    </context>
  </instance>


  <instance id="round.p.fn.753221" docsrc="FN">
    <answer instance="round.p.fn.753221" senseid="1(1)"/>
    <context>
      Graham Hunsley , defending , told the court Melia had been roaming <head>round</head> the country for about a month and stole the jeans after becoming concerned about his scruffy appearance . 
    </context>
  </instance>


  <instance id="round.p.fn.754145" docsrc="FN">
    <answer instance="round.p.fn.754145" senseid="5(3)"/>
    <context>
      Children and colts , two of a kind , rushed <head>round</head> and round the field in exhilaration . 
    </context>
  </instance>


  <instance id="round.p.fn.754147" docsrc="FN">
    <answer instance="round.p.fn.754147" senseid="6(3a)"/>
    <context>
      The barman rushed <head>round</head> the counter and grabbed my arm urgently , muttering : ` This way , Sir , this way please . 
    </context>
  </instance>


  <instance id="round.p.fn.754499" docsrc="FN">
    <answer instance="round.p.fn.754499" senseid="8(4)"/>
    <context>
      PC Sparkes lodged his bike against Carter 's fence , knocked on the door and , getting no reply , he sauntered <head>round</head> the premises peering through each window -- nothing seemed out of place or obviously suspicious . 
    </context>
  </instance>


  <instance id="round.p.fn.754627" docsrc="FN">
    <answer instance="round.p.fn.754627" senseid="8(4)"/>
    <context>
      Four photographers scampered <head>round</head> the podium , halting to squint through their viewfinders and freeze the scene with their flashlights . 
    </context>
  </instance>


  <instance id="round.p.fn.754753" docsrc="FN">
    <answer instance="round.p.fn.754753" senseid="6(3a)"/>
    <context>
      A gentle breeze helped nudge us up the first incline -- then the next , and the next , before we reached a tricky scramble <head>round</head> a rocky peak . 
    </context>
  </instance>


  <instance id="round.p.fn.754963" docsrc="FN">
    <answer instance="round.p.fn.754963" senseid="5(3)"/>
    <context>
      Watching her parents scramble <head>round</head> the slippery rocks , she savoured the thought . 
    </context>
  </instance>


  <instance id="round.p.fn.755529" docsrc="FN">
    <answer instance="round.p.fn.755529" senseid="8(4)"/>
    <context>
      He scurries <head>round</head> the numerous vantage points , peering down into the camera . 
    </context>
  </instance>


  <instance id="round.p.fn.756293" docsrc="FN">
    <answer instance="round.p.fn.756293" senseid="6(3a)"/>
    <context>
      But a lull in Burnley 's flurries saw Tony Daws leap on to a bad back-pass , skip <head>round</head> a defender and the converging goalkeeper and equalise just after the hour . 
    </context>
  </instance>


  <instance id="round.p.fn.756362" docsrc="FN">
    <answer instance="round.p.fn.756362" senseid="5(3)"/>
    <context>
      She skipped in circles <head>round</head> the silent chamber , her great head bobbing like a bird 's . 
    </context>
  </instance>


  <instance id="round.p.fn.756817" docsrc="FN">
    <answer instance="round.p.fn.756817" senseid="5(3)"/>
    <context>
      He is a great example to anyone who has a setback and it is marvellous to hear how he has put adversity behind him as he sets out on the long slog <head>round</head> the tough pro circuit once again . 
    </context>
  </instance>


  <instance id="round.p.fn.757139" docsrc="FN">
    <answer instance="round.p.fn.757139" senseid="8(4)"/>
    <context>
      If you 're going to sneak <head>round</head> the place whenever it suits you , I 'd rather be back in the hotel . 
    </context>
  </instance>


  <instance id="round.p.fn.757141" docsrc="FN">
    <answer instance="round.p.fn.757141" senseid="6(3a)"/>
    <context>
      I sneaked <head>round</head> the front , thankful for the thick hedge . 
    </context>
  </instance>


  <instance id="round.p.fn.757828" docsrc="FN">
    <answer instance="round.p.fn.757828" senseid="5(3)"/>
    <context>
      The emphasis is on the word ` gentle " , and that 's a good idea first thing in the morning , because the body does not like being rudely awakened from a deep sleep by 50 press-ups and a sprint <head>round</head> the block . 
    </context>
  </instance>


  <instance id="round.p.fn.759561" docsrc="FN">
    <answer instance="round.p.fn.759561" senseid="8(4)"/>
    <context>
      When the 1992 intake of new MPs took their first tentative steps <head>round</head> Westminster on Monday morning , the place was in turmoil . 
    </context>
  </instance>


  <instance id="round.p.fn.759562" docsrc="FN">
    <answer instance="round.p.fn.759562" senseid="8(4)"/>
    <context>
      Then he opened his eyes , spoke a few words and eventually tried a few tentative steps <head>round</head> his hospital room . 
    </context>
  </instance>


  <instance id="round.p.fn.760114" docsrc="FN">
    <answer instance="round.p.fn.760114" senseid="6(3a)"/>
    <context>
      I stepped <head>round</head> him and went back to the house . 
    </context>
  </instance>


  <instance id="round.p.fn.760518" docsrc="FN">
    <answer instance="round.p.fn.760518" senseid="6(3a)"/>
    <context>
      She walked slowly up the street on the shaded side , stepping carefully <head>round</head> the stalls set up on the pavement and the goods displayed by some vendors which were spread out on cloths on the pavement itself . 
    </context>
  </instance>


  <instance id="round.p.fn.760646" docsrc="FN">
    <answer instance="round.p.fn.760646" senseid="8(4)"/>
    <context>
      ` Ah Christ , " he says , leaving her and stomping <head>round</head> the room . 
    </context>
  </instance>


  <instance id="round.p.fn.761034" docsrc="FN">
    <answer instance="round.p.fn.761034" senseid="6(3a)"/>
    <context>
      She thrust back the chair and strode <head>round</head> the desk , her two hands locked together and her whole figure trembling with rage . 
    </context>
  </instance>


  <instance id="round.p.fn.761035" docsrc="FN">
    <answer instance="round.p.fn.761035" senseid="6(3a)"/>
    <context>
      He strode <head>round</head> the corner into Claughton Street , almost colliding with a gang of children who had collected round Pol O'Gorman 's cart . 
    </context>
  </instance>


  <instance id="round.p.fn.761400" docsrc="FN">
    <answer instance="round.p.fn.761400" senseid="8(4)"/>
    <context>
      He walked between the pines and the cactus as if he were out for a stroll <head>round</head> his estate after dinner . 
    </context>
  </instance>


  <instance id="round.p.fn.761401" docsrc="FN">
    <answer instance="round.p.fn.761401" senseid="8(4)"/>
    <context>
      ` It 's about time I took a stroll <head>round</head> the club . 
    </context>
  </instance>


  <instance id="round.p.fn.761731" docsrc="FN">
    <answer instance="round.p.fn.761731" senseid="8(4)"/>
    <context>
      Eventually we decided that , as it was such a lovely evening , we 'd stroll <head>round</head> the village . 
    </context>
  </instance>


  <instance id="round.p.fn.762567" docsrc="FN">
    <answer instance="round.p.fn.762567" senseid="8(4)"/>
    <context>
      Instead he took a curtain call , and at the last minute before he was to slide behind the curtains behind the bar , he reached for the flowers thrown to him earlier and broke off some of the roses , swaggering <head>round</head> the circle of admirers handing out the roses to the women . 
    </context>
  </instance>


  <instance id="round.p.fn.762662" docsrc="FN">
    <answer instance="round.p.fn.762662" senseid="8(4)"/>
    <context>
      The result was that the Seayak went for an unscheduled underwater swim <head>round</head> campsite bay . 
    </context>
  </instance>


  <instance id="round.p.fn.762939" docsrc="FN">
    <answer instance="round.p.fn.762939" senseid="6(3a)"/>
    <context>
      So I walked down to the sea and before long , I was at the ship and was swimming <head>round</head> it . 
    </context>
  </instance>


  <instance id="round.p.fn.763188" docsrc="FN">
    <answer instance="round.p.fn.763188" senseid="6(3a)"/>
    <context>
      They swam slowly together <head>round</head> the boat . 
    </context>
  </instance>


  <instance id="round.p.fn.763321" docsrc="FN">
    <answer instance="round.p.fn.763321" senseid="6(3a)"/>
    <context>
      I heard the clink of coins , smiled and tiptoed <head>round</head> the bed . 
    </context>
  </instance>


  <instance id="round.p.fn.763379" docsrc="FN">
    <answer instance="round.p.fn.763379" senseid="8(4)"/>
    <context>
      We were like western liberals tiptoeing <head>round</head> Stalin 's Russia , anxious to find it good , afraid to find fault . 
    </context>
  </instance>


  <instance id="round.p.fn.763509" docsrc="FN">
    <answer instance="round.p.fn.763509" senseid="8(4)"/>
    <context>
      Nicola tottered <head>round</head> the table on her high heels and slid her buttocks on to the table . 
    </context>
  </instance>


  <instance id="round.p.fn.763572" docsrc="FN">
    <answer instance="round.p.fn.763572" senseid="8(4)"/>
    <context>
      At dusk , it has not been unknown for us to traipse <head>round</head> the dykeside field boundaries collecting slugs , a pretty grisly business . 
    </context>
  </instance>


  <instance id="round.p.fn.763626" docsrc="FN">
    <answer instance="round.p.fn.763626" senseid="8(4)"/>
    <context>
      Colour Counsellors is an interior design company whose franchises help you put together fabrics , carpets and wallpapers without tramping <head>round</head> the shops for samples . 
    </context>
  </instance>


  <instance id="round.p.fn.763629" docsrc="FN">
    <answer instance="round.p.fn.763629" senseid="8(4)"/>
    <context>
      She sat like that for what seemed like ages while I tramped <head>round</head> the room , nervous and on edge and blabbering with the excitement . 
    </context>
  </instance>


  <instance id="round.p.fn.764457" docsrc="FN">
    <answer instance="round.p.fn.764457" senseid="6(3a)"/>
    <context>
      She rose , tripping <head>round</head> the table as if Benjamin had asked her for a dance . 
    </context>
  </instance>


  <instance id="round.p.fn.764869" docsrc="FN">
    <answer instance="round.p.fn.764869" senseid="6(3a)"/>
    <context>
      Half of them were old , bald men who nearly lost their elastic-waisted pants as they trotted <head>round</head> corners , puffing and blowing . 
    </context>
  </instance>


  <instance id="round.p.fn.782143" docsrc="FN">
    <answer instance="round.p.fn.782143" senseid="8(4)"/>
    <context>
      I put my pyjamas on underneath my clothes and thus protected went for a walk <head>round</head> Pau . 
    </context>
  </instance>


  <instance id="round.p.fn.782660" docsrc="FN">
    <answer instance="round.p.fn.782660" senseid="8(4)"/>
    <context>
      Trace the eras of fortification as you wander <head>round</head> the Roman ruins and enter the courtyard and rooms of the castle through the gatehouse . 
    </context>
  </instance>


  <instance id="round.p.fn.640228" docsrc="FN">
    <answer instance="round.p.fn.640228" senseid="8(4)"/>
    <context>
      ` Well , I bicycled <head>round</head> Siena with a gun in the basket on my handlebars , underneath my exercise books and Petrarch 's sonnets . 
    </context>
  </instance>


  <instance id="round.p.fn.641182" docsrc="FN">
    <answer instance="round.p.fn.641182" senseid="8(4)"/>
    <context>
      He was a familiar face in the City as he cycled <head>round</head> each evening with his pole , lighting the gas lamps in the streets . 
    </context>
  </instance>


  <instance id="round.p.fn.644936" docsrc="FN">
    <answer instance="round.p.fn.644936" senseid="6(3a)"/>
    <context>
      The number of top lady paddlers in sprint , shalom and coaching is legion and it would be invidious of me to select names although one has honoured canoeing by being awarded an MBE a few years ago and more recently one has completed almost the ultimate in canoe expeditions by paddling <head>round</head> the Horn . 
    </context>
  </instance>


  <instance id="round.p.fn.646433" docsrc="FN">
    <answer instance="round.p.fn.646433" senseid="6(3a)"/>
    <context>
      As the Vikings rowed their warships <head>round</head> the north of Scotland , past Cape Wrath , their ` turning point " , down the ragged west coast of their ` South Land " , they saw Suilven as a single , dramatic pillar ; and they named it Sul Val , the pillar mountain . 
    </context>
  </instance>


  <instance id="round.p.fn.398886" docsrc="FN">
    <answer instance="round.p.fn.398886" senseid="8(4)"/>
    <context>
      Paul Binyon followed Culley 's gaze <head>round</head> the bleak room . 
    </context>
  </instance>


  <instance id="round.p.fn.398889" docsrc="FN">
    <answer instance="round.p.fn.398889" senseid="8(4)"/>
    <context>
      He swore softly , colourfully , his face like granite as he swept a gaze <head>round</head> the room before lifting her into his arms and carrying her from the house . 
    </context>
  </instance>


  <instance id="round.p.fn.399789" docsrc="FN">
    <answer instance="round.p.fn.399789" senseid="8(4)"/>
    <context>
      He glanced cautiously <head>round</head> the graveyard . 
    </context>
  </instance>


  <instance id="round.p.fn.399804" docsrc="FN">
    <answer instance="round.p.fn.399804" senseid="8(4)"/>
    <context>
      She glanced anxiously <head>round</head> the treatment area . 
    </context>
  </instance>


  <instance id="round.p.fn.401203" docsrc="FN">
    <answer instance="round.p.fn.401203" senseid="8(4)"/>
    <context>
      I get up and have a look <head>round</head> the room , but things are blurry on account of my tears and I ca n't find her fags . 
    </context>
  </instance>


  <instance id="round.p.fn.401206" docsrc="FN">
    <answer instance="round.p.fn.401206" senseid="8(4)"/>
    <context>
      I have a look <head>round</head> the shop while Marie gets changed . 
    </context>
  </instance>


  <instance id="round.p.fn.401233" docsrc="FN">
    <answer instance="round.p.fn.401233" senseid="8(4)"/>
    <context>
      She took a last look <head>round</head> the room which had been her world , then hurried quickly out of the house . 
    </context>
  </instance>


  <instance id="round.p.fn.401235" docsrc="FN">
    <answer instance="round.p.fn.401235" senseid="8(4)"/>
    <context>
      Suddenly he rose from his chair , gave a quick look <head>round</head> the office , then went across to the window , where he stood looking down into the courtyard . 
    </context>
  </instance>


  <instance id="round.p.fn.401241" docsrc="FN">
    <answer instance="round.p.fn.401241" senseid="8(4)"/>
    <context>
      And that would be the extent of his visit , he would have a cursory look <head>round</head> the yard and away . 
    </context>
  </instance>


  <instance id="round.p.fn.401737" docsrc="FN">
    <answer instance="round.p.fn.401737" senseid="8(4)"/>
    <context>
      Joseph looked wildly <head>round</head> the throne room , expecting to see the emperor and the Resident Superior bolting for cover . 
    </context>
  </instance>


  <instance id="round.p.fn.403119" docsrc="FN">
    <answer instance="round.p.fn.403119" senseid="6(3a)"/>
    <context>
      The front of the machine sports some graceful curves , but it 's only when you take a peek <head>round</head> the back that you get some inkling that this one is different . 
    </context>
  </instance>


  <instance id="round.p.fn.403184" docsrc="FN">
    <answer instance="round.p.fn.403184" senseid="6(3a)"/>
    <context>
      No noise came so I peeked <head>round</head> the door . 
    </context>
  </instance>


  <instance id="round.p.fn.403457" docsrc="FN">
    <answer instance="round.p.fn.403457" senseid="6(3a)"/>
    <context>
      But I knew I had to look , so slowly I peeped <head>round</head> the door . 
    </context>
  </instance>


  <instance id="round.p.fn.403593" docsrc="FN">
    <answer instance="round.p.fn.403593" senseid="6(3a)"/>
    <context>
      The door opened suddenly and Rachel 's coy face peered <head>round</head> it . 
    </context>
  </instance>


  <instance id="round.p.fn.405066" docsrc="FN">
    <answer instance="round.p.fn.405066" senseid="8(4)"/>
    <context>
      He stared slowly <head>round</head> the rest of the group . 
    </context>
  </instance>


  <instance id="round.p.fn.405497" docsrc="FN">
    <answer instance="round.p.fn.405497" senseid="1(1)"/>
    <context>
      Ronni stood and stared <head>round</head> her , eyes wide with pleasure . 
    </context>
  </instance>


  <instance id="round.p.fn.1148664" docsrc="FN">
    <answer instance="round.p.fn.1148664" senseid="3(2)"/>
    <context>
      In the evenings , after a dinner collected by the ladies from along the road , we huddled <head>round</head> the fire , playing bridge . 
    </context>
  </instance>


  <instance id="round.p.fn.1150083" docsrc="FN">
    <answer instance="round.p.fn.1150083" senseid="3(2)"/>
    <context>
      Walking up from the main road we passed the camel drivers squatting <head>round</head> their early morning fires . 
    </context>
  </instance>


  <instance id="round.p.fn.241384" docsrc="FN">
    <answer instance="round.p.fn.241384" senseid="6(3a)"/>
    <context>
      They stabled their horses <head>round</head> the back and bedded amongst dry hay with their cloaks wrapped round them . 
    </context>
  </instance>


  <instance id="round.p.fn.249103" docsrc="FN">
    <answer instance="round.p.fn.249103" senseid="3(2)"/>
    <context>
      His eyes narrowed briefly , then he draped the jacket <head>round</head> her shoulders before leading the way to the stairs . 
    </context>
  </instance>


  <instance id="round.p.fn.249106" docsrc="FN">
    <answer instance="round.p.fn.249106" senseid="3(2)"/>
    <context>
      But Caliban would drape a tarpaulin <head>round</head> it . 
    </context>
  </instance>


  <instance id="round.p.fn.249109" docsrc="FN">
    <answer instance="round.p.fn.249109" senseid="3(2)"/>
    <context>
      He draped tinsel <head>round</head> the pink lampshades on the table . 
    </context>
  </instance>


  <instance id="round.p.fn.249216" docsrc="FN">
    <answer instance="round.p.fn.249216" senseid="3(2)"/>
    <context>
      Penry returned quickly with a warm , dry towel , which he draped <head>round</head> her shoulders as he took her wrist in his . 
    </context>
  </instance>


  <instance id="round.p.fn.435350" docsrc="FN">
    <answer instance="round.p.fn.435350" senseid="1(1)"/>
    <context>
      I can see her little gold necklace twinkling like a star <head>round</head> her neck . 
    </context>
  </instance>


  <instance id="round.p.fn.501189" docsrc="FN">
    <answer instance="round.p.fn.501189" senseid="3(2)"/>
    <context>
      Sabine unfastened the chain <head>round</head> her neck , and put the medallion gently into the Baronne 's hand . 
    </context>
  </instance>


  <instance id="round.p.fn.502356" docsrc="FN">
    <answer instance="round.p.fn.502356" senseid="3(2)"/>
    <context>
      The pendant <head>round</head> my neck only complicated things . 
    </context>
  </instance>


  <instance id="round.p.fn.456372" docsrc="FN">
    <answer instance="round.p.fn.456372" senseid="3(2)"/>
    <context>
      The girl touched the leather belt <head>round</head> my waist . 
    </context>
  </instance>


  <instance id="round.p.fn.720646" docsrc="FN">
    <answer instance="round.p.fn.720646" senseid="3(2)"/>
    <context>
      Then , very slowly , Mr Evans fastened his belt <head>round</head> his trousers 
    </context>
  </instance>


  <instance id="round.p.fn.720649" docsrc="FN">
    <answer instance="round.p.fn.720649" senseid="3(2)"/>
    <context>
      He fastened his cloak <head>round</head> his shoulders . 
    </context>
  </instance>


  <instance id="round.p.fn.663245" docsrc="FN">
    <answer instance="round.p.fn.663245" senseid="1(1)"/>
    <context>
      " All this blood , " she said , in just the same voice she 'd have used if she 'd spotted chocolate <head>round</head> my mouth . 
    </context>
  </instance>


  <instance id="round.p.fn.705383" docsrc="FN">
    <answer instance="round.p.fn.705383" senseid="3(2)"/>
    <context>
      I unzipped the pouch <head>round</head> my waist and gave him the small jar of paint and the sawn-off paintbrush . 
    </context>
  </instance>


  <instance id="round.p.fn.1045297" docsrc="FN">
    <answer instance="round.p.fn.1045297" senseid="3(2)"/>
    <context>
      From his saddlebag he took a length of rope that he knotted as a leash <head>round</head> Nosey 's neck , then he drew his rifle out of the saddle holster , cocked it , and went silently forward . 
    </context>
  </instance>


  <instance id="round.p.fn.1045301" docsrc="FN">
    <answer instance="round.p.fn.1045301" senseid="3(2)"/>
    <context>
      He was wearing a blue shirt , a crimson scarf knotted <head>round</head> his neck . 
    </context>
  </instance>


  <instance id="round.p.fn.1045314" docsrc="FN">
    <answer instance="round.p.fn.1045314" senseid="3(2)"/>
    <context>
      He padded about in his freedom with a towel knotted <head>round</head> his waist and put some toast to grill . 
    </context>
  </instance>


  <instance id="round.p.fn.1045319" docsrc="FN">
    <answer instance="round.p.fn.1045319" senseid="3(2)"/>
    <context>
      I knotted a headscarf <head>round</head> my throat so savagely I nearly choked myself , and crept -- I had to creep , because of Mavis -- downstairs and out into the fog . 
    </context>
  </instance>


  <instance id="round.p.fn.1045387" docsrc="FN">
    <answer instance="round.p.fn.1045387" senseid="3(2)"/>
    <context>
      Wild-eyed Furus , bright scarves knotted <head>round</head> their brows , hurled chunks of red iron ore through the plate-glass windows of Government House . 
    </context>
  </instance>


  <instance id="round.p.fn.790187" docsrc="FN">
    <answer instance="round.p.fn.790187" senseid="3(2)"/>
    <context>
      Apparently the healer would tie a black thread <head>round</head> the horse 's ankle , and it usually worked . 
    </context>
  </instance>


  <instance id="round.p.fn.790215" docsrc="FN">
    <answer instance="round.p.fn.790215" senseid="3(2)"/>
    <context>
      Then Sapt tied the rope <head>round</head> one of the trees near the water . 
    </context>
  </instance>


  <instance id="round.p.fn.826877" docsrc="FN">
    <answer instance="round.p.fn.826877" senseid="3(2)"/>
    <context>
      Several coloured patches were sewn neatly <head>round</head> the seat of his pants . 
    </context>
  </instance>


  <instance id="round.p.fn.717908" docsrc="FN">
    <answer instance="round.p.fn.717908" senseid="3(2)"/>
    <context>
      Taking his trousers from the chair-back , he slid his legs into them and buckled the belt <head>round</head> his waist . 
    </context>
  </instance>


  <instance id="round.p.fn.829757" docsrc="FN">
    <answer instance="round.p.fn.829757" senseid="3(2)"/>
    <context>
      He fastened his cloak <head>round</head> his shoulders . 
    </context>
  </instance>


  <instance id="round.p.fn.769469" docsrc="FN">
    <answer instance="round.p.fn.769469" senseid="3(2)"/>
    <context>
      Sabine unfastened the chain <head>round</head> her neck , and put the medallion gently into the Baronne 's hand . 
    </context>
  </instance>


  <instance id="round.p.fn.787043" docsrc="FN">
    <answer instance="round.p.fn.787043" senseid="3(2)"/>
    <context>
      Raimundo 's shaggy lurchers swarmed <head>round</head> Perdita as she staggered groggily out of the car . 
    </context>
  </instance>


  <instance id="round.p.fn.800843" docsrc="FN">
    <answer instance="round.p.fn.800843" senseid="8(4)"/>
    <context>
      The cameras hunted <head>round</head> the team , trying to locate the intruder . 
    </context>
  </instance>


  <instance id="round.p.fn.860428" docsrc="FN">
    <answer instance="round.p.fn.860428" senseid="3(2)"/>
    <context>
      It is OK , though , to hitch a napkin <head>round</head> your neck , even if the last time your wore one was when your nanny tied it for you . 
    </context>
  </instance>


  <instance id="round.p.fn.720806" docsrc="FN">
    <answer instance="round.p.fn.720806" senseid="3(2)"/>
    <context>
      But as he went in , something landed on his back and he felt strong , sinewy hands fasten <head>round</head> his throat . 
    </context>
  </instance>


  <instance id="round.p.fn.912717" docsrc="FN">
    <answer instance="round.p.fn.912717" senseid="1(1)"/>
    <context>
      Blood slowly coagulated <head>round</head> the edges of the gash . 
    </context>
  </instance>


  <instance id="round.p.fn.916750" docsrc="FN">
    <answer instance="round.p.fn.916750" senseid="8(4)"/>
    <context>
      As she talked to key people and travelled <head>round</head> Britain on her preliminary fact-finding tour she discovered she had a big area of ignorance . 
    </context>
  </instance>


  <instance id="round.p.fn.1087869" docsrc="FN">
    <answer instance="round.p.fn.1087869" senseid="5(3)"/>
    <context>
      Copernicus had argued that , contrary to the views of Aristotle and Ptolemy , the Earth and all the planets actually moved in orbits <head>round</head> the Sun . 
    </context>
  </instance>


  <instance id="round.p.fn.1038480" docsrc="FN">
    <answer instance="round.p.fn.1038480" senseid="8(4)"/>
    <context>
      Also popular is the trip to Krimml and Mayrhofen , and our beautifully scenic tour <head>round</head> the Kitzbuhel Alps . 
    </context>
  </instance>


  <instance id="round.p.fn.1038490" docsrc="FN">
    <answer instance="round.p.fn.1038490" senseid="8(4)"/>
    <context>
      And had not a pupil of the Arden Convent school complained that he had pinched her bottom while conducting a group of girls on a tour <head>round</head> the Palace of Westminster ? 
    </context>
  </instance>


  <instance id="round.p.fn.929873" docsrc="FN">
    <answer instance="round.p.fn.929873" senseid="8(4)"/>
    <context>
      There are also jeep safaris <head>round</head> Fuerteventura , and more staid island tours . 
    </context>
  </instance>


  <instance id="round.p.fn.941734" docsrc="FN">
    <answer instance="round.p.fn.941734" senseid="8(4)"/>
    <context>
      The nappy changes , the meal times , the endless trips <head>round</head> supermarkets , school times , getting dressed and so on ? 
    </context>
  </instance>


  <instance id="round.p.fn.936148" docsrc="FN">
    <answer instance="round.p.fn.936148" senseid="3(2)"/>
    <context>
      He bustled about with champagne flutes and ice and showed me how to fold a napkin <head>round</head> the neck of a bottle and how to pour without drips . 
    </context>
  </instance>


  <instance id="round.p.fn.1057745" docsrc="FN">
    <answer instance="round.p.fn.1057745" senseid="1(1)"/>
    <context>
      A stocky , red-faced fellow with hairy warts <head>round</head> his mouth grinned a gap-toothed smile , pulled open a shutter and let fly with a huge arbalest . 
    </context>
  </instance>


  <instance id="round.p.fn.1074846" docsrc="FN">
    <answer instance="round.p.fn.1074846" senseid="5(3)"/>
    <context>
      Since 1989 , the A143 Rickinghall and Botesdale Bypass Action Group has lobbied the Department of Transport and county council to get work on a bypass <head>round</head> the villages under way . 
    </context>
  </instance>


  <instance id="round.p.fn.335861" docsrc="FN">
    <answer instance="round.p.fn.335861" senseid="1(1)"/>
    <context>
      He stood there , shouting along and flapping his arms <head>round</head> like an over-excited seagull . 
    </context>
  </instance>


  <instance id="round.p.fn.1179702" docsrc="FN">
    <answer instance="round.p.fn.1179702" senseid="3(2)"/>
    <context>
      The rope <head>round</head> his neck went slack . 
    </context>
  </instance>


  <instance id="round.p.fn.1179402" docsrc="FN">
    <answer instance="round.p.fn.1179402" senseid="3(2)"/>
    <context>
      It yelped and struggled , the green cord <head>round</head> its waist waggling to and fro . 
    </context>
  </instance>


  <instance id="round.p.fn.1179565" docsrc="FN">
    <answer instance="round.p.fn.1179565" senseid="3(2)"/>
    <context>
      She turned , arms flailing , head back , eyes open -- but the gaping mouth would utter no more prophecies , her breath cut off by the red garrotte cord <head>round</head> her scrawny neck . 
    </context>
  </instance>


  <instance id="round.p.fn.1178934" docsrc="FN">
    <answer instance="round.p.fn.1178934" senseid="3(2)"/>
    <context>
      Some of them had chains <head>round</head> their boats , fore and aft , to hold them together , do they d ha sunk ; busted right open from the swelling of the wood with too much water . 
    </context>
  </instance>


  <instance id="round.p.fn.1178936" docsrc="FN">
    <answer instance="round.p.fn.1178936" senseid="3(2)"/>
    <context>
      During his lovemaking , the damsel complained bitterly about how the chain <head>round</head> the King 's waist chafed her skin , so James removed it . 
    </context>
  </instance>


  <instance id="round.p.fn.1179305" docsrc="FN">
    <answer instance="round.p.fn.1179305" senseid="3(2)"/>
    <context>
      He hesitated , then undid the chain <head>round</head> her neck . 
    </context>
  </instance>


  <instance id="round.p.fn.1179309" docsrc="FN">
    <answer instance="round.p.fn.1179309" senseid="3(2)"/>
    <context>
      Sabine unfastened the chain <head>round</head> her neck , and put the medallion gently into the Baronne 's hand . 
    </context>
  </instance>


  <instance id="round.p.fn.336172" docsrc="FN">
    <answer instance="round.p.fn.336172" senseid="4(2a)"/>
    <context>
      Janet came running in , flung her arms <head>round</head> Cookie and gave her a smacking kiss . 
    </context>
  </instance>


  <instance id="round.p.fn.336176" docsrc="FN">
    <answer instance="round.p.fn.336176" senseid="4(2a)"/>
    <context>
      Nick flung his arms <head>round</head> her . 
    </context>
  </instance>


  <instance id="round.p.fn.338694" docsrc="FN">
    <answer instance="round.p.fn.338694" senseid="8(4)"/>
    <context>
      The Marshal , his big eyes rolling <head>round</head> the depressing room lit by one dusty light-bulb because the small , barred window hardly let in any light , wondered if they ever managed it . 
    </context>
  </instance>


  <instance id="round.p.fn.770681" docsrc="FN">
    <answer instance="round.p.fn.770681" senseid="5(3)"/>
    <context>
      As they came <head>round</head> a bend they met a lorry overtaking a tractor . 
    </context>
  </instance>


  <instance id="round.p.fn.1248358" docsrc="FN">
    <answer instance="round.p.fn.1248358" senseid="3(2)"/>
    <context>
      The company was seated <head>round</head> card tables in the drawing-room , with the exception of Miss Phoebe in her usual chair and the Captain who was warming his backside at the great fire , glass in hand .
    </context>
  </instance>


  <instance id="round.p.fn.584680" docsrc="FN">
    <answer instance="round.p.fn.584680" senseid="5(3)"/>
    <context>
      She sat in gloomy silence , pushing her food <head>round</head> her plate . 
    </context>
  </instance>


  <instance id="round.p.fn.1249725" docsrc="FN">
    <answer instance="round.p.fn.1249725" senseid="8(4)"/>
    <context>
      Beth shut her eyes and opened her lungs , the scream reverberating <head>round</head> the house like the cry of a soul in torment .
    </context>
  </instance>


  <instance id="round.p.fn.589031" docsrc="FN">
    <answer instance="round.p.fn.589031" senseid="8(4)"/>
    <context>
      As for Margaret -- well , she 'd always fancied herself accompanying my father <head>round</head> the world on his tours . 
    </context>
  </instance>


  <instance id="round.p.fn.589632" docsrc="FN">
    <answer instance="round.p.fn.589632" senseid="5(3)"/>
    <context>
      He had chased the fish excitedly <head>round</head> the tank until it was traumatised , before I managed to prise the nets off him . 
    </context>
  </instance>


  <instance id="round.p.fn.589801" docsrc="FN">
    <answer instance="round.p.fn.589801" senseid="6(3a)"/>
    <context>
      The television showed two children chasing each other <head>round</head> a car , shrieking . 
    </context>
  </instance>


  <instance id="round.p.fn.591049" docsrc="FN">
    <answer instance="round.p.fn.591049" senseid="8(4)"/>
    <context>
      He rose to conduct me <head>round</head> the TOM complex . 
    </context>
  </instance>


  <instance id="round.p.fn.1130043" docsrc="FN">
    <answer instance="round.p.fn.1130043" senseid="8(4)"/>
    <context>
      But before he could answer there was a soft slap of footsteps <head>round</head> the colonnade . 
    </context>
  </instance>


  <instance id="round.p.fn.593324" docsrc="FN">
    <answer instance="round.p.fn.593324" senseid="6(3a)"/>
    <context>
      She strode confidently along a featureless corridor and followed it <head>round</head> a bend . 
    </context>
  </instance>


  <instance id="round.p.fn.593326" docsrc="FN">
    <answer instance="round.p.fn.593326" senseid="6(3a)"/>
    <context>
      Carrying their scene-of-crime cases , Dalgliesh and Massingham followed him <head>round</head> the side of the house . 
    </context>
  </instance>


  <instance id="round.p.fn.825469" docsrc="FN">
    <answer instance="round.p.fn.825469" senseid="8(4)"/>
    <context>
      When they had fruitlessly exhausted their task , Myeloski called the caretaker to guide them <head>round</head> the rest of the palace . 
    </context>
  </instance>


  <instance id="round.p.fn.594352" docsrc="FN">
    <answer instance="round.p.fn.594352" senseid="6(3a)"/>
    <context>
      Tom led Willie <head>round</head> the back of a large , cream-coloured stone house towards a wooden shed . 
    </context>
  </instance>


  <instance id="round.p.fn.594353" docsrc="FN">
    <answer instance="round.p.fn.594353" senseid="6(3a)"/>
    <context>
      Athelstan led Cranston <head>round</head> the church , stopped , and told the coroner to wait until he fetched a sconce torch . 
    </context>
  </instance>


  <instance id="round.p.fn.598758" docsrc="FN">
    <answer instance="round.p.fn.598758" senseid="6(3a)"/>
    <context>
      He walks off and I watch him till he disappears <head>round</head> the corner . 
    </context>
  </instance>


  <instance id="round.p.fn.598767" docsrc="FN">
    <answer instance="round.p.fn.598767" senseid="6(3a)"/>
    <context>
      A woman walked down the hall and into the sitting room , disappearing <head>round</head> the door towards the front of the house . 
    </context>
  </instance>


  <instance id="round.p.fn.598770" docsrc="FN">
    <answer instance="round.p.fn.598770" senseid="6(3a)"/>
    <context>
      Sam and Anna had disappeared <head>round</head> a curve in the path . 
    </context>
  </instance>


  <instance id="round.p.fn.600504" docsrc="FN">
    <answer instance="round.p.fn.600504" senseid="5(3)"/>
    <context>
      Jannie stared at them , trying to imagine the scene -- Bob , retreating backwards <head>round</head> the room , and Mrs. Mounce , on all fours , snarling and barking , snapping at his trousers . 
    </context>
  </instance>


  <instance id="round.p.fn.601568" docsrc="FN">
    <answer instance="round.p.fn.601568" senseid="6(3a)"/>
    <context>
      Isobel vanished <head>round</head> the house and after a while Anna heard the engine of her little car start up and putter away down the drive . 
    </context>
  </instance>


  <instance id="round.p.fn.601570" docsrc="FN">
    <answer instance="round.p.fn.601570" senseid="6(3a)"/>
    <context>
      She waited until the car vanished <head>round</head> the bend then waited some more until the whine of the engine was at last lost in the distance , then she slowly made her way into the house . 
    </context>
  </instance>


</lexelt>
