{
    "about": {
        "3(2)-1": "about.2",
        "1(1)": "about.1",
        "5(3a)": "about.1",
        "2(1a)": "about.1",
        "3(2)": "about.2",
        "4(3)": "about.2"
    },
    "above": {
        "4(2)": "above.1",
        "2(1a)": "above.1",
        "8(2d)": "above.3",
        "9(3)": "above.2",
        "1(1)": "above.1"
    },
    "across": {
        "1(1)": "across.1",
        "2(2)": "across.3"
    },
    "after": {
        "5(2)": "after.2",
        "7(3)": "after.3",
        "1(1)": "after.1",
        "9(5)": "after.4",
        "1(1)-1": "after.1",
        "6(2a)": "after.3"
    },
    "against": {
        "10(4)": "against.2",
        "1(1)": "against.1",
        "2(1a)": "against.1",
        "4(2)": "against.1",
        "3(1b)": "against.1",
        "6(2b)": "against.1"
    },
    "along": {
        "1(1)": "along.1",
        "3(2)": "along.1",
        "4(3)": "along.3"
    },
    "among": {
        "3(3)": "among.1",
        "1(1)": "among.1",
        "2(2)": "among.4"
    },
    "around": {
        "5(4)": "around.1",
        "3(2)": "around.1",
        "4(3)": "around.3",
        "4(3)-1": "around.2",
        "1(1)": "around.3",
        "2(1a)": "around.4"
    },
    "as": {
        "1(1)": "as.2"
    },
    "at": {
        "9(5)": "at.5",
        "1(1)": "at.1",
        "11(6)-1": "at.7",
        "10(5a)": "at.2",
        "8(4a)": "at.6",
        "5(3)": "at.1",
        "9(5) 11(6)-1": "at.5",
        "11(6)": "at.8",
        "1(1) 4(2b)": "at.1",
        "2(2)": "at.3",
        "7(4)": "at.8",
        "3(2a)": "at.3",
        "6(3a)": "at.4"
    },
    "before": {
        "2(2)": "before.2",
        "1(1)": "before.1",
        "3(2a)": "before.2_1"
    },
    "behind": {
        "1(1)": "behind.1",
        "4(2a)": "behind.1",
        "3(2)": "behind.1",
        "5(3)": "behind.2"
    },
    "beneath": {
        "2(1a)": "beneath.1",
        "1(1)": "beneath.3",
        "3(2)": "beneath.1"
    },
    "beside": {
        "1(1)": "beside.1"
    },
    "between": {
        "4(4)": "between.4",
        "1(1)": "between.1",
        "7(4c)": "between.4_1",
        "3(3)": "between.3",
        "2(2)": "between.2",
        "5(4a)": "between.4",
        "4(4) 5(4a)": "between.4",
        "6(4b)": "between.4_1"
    },
    "by": {
        "2(1a)": "by.1",
        "5(2)": "by.1",
        "15(3c)": "by.2_3",
        "18(5)": "by.6",
        "3(1b)": "by.1",
        "8(2c)": "by.2_2",
        "12(3)": "by.2_3",
        "7(2b)": "by.2_1",
        "4(1c)": "by.1_1",
        "6(2a)": "by.2"
    },
    "down": {
        "2(1a)": "down.2_1",
        "3(1b)": "down.1",
        "1(1)": "down.2"
    },
    "during": {
        "2(1a)": "during.1",
        "1(1)": "during.1"
    },
    "for": {
        "2(2)": "for.14",
        "1(1)": "for.9",
        "5(4)": "for.5",
        "6(5)": "for.3",
        "8(7)": "for.16",
        "3(3)": "for.other",
        "12(10)": "for.12_1",
        "4(3a)": "for.11",
        "11(9)": "for.15",
        "2(2)-1": "for.10",
        "9(8)": "for.4",
        "10(8a)": "for.4",
        "7(6)": "for.8"
    },
    "from": {
        "1(1)": "from.7",
        "4(3)": "from.7",
        "10(7)": "from.other",
        "13(10)": "from.8",
        "8(5)": "from.2",
        "3(2)": "from.14",
        "14(11)": "from.15",
        "12(9)": "from.9",
        "9(6)": "from.10",
        "12(9)-1": "from.6",
        "10(7)-1": "from.7",
        "6(4)": "from.13",
        "7(4a)": "from.7",
        "2(1a)": "from.other",
        "11(8)": "from.16",
        "4(3) 10(7)": "from.12",
        "1(1) 4(3)": "from.1",
        "5(3a)": "from.14",
        "4(3) 12(9)": "from.1"
    },
    "in": {
        "6(4a)-1": "in.1",
        "7(5)": "in.19",
        "9(7)": "in.16",
        "1(1)": "in.12",
        "2(1a)": "in.1",
        "3(2)": "in.1",
        "5(4)": "in.8",
        "6(4a)": "in.1",
        "1(1)-1": "in.4",
        "11(8)": "in.2",
        "4(3)": "in.22",
        "8(6)": "in.1",
        "9(7)-1": "in.12"
    },
    "inside": {
        "1(1)": "inside.1_1",
        "4(1c)": "inside.1_3",
        "2(1a)": "inside.1_1",
        "3(1b)": "inside.1_2"
    },
    "into": {
        "6(6)": "into.1",
        "7(7)": "into.4_1",
        "1(1)": "into.4_1",
        "2(2)": "into.2",
        "3(3)": "into.4",
        "5(5)": "into.3",
        "1(1) 3(3)": "into.1",
        "1(1) 2(2)": "into.1",
        "4(4)": "into.2",
        "1(1)-1": "into.1_2"
    },
    "like": {
        "2(1a)": "like.3",
        "3(1b)": "like.2",
        "6(2)": "like.3",
        "1(1)": "like.4",
        "5(1d)": "like.1",
        "4(1c)": "like.1",
        "7(3)": "like.5"
    },
    "of": {
        "6(3)": "of.99",
        "12(6a)": "of.19",
        "11(6)": "of.18",
        "15(7a)": "of.6",
        "13(6b)": "of.1",
        "14(7)": "of.18",
        "17(8)": "of.2_2",
        "11(6) 12(6a)": "of.5",
        "9(5)": "of.5_1",
        "16(7b)": "of.19",
        "3(1b)-1": "of.2_1",
        "4(2)": "of.1",
        "3(1b)": "of.1",
        "2(1a)": "of.1",
        "10(5a)": "of.18",
        "6(3)-1": "of.16",
        "7(3a)": "of.5_1",
        "5(2a)": "of.16"
    },
    "off": {
        "1(1)": "off.1",
        "4(3)": "off.3",
        "2(2)": "off.2",
        "3(2a)": "off.3_1"
    },
    "on": {
        "9(3a)": "on.6",
        "3(1b)": "on.1_1",
        "1(1)": "on.3",
        "4(1c)": "on.1",
        "8(3)": "on.3",
        "2(1a)": "on.1",
        "11(5)": "on.11",
        "7(2)": "on.1_2",
        "8(3) 11(5)": "on.3",
        "11(5)-1": "on.3",
        "17(8)": "on.5",
        "13(6a)": "on.other",
        "5(1d)": "on.1",
        "14(7)": "on.9",
        "15(7a)": "on.1_4",
        "16(7b)": "on.1_2",
        "12(6)": "on.8",
        "9(3a)-1": "on.4_2",
        "20(10)": "on.7",
        "19(9)": "on.10",
        "23(13)": "on.12"
    },
    "onto": {
        "1(1)": "onto.1",
        "2(2)": "onto.1_1",
        "3(3)": "onto.1"
    },
    "over": {
        "2(1a)": "over.10",
        "13(4b)": "over.1",
        "4(2)": "over.2",
        "16(7)": "over.8",
        "14(5)": "over.11",
        "11(4)": "over.2",
        "1(1)": "over.2",
        "12(4a)": "over.1",
        "3(1b)": "over.1",
        "9(2e)": "over.7",
        "6(2b)": "over.10",
        "15(6)-1": "over.6_1"
    },
    "round": {
        "4(2a)": "around.1",
        "6(3a)": "around.1",
        "2(1a)": "around.5",
        "5(3)": "around.1",
        "1(1)": "around.3",
        "3(2)": "around.1",
        "8(4)": "around.1"
    },
    "through": {
        "1(1)": "through.1",
        "12(5)": "through.4",
        "10(3)": "through.1",
        "12(5) 13(5a) 4(1c)": "through.4",
        "4(1c)": "through.4",
        "13(5a)": "through.4",
        "3(1b)": "through.3",
        "5(1d)-1": "through.1",
        "2(1a)": "through.1",
        "8(2a)": "through.2",
        "9(2b)": "through.1",
        "10(3)-1": "through.1",
        "5(1d)": "through.1",
        "12(5)-1": "through.1",
        "1(1) 3(1b)": "through.3",
        "3(1b) 10(3)-1": "through.1",
        "3(1b) 10(3)": "through.1",
        "7(2)": "through.1",
        "3(1b) 5(1d)": "through.1",
        "1(1) 13(5a)": "through.1",
        "6(1e)": "through.1_2"
    },
    "to": {
        "1(1)": "to.4_1",
        "13(5)": "to.4_2",
        "8(3)": "to.5",
        "14(6)": "to.2",
        "6(2a)": "to.4_2",
        "2(1a)": "to.1",
        "5(2)": "to.2",
        "9(4)": "to.4_2",
        "8(3)-1": "to.7",
        "10(4a)": "to.7"
    },
    "towards": {
        "1(1)": "toward.1_2",
        "4(2)-1": "toward.4",
        "2(1a)": "toward.1_2",
        "4(2)": "toward.2"
    },
    "with": {
        "1(1)": "with.7",
        "4(3)": "with.4",
        "11(7b) 7(5)": "with.5",
        "7(5)": "with.4",
        "9(7)": "with.4",
        "5(3a)": "with.10_3",
        "10(7a)": "with.6",
        "11(7b)": "with.5",
        "4(3) 5(3a)": "with.4",
        "15(9)-1": "with.10_2",
        "2(2)": "with.7_2",
        "3(2a)": "with.7",
        "2(2) 3(2a)": "with.7_1",
        "12(7c)": "with.6",
        "6(4)": "with.8",
        "14(8a)": "with.1",
        "4(3) 2(2)": "with.4",
        "3(2a) 2(2)": "with.7_1",
        "3(2a) 5(3a)": "with.7",
        "4(3)-1": "with.8",
        "2(2) 10(7a)": "with.7_2",
        "13(8)": "with.3",
        "6(4) 9(7)": "with.10_3"
    }
}