<?xml version="1.0"?>

<defset prep="above">
	<sense id="1">
		<definition>at, in, or to the extended space vertically higher than X2</definition>
		<majorcluster>SPATIAL</majorcluster>
		<pprojmap type="equivalent" unionof="1(1),2(1a),3(1b),4(2)"/>
	</sense>
	<sense id="2">
		<definition>higher/greater than X2 along a particular (but, perhaps, unmentioned) SCALE.</definition>
		<majorcluster>SCALAR</majorcluster>
		<pprojmap type="equivalent" unionof="5(2a),6(2b),9(3)"/>
	</sense>
	<sense id="2.1">
		<definition>higher/greater than X2 along the SCALE of desirability/preference.</definition>
		<majorcluster>SCALAR</majorcluster>
		<pprojmap type="equivalent" targetid="7(2c)"/>
	</sense>
	<sense id="3">
		<definition>in spite of X2 / at a higher pitch or volume than X2 (as in the case of interfering noise)</definition>
		<majorcluster>SCALAR</majorcluster>
		<pprojmap type="equivalent" targetid="8(2d)"/>
		<!--<intmap type="equivalent" word="over" targetid="5"/>-->
	</sense>
	
</defset>
