<?xml version="1.0"?>

<defset prep="along">
	<sense id="1">
		<definition>positioned, extending, traversing, or moving in parallel with some sort of PATH</definition>
		<majorcluster>SPATIAL</majorcluster>
		<pprojmap type="equivalent" unionof="1(1),3(2)"/>
	</sense>
	<sense id="2">
		<definition>used to indicate a process that progress is being made on</definition>
		<majorcluster></majorcluster>
		<pprojmap type="equivalent" targetid="2(1a)"/>
	</sense>
	<sense id="3">
		<definition>in adherence/accord with</definition>
		<majorcluster></majorcluster>
		<pprojmap type="equivalent" targetid="4(3)"/>
		<notes>often used with the word 'lines'</notes>
	</sense>
</defset>
