<?xml version="1.0"?>

<defset prep="at">
	<sense id="1">
		<definition>expressing location or arrival at a particular place or position (e.g., he is at the store)</definition>
		<majorcluster>SPATIAL</majorcluster>
		<pprojmap type="equivalent" unionof="1(1),4(2b)"/>
		<notes></notes>
	</sense>
	<sense id="2">
		<definition>in the direction of X2 (e.g., threw coins at the bottle)</definition>
		<majorcluster>SPATIAL</majorcluster>
		<pprojmap type="equivalent" subsetof="9(5)"/>
		<notes></notes>
	</sense>
	<sense id="2.1">
		<definition>in the direction of X2, specifically in the case of repetitive (and perhaps unsuccessful) actions (e.g., claw at the portrait)</definition>
		<majorcluster>SPATIAL</majorcluster>
		<pprojmap type="equivalent" targetid="10(5a)"/>
		<notes></notes>
	</sense>
	<sense id="3">
		<definition>expressing the time (X2) when an event takes place (e.g., happened at night)</definition>
		<majorcluster>TEMPORAL</majorcluster>
		<pprojmap type="equivalent" unionof="2(2),3(2a)"/>
		<notes></notes>
	</sense>
	<sense id="4">
		<definition>indicating a position (X2) on a scale (e.g., room was at 100 degrees)</definition>
		<majorcluster>SCALAR</majorcluster>
		<pprojmap type="equivalent" targetid="5(3)"/>
		<notes></notes>
	</sense>
	<sense id="4.1">
		<definition>indicating the age (X2) of someone/something (e.g., was foolish at 17)</definition>
		<majorcluster>SCALAR</majorcluster>
		<pprojmap type="equivalent" targetid="6(3a)"/>
		<notes></notes>
	</sense>
	<sense id="5">
		<definition>indicating the subject matter (X2) (often one that provokes a mental reaction or an expression indicative thereof) (X1) (e.g., angry at Joe)</definition>
		<majorcluster>TOPIC</majorcluster>
		<pprojmap type="equivalent" targetid="11(6)-1"/>
		<notes></notes>
	</sense>
	<sense id="6">
		<definition>expressing a relationship between an individual and a skill or a level of skill and the skill itself (e.g., good at singing)</definition>
		<majorcluster>COMPLEMENTS</majorcluster>
		<pprojmap type="equivalent" targetid="8(4a)"/>
		<notes></notes>
	</sense>
	<sense id="7">
		<definition>indicating the target or goal (X2) of an attempt, action, thought, or plan (X1) (e.g., attempts as unification)</definition>
		<majorcluster>GOAL</majorcluster>
		<pprojmap type="equivalent" subsetof="9(5)"/>
		<notes></notes>
	</sense>
	<sense id="8">
		<definition>expressing a state, condition, or circumstance (X2) (often somewhat idiomatic) (e.g., they are at odds)</definition>
		<majorcluster>MANNER</majorcluster>
		<pprojmap type="equivalent" unionof="7(4),11(6)"/>
		<notes></notes>
	</sense>
	
</defset>
