<?xml version="1.0"?>

<defset prep="behind">
	<sense id="1">
		<definition>at or to the far/rear side of X2</definition>
		<majorcluster>SPATIAL</majorcluster>
		<pprojmap type="equivalent" unionof="1(1),3(2),4(2a)"/>
		<notes></notes>
	</sense>
<!-- 
	<sense id="1.1">
		<definition>following or further back than X2 (another member of a moving group)</definition>
		<majorcluster>SPATIAL</majorcluster>
		<notes></notes>
	</sense>-->
	<sense id="2">
		<definition>influencing, responsible for, or underlying X2 (as of reasons or purposes) but not necessarily readily obvious to an observer</definition>
		<majorcluster></majorcluster>
		<pprojmap type="equivalent" unionof="2(1a),6(3a)"/>
		<notes></notes>
	</sense>
	<sense id="3">
		<definition>in support of or giving guidance to (someone/something else)</definition>
		<majorcluster></majorcluster>
		<pprojmap type="equivalent" targetid="5(3)"/>
		<notes></notes>
	</sense>
	<sense id="4">
		<definition>less advanced than (someone or something) in terms of achievement or development</definition>
		<majorcluster></majorcluster>
		<pprojmap type="equivalent" targetid="8(5)"/>
		<notes></notes>
	</sense>
	<sense id="5">
		<definition>having a lower score than (another competitor)</definition>
		<majorcluster></majorcluster>
		<pprojmap type="equivalent" targetid="9(6)"/>
		<notes></notes>
	</sense>
	
</defset>
