<?xml version="1.0"?>

<defset prep="beneath">
	<sense id="1">
		<definition>at, to, or through an area or location positioned vertically lower than X2</definition>
		<majorcluster>SPATIAL</majorcluster>
		<pprojmap type="equivalent" unionof="1(1),2(1a),3(2)"/>
		<notes></notes>
	</sense>
	<sense id="2">
		<definition>lower in status or rank than X2</definition>
		<majorcluster>SCALAR</majorcluster>
		<pprojmap type="equivalent" unionof="4(2a),5(2b)"/>
		<notes></notes>
	</sense>
	<sense id="3">
		<definition>not obvious, as if hidden behind an appearance metaphorically</definition>
		<majorcluster></majorcluster>
		<pprojmap type="equivalent" targetid="6(2c)"/>
		<notes></notes>
	</sense>
	
</defset>
