<?xml version="1.0"?>

<defset prep="beside">
	<sense id="1">
		<definition>indicating a LOCATION at the side of / next to X2</definition>
		<majorcluster>SPATIAL</majorcluster>
		<pprojmap type="equivalent" targetid="1(1)"/>
		<notes></notes>
	</sense>
	<sense id="2">
		<definition>in comparison with X2, as though next to each other so as to make differences apparent</definition>
		<majorcluster>COMPARISON</majorcluster>
		<pprojmap type="equivalent" targetid="2(1a)"/>
		<notes></notes>
	</sense>
	<sense id="3">
		<definition>other than; in addition to X2</definition>
		<majorcluster>COMPARISON</majorcluster>
		<pprojmap type="equivalent" targetid="3(2)"/>
		<notes></notes>
	</sense>
	
</defset>
