<?xml version="1.0"?>

<defset prep="between">
	<!-- doesn't handle 'split it between them' well -->
	<sense id="1">
		<definition>in, into, or across the space separating (two objects or regions) (e.g., between the house and the garage)</definition>
		<majorcluster>SPATIAL</majorcluster>
		<pprojmap type="equivalent" targetid="1(1)"/>
		<notes></notes>
	</sense>
	<sense id="2">
		<definition>in the period separating (two points in time) (e.g., between May and July)</definition>
		<majorcluster>TEMPORAL</majorcluster>
		<pprojmap type="equivalent" targetid="2(2)"/>
		<notes></notes>
	</sense>
	<sense id="3">
		<definition>in the interval separating (two points on a scale / in a series) (e.g., between N and Z)</definition>
		<majorcluster>SCALAR</majorcluster>
		<pprojmap type="equivalent" targetid="3(3)"/>
		<notes></notes>
	</sense>
	
	<sense id="4">
		<definition>indicating a connection, interaction, or relationship involving two or more things (e.g., discussion between the two factions)</definition>
		<majorcluster></majorcluster>
		<pprojmap type="equivalent" unionof="4(4),5(4a)"/>
		<notes></notes>
	</sense>
	<sense id="4.1">
		<definition>with reference to decision-making processes involving two or more things being considered together/against each other, as with choices or the discernment of differences (e.g., choose between them)</definition>
		<majorcluster></majorcluster>
		<pprojmap type="equivalent" targetid="7(4c)"/>
		<notes></notes>
	</sense>
	<sense id="4.2">
		<definition>with reference to a contrast or failure to correspond (e.g., the difference between them)</definition>
		<majorcluster></majorcluster>
		<pprojmap type="equivalent" targetid="6(4b)"/>
		<notes></notes>
	</sense>
	<sense id="5">
		<definition>by combining (or summing over as in arithmetic) the resources or actions of (two or more things) (e.g., between the two of them, they own 50% of the city)</definition>
		<majorcluster></majorcluster>
		<pprojmap type="equivalent" unionof="8(5),9(5a)"/>
		<notes></notes>
	</sense>
	
</defset>
