<?xml version="1.0"?>

<defset prep="from">
	<sense id="1">
		<definition>indicating the physical starting point, as of movement or extension (e.g., travel from Maine, a rope from the front to the back)</definition>
		<majorcluster>SPATIAL</majorcluster>
		<pprojmap type="subsumes" unionof="1(1),2(1a)"/>
		<pprojmap type="subsumes" subsetof="10(7)"/>
		<notes></notes>
	</sense>
	<sense id="2">
		<definition>indicating the vantage point (e.g., see from the tower)</definition>
		<majorcluster>SPATIAL</majorcluster>
		<pprojmap type="equivalent" targetid="8(5)"/>
		<notes></notes>
	</sense>
	<sense id="3">
		<definition>indicating the location where someone/something who is communicating is at (e.g., he called from the lobby)</definition>
		<majorcluster>SPATIAL</majorcluster>
		<pprojmap type="equivalent" subsetof="4(3)"/>
		<notes></notes>
	</sense>
	<sense id="4">
		<definition>indicating the origin of an entity or object, as of where it/they came into existence or developed (e.g., people from Britain)</definition>
		<majorcluster>SPATIAL</majorcluster>
		<pprojmap type="equivalent" subsetof="4(3)"/>
		<notes></notes>
	</sense>
	<sense id="5">
		<definition>indicating the location associated with someone/something, as of where someone/something was originally or is generally encountered (e.g., friends from school)</definition>
		<majorcluster>SPATIAL</majorcluster>
		<pprojmap type="equivalent" subsetof="4(3)"/>
		<notes></notes>
	</sense>
	<sense id="6">
		<definition>so as to be or become (non-physically) separated, unassociated with, or not in accordance with (e.g., defect from the party)</definition>
		<majorcluster></majorcluster>
		<pprojmap type="equivalent" subsetof="10(7)"/>
		<notes></notes>
	</sense>
	<sense id="7">
		<definition>indicating a previous state or condition (e.g., recovered from illness)</definition>
		<majorcluster></majorcluster>
		<pprojmap type="subsumes" subsetof="10(7)"/>
		<pprojmap type="subsumes" unionof="7(4a),10(7)-1"/>
		<notes></notes>
	</sense>
	<sense id="8">
		<definition>indicating the creator or performer of something (e.g., criticism from Joe)</definition>
		<majorcluster>AGENT</majorcluster>
		<pprojmap type="equivalent" targetid="12(9)-1"/>
		<notes></notes>
	</sense>
	<sense id="9">
		<definition>indicating the cause of something (e.g., was cold from the wind)</definition>
		<majorcluster>CAUSE</majorcluster>
		<pprojmap type="equivalent" targetid="12(9)"/>
		<notes></notes>
	</sense>
	<sense id="10">
		<definition>indicating an input used in a creative process (e.g., made from recycled paper)</definition>
		<majorcluster></majorcluster>
		<pprojmap type="approx_equal" subsetof="9(6)"/>
		<notes></notes>
	</sense>
	<sense id="11">
		<definition>indicating a source of knowledge or basis for judgment (e.g., concluded from his remarks)</definition>
		<majorcluster></majorcluster>
		<pprojmap type="equivalent" targetid="13(10)"/>
		<notes></notes>
	</sense>
	<sense id="12">
		<definition>indicating the source of obtainment (e.g., I bought it from Joe)</definition>
		<majorcluster></majorcluster>
		<pprojmap type="equivalent" subsetof="10(7)"/>
		<notes></notes>
	</sense>
	
	<sense id="13">
		<definition>indicating the starting point along a particular scale or range (e.g., rose from $5)</definition>
		<majorcluster>SCALAR</majorcluster>
		<pprojmap type="equivalent" subsetof="6(4)"/>
		<notes></notes>
	</sense>
	<sense id="14">
		<definition>indicating the starting point in time (e.g., from January onward)</definition>
		<majorcluster>TEMPORAL</majorcluster>
		<pprojmap type="equivalent" unionof="3(2),5(3a)"/>
		<notes></notes>
	</sense>
	
	<sense id="15">
		<definition>indicating something against which a distinction/difference is made or perceived (e.g., distinguish old from new)</definition>
		<majorcluster>COMPARISON</majorcluster>
		<pprojmap type="equivalent" targetid="14(11)"/>
		<notes></notes>
	</sense>

	<sense id="16">
		<definition>indicating something that is avoided (e.g., abstain from drugs)</definition>
		<majorcluster></majorcluster>
		<pprojmap type="approx_equal" targetid="11(8)"/>
		<notes></notes>
	</sense>
	
	
</defset>
