<?xml version="1.0"?>

<defset prep="in">
	<sense id="1">
		<!-- definition for inside.1 is probably better -->
		<definition>indicating a LOCATION that surrounds (or can be viewed as surrounding) something else (e.g., the cow in the meadow)</definition>
		<majorcluster>SPATIAL</majorcluster>
		<pprojmap type="subsumes" targetid="1(1)"/>
		<pprojmap type="subsumes" targetid="7(5)"/>
		<notes></notes>
	</sense>
	<sense id="2">
		<definition>indicating the (perhaps abstract) place where information is stored, written, or perceived (e.g., stored in the database)</definition>
		<majorcluster></majorcluster>
		<pprojmap type="equivalent" subsetof="7(5)"/>
		<notes></notes>
	</sense>
	<sense id="3">
		<definition>indicating the LOCATION (typically a body part/region) where contact (X1) is made, typically some form of striking, AND <i>in</i> may not be replaced by <i>into</i> in this context (e.g., hit him in the jaw)</definition>
		<majorcluster></majorcluster>
		<pprojmap type="equivalent" subsetof="2(1a)"/>
		<notes></notes>
	</sense>
	<sense id="4">
		<definition>indicating clothing being worn; wearing (e.g., was in a blue dress)</definition>
		<majorcluster></majorcluster>
		<pprojmap type="equivalent" targetid="1(1)-1"/>
		<notes></notes>
	</sense>
	<sense id="5">
		<!-- consider giving a more representative example -->
		<definition>indicating a state/condition/form, often a mental/emotional one that is being experienced (it may in addition be the trigger of some response) (e.g., wriggled in agony)</definition>
		<majorcluster></majorcluster>
		<pprojmap type="equivalent" targetid="5(4)"/>
		<notes></notes>
	</sense>
	<sense id="6">
		<definition>(into) expressing motion or extension to a position within or surrounded by (e.g., jumped in the pit)</definition>
		<majorcluster>DESTINATION</majorcluster>
		<pprojmap type="equivalent" targetid="2(1a)"/>
		<notes></notes>
	</sense>
	<sense id="7">
		<definition>(into) indicating a state/condition/form that is entered (e.g., tie in a knot)</definition>
		<majorcluster></majorcluster>
		<pprojmap type="equivalent" subsetof="5(4)"/>
		<notes></notes>
	</sense>
	<sense id="8">
		<definition>indicating a TIME_PERIOD during which something happens or continues (e.g., in the morning)</definition>		
		<majorcluster>TEMPORAL</majorcluster>
		<pprojmap type="equivalent" targetid="3(2)"/>
		<notes></notes>
	</sense>
	<sense id="9">
		<definition>indicating an age range (e.g., in their 20s)</definition>
		<majorcluster></majorcluster>
		<pprojmap type="equivalent" subsetof="5(4)"/>
		<notes></notes>
	</sense>
	<sense id="10">
		<definition>indicating the substance/material something is made of (usually somewhat restricted) (e.g., sweater in wool)</definition>
		<majorcluster>SUBSTANCE</majorcluster>
		<pprojmap type="" targetid=""/>
		<notes></notes>
	</sense>
	<sense id="11">
		<definition>indicating the language, medium, or means of encoding (e.g., spoke in German)</definition>
		<majorcluster>MEANS</majorcluster>
		<pprojmap type="subsumes" subsetof="7(5)"/>
		<pprojmap type="subsumes" targetid="9(7)"/>
		<notes></notes>
	</sense>
	<sense id="12">
		<definition>indicating the color or pattern of X1 (e.g., clothes in blue)</definition>
		<majorcluster></majorcluster>
		<pprojmap type="approx_equal" targetid="9(7)-1"/>
		<notes></notes>
	</sense>
	<sense id="13">
		<definition>indicating the key of a piece of music (e.g., in B flat)</definition>
		<majorcluster></majorcluster>
		<pprojmap type="equivalent" targetid="10(7a)"/>
		<notes></notes>
	</sense>
	<sense id="14">
		<definition>indicating a group as a context (e.g., tension in his squadron)</definition>
		<majorcluster>MEMBERSHIP</majorcluster>
		<pprojmap type="equivalent" subsetof="7(5)"/>
		<notes></notes>
	</sense>
	<sense id="14.1">
		<definition>indicating a group/organization that someone/something is a member/employee of (e.g., he is in the navy)</definition>
		<majorcluster>MEMBERSHIP</majorcluster>
		<pprojmap type="equivalent" subsetof="7(5)"/>
		<notes></notes>
	</sense>
	<sense id="15">
		<definition>indicating an academic or occupational subfield or other activity (e.g., he works in astrophysics)</definition>
		<majorcluster></majorcluster>
		<pprojmap type="subsumes" subsetof="7(5)"/>
		<pprojmap type="subsumes" targetid="8(6)"/>
		<notes></notes>
	</sense>
	<sense id="16">
		<definition>indicating a manner that something happens or is done, often somewhat idiomatic (e.g., done in a neat way)</definition>
		<majorcluster>MANNER</majorcluster>
		<pprojmap type="equivalent" targetid="6(4a)-1"/>
		<notes></notes>
	</sense>
	<sense id="17">
		<definition>during; due to exposure to or involvement with (e.g., died in the earthquake)</definition>
		<majorcluster></majorcluster>
		<pprojmap type="equivalent" subsetof="7(5)"/>
		<notes>more for events than for locations... died in the fiery pit is different from died in the earthquake. probably needs a little more specificity</notes>
	</sense>
	<sense id="18">
		<definition>expressing participation with an activity (e.g., he was involved in the planning)</definition>
		<majorcluster></majorcluster>
		<pprojmap type="equivalent" subsetof="7(5)"/>
		<notes></notes>
	</sense>
	<sense id="19">
		<definition>indicating the aspect with respect to which a change occurs (e.g., change in its color)</definition>
		<majorcluster></majorcluster>
		<pprojmap type="equivalent" subsetof="6(4a)"/>
		<notes></notes>
	</sense>
	<sense id="20">
		<definition>indicating the quality or aspect with respect to which an assertion or judgment is made; similar to the idiom "in terms of" (e.g., brilliant in its style)</definition>
		<majorcluster></majorcluster>
		<pprojmap type="subsumes" subsetof="6(4a)"/>
		<pprojmap type="subsumes" subsetof="7(5)"/>
		<pprojmap type="subsumes" subsetof="11(8)"/>	
		<notes></notes>
	</sense>
	
	<sense id="21">
		<!-- this definition probably needs to be rewritten or removed -->
		<definition>used in conjunction with 'delight' or 'interest'</definition>
		<majorcluster></majorcluster>
		<pprojmap type="equivalent" subsetof="7(5)"/>
		<notes></notes>
	</sense>
	<sense id="22">
		<definition>expressing the length of time before a future event is expected to happen (e.g., will happen in 1 hour)</definition>
		<majorcluster></majorcluster>
		<pprojmap type="equivalent" targetid="4(3)"/>
		<notes></notes>
	</sense>

<!-- connecting a manner of behavior or being and the action(s)/activity(s) associated with it (e.g., be polite in your asking)-->
	
</defset>
