<?xml version="1.0"?>

<defset prep="inside">
	<sense id="1">
		<definition>in; situated within the confines of (something)</definition>
		<majorcluster>LOCATION</majorcluster>
		<pprojmap type="equivalent" targetid="1(1)"/>
		<intmap type="equivalent" word="into" targetid="1"/>
		<notes></notes>
	</sense>
	<sense id="1.1">
		<definition>into; moving or extending so as to become/end within (something)</definition>
		<majorcluster>DESTINATION</majorcluster>
		<pprojmap type="equivalent" targetid="2(1a)"/>
		<notes></notes>
	</sense>
	<sense id="1.2">
		<definition>metaphorically within (a person's body or mind), as of emotions and sensations (i.e., the anger burned inside him)</definition>
		<majorcluster>SPATIAL</majorcluster>
		<pprojmap type="equivalent" targetid="3(1b)"/>
		<notes>metaphor</notes>
	</sense>
	<sense id="1.3">
		<definition>(in soccer, rugby, and other sports) closer to the centre of the field than (another player)</definition>
		<majorcluster>SPATIAL</majorcluster>
		<pprojmap type="equivalent" targetid="4(1c)"/>
		<notes></notes>
	</sense>
	<sense id="2">
		<definition>in less than (the period of time specified)</definition>
		<majorcluster>TEMPORAL</majorcluster>
		<pprojmap type="equivalent" targetid="5(2)"/>
		<notes></notes>
	</sense>
	
</defset>
