<?xml version="1.0"?>

<defset prep="into">
	<sense id="1">
		<definition>moving or extending so as to end within (something) (e.g., ran into the house)</definition>
		<majorcluster>DESTINATION</majorcluster>
		<pprojmap type="subsumes" subsetof="1(1)"/>
		<pprojmap type="subsumes" targetid="3(3)"/>
		<notes></notes>
	</sense>
	<sense id="1.1">
		<definition>indicating the clothing being used to dress someone/something (e.g., got into his suit)</definition>
		<majorcluster>DESTINATION</majorcluster>
		<pprojmap type="subsumes" subsetof="1(1)"/>
		<notes></notes>
	</sense>
	<sense id="1.2">
		<definition>indicating a time period (being) entered (e.g., we are into the third week)</definition>
		<majorcluster>TEMPORAL</majorcluster>
		<pprojmap type="equivalent" targetid="1(1)-1"/>
		<notes>metaphor</notes>
	</sense>
	<sense id="2">
		<definition>to a position of contact with, typically used with verbs expressing forceful motion or collision (e.g., rammed into him)</definition>
		<majorcluster>DESTINATION</majorcluster>
		<pprojmap type="equivalent" unionof="2(2),4(4)"/>
		<notes></notes>
	</sense>
	<sense id="3">
		<definition>indicating a topic of observation/analysis (e.g., inquiry into the cause)</definition>
		<majorcluster>TOPIC</majorcluster>
		<pprojmap type="equivalent" targetid="5(5)"/>
		<notes></notes>
	</sense>
	<sense id="4">
		<!-- seems to be a bit ambiguous with words indicating something of the surroundings but that aren't locations in themselves like "welcomed them into the light" -->
		<definition>expressing a state, condition, form, or activity being entered (e.g., broke into pieces, jolted into despair)</definition>
		<pprojmap type="subsumes" targetid="6(6)"/>
		<pprojmap type="subsumes" subsetof="7(7)"/>
		<notes></notes>
	</sense>
	<sense id="4.1">
		<definition>indicating a group/collection (X2) being added or assigned to (as a member) (e.g., election into congress)</definition>
		<majorcluster>MEMBERSHIP</majorcluster>
		<pprojmap type="equivalent" subsetof="7(7)"/>
		<notes></notes>
	</sense>
	<sense id="5">
		<definition>(mathematics) expressing division (e.g., divide 8 into 2)</definition>
		<pprojmap type="equivalent" unionof="8(8)"/>
		<notes></notes>
	</sense>
	<sense id="6">
		<definition>taking a lively and active interest with regard to (something) (e.g., got into sky diving)</definition>
		<pprojmap type="equivalent" unionof="9(9)"/>
		<notes></notes>
	</sense>
	
	
</defset>
