<?xml version="1.0"?>

<defset prep="on">

	<sense id="1">
		<!-- cases where light shines on something are unclear -->
		<definition>physically in contact with and supported by (a surface) (e.g., the book on the table)</definition>
		<majorcluster>SPATIAL</majorcluster>
		<pprojmap type="equivalent" unionof="1(1),2(1a),"/>
		<notes></notes>
	</sense>
	<sense id="1.1">
		<definition>indicating a surface that, due to contact with, serves as the cause or means of causing something (e.g., cooked on the open flame)</definition>
		<majorcluster>SPATIAL</majorcluster>
		<pprojmap type="seealso" targetid="3(1b)"/>
		<notes>definition is different from 3(1b) but the actual annotations fit better under this one</notes>
	</sense>
	<sense id="1.2">
		<definition>onto; indicating where (or against what) contact is made (e.g., threw spaghetti on the wall)</definition>
		<majorcluster>SPATIAL</majorcluster>
		<pprojmap type="subsumes" targetid="5(1d)"/>
		<pprojmap type="subsumes" subsetof="11(5)-1"/>
		<pprojmap type="subsumes" subsetof="16(7b)"/>
		<notes></notes>
	</sense>
	<sense id="1.3">
		<definition>indicating the part(s) of the body supporting the rest of the body (e.g., stood on his feet)</definition>
		<majorcluster>SPATIAL</majorcluster>
		<pprojmap type="equivalent" targetid="4(1c)"/>
		<notes></notes>
	</sense>
	<sense id="1.4">
		<definition>indicating the vehicle or mode of transportation (e.g., flew on a plane)</definition>
		<majorcluster>SPATIAL</majorcluster>
		<pprojmap type="equivalent" targetid="15(7a)"/>
		<notes></notes>
	</sense>
	<sense id="1.5">
		<definition>in the possession of; being carried by (e.g., a gun on him)</definition>
		<majorcluster>SPATIAL</majorcluster>
		<pprojmap type="equivalent" targetid="6(1e)"/>
		<notes></notes>
	</sense>
	<sense id="2">
		<definition>forming a distinctive or marked part of the surface of (e.g., a smile on his lips)</definition>
		<majorcluster>TOPIC</majorcluster>
		<pprojmap type="equivalent" targetid="7(2)"/>
		<notes></notes>
	</sense>
	<sense id="3">
		<definition>having (the thing mentioned) as a topic; about (e.g., knowledge on sailing)</definition>
		<majorcluster>TOPIC</majorcluster>
		<pprojmap type="subsumes" targetid="8(3)"/>
		<pprojmap type="subsumes" subsetof="11(5)-1"/>
		<notes></notes>
	</sense>
	<sense id="4.1">
		<definition>having (the thing mentioned) as criteria used in judgment or evaluation or as a/the justification for an action (e.g., judged on his actions)</definition>
		<majorcluster>BASIS</majorcluster>
		<pprojmap type="equivalent" subsetof="9(3a)"/>
		<notes></notes>
	</sense>
	<sense id="4.2">
		<definition>having (the thing mentioned) as a/the basis for a monetary action (e.g., was charged on his loan)</definition>
		<majorcluster>BASIS</majorcluster>
		<pprojmap type="equivalent" targetid="9(3a)-1"/>
		<notes></notes>
	</sense>
	<sense id="4.3">
		<definition>having (the thing mentioned) as a/the basis being adhered to or system of rules governing an action or situation (e.g., employed on a contract)</definition>
		<majorcluster>BASIS</majorcluster>
		<pprojmap type="equivalent" subsetof="9(3a)"/>
		<notes></notes>
	</sense>
	<sense id="5">
		<definition>indicating a time; at the time of (e.g., happened on Oct. 22nd)</definition>
		<majorcluster>TEMPORAL</majorcluster>
		<pprojmap type="equivalent" unionof="17(8),18(8a)"/>
		<notes></notes>
	</sense>
	<sense id="6">
		<definition>indicating some foodstuff that is being consumed or otherwise forms the basis of a diet/meal (e.g., dined on fine wine)</definition>
		<majorcluster></majorcluster>
		<pprojmap type="equivalent" subsetof="9(3a)"/>
		<notes></notes>
	</sense>
	<sense id="7">
		<definition>indicating some substance (e.g., a drug or medicine) one is currently taking or under the influence of (e.g., he is on drugs)</definition>
		<majorcluster></majorcluster>
		<pprojmap type="equivalent" targetid="20(10)"/>
		<notes></notes>
	</sense>
	<sense id="8">
		<definition>indicating the means/medium used for storing or transmitting information (e.g., talked on the phone)</definition>
		<majorcluster>MEANS</majorcluster>
		<pprojmap type="equivalent" unionof="12(6),13(6a)"/>
		<notes></notes>
	</sense>
	<sense id="9">
		<definition>in the course of (a journey) (e.g., it happened on the way to the store)</definition>
		<majorcluster></majorcluster>
		<pprojmap type="equivalent" targetid="14(7)"/>
		<notes></notes>
	</sense>
	<sense id="10">
		<definition>indicating an activity engaged in (e.g., he was on a mission)</definition>
		<majorcluster></majorcluster>
		<pprojmap type="equivalent" targetid="19(9)"/>
		<notes></notes>
	</sense>
	<sense id="11">
		<definition>indicating the target of some action or behavior; metaphorically onto or against (e.g., get revenge on Sam)</definition>
		<majorcluster></majorcluster>
		<pprojmap type="subsumes" subsetof="11(5)"/>
		<pprojmap type="subsumes" subsetof="11(5)-1"/>
		<notes></notes>
	</sense>
	<sense id="12">
		<definition>denoting a particular level or setting along a scale or range (e.g., set the dryer on Permanent Press)</definition>
		<majorcluster></majorcluster>
		<pprojmap type="equivalent" targetid="23(13)"/>
		<notes></notes>
	</sense>
	
</defset>
