<?xml version="1.0"?>

<defset prep="through">

	<sense id="1">
		<definition>expressing passage, extension, or perception that goes (perhaps to many places) within (and, perhaps, out of) someplace/something; or alternatively, into and then out of (e.g., go through the tunnel)</definition>
		<majorcluster>SPATIAL</majorcluster>
		<pprojmap type="approx_equal" unionof="1(1),2(1a),3(1b),4(1c),5(1d)-1,10(3)-1"/>
	</sense>
	<sense id="1.1">
		<definition>being positioned/located beyond or at the far end of something, as of openings or obstacles (e.g., her house is through the woods)</definition>
		<majorcluster>SPATIAL</majorcluster>
		<pprojmap type="equivalent" targetid="5(1d)"/>
	</sense>
	<sense id="1.2">
		<definition>expressing the extent of rotation/turning from one orientation to another (e.g., turn through 90 degrees)</definition>
		<majorcluster>SPATIAL</majorcluster>
		<pprojmap type="equivalent" targetid="6(1e)"/>
	</sense>
	<sense id="2">
		<definition>so as to reach the end of (an experience, situation, or activity, often a tedious or stressful one) (e.g., worked through the process)</definition>
		<majorcluster></majorcluster>
		<pprojmap type="equivalent" unionof="7(2),8(2a),9(2b)"/>
	</sense>
	<sense id="3">
		<definition>indicating a collection, container, inventory, or publication being at least partially searched or inspected (e.g., go through the newspaper)</definition>
		<majorcluster></majorcluster>
		<pprojmap type="equivalent" targetid="10(3)"/>
	</sense>
	
	<sense id="4">
		<definition>indicating a means (X2) by which something (X1) happens or is done (e.g., got a job through his uncle)</definition>
		<majorcluster>MEANS</majorcluster>
		<pprojmap type="equivalent" unionof="12(5),13(5a)"/>
	</sense>
	<sense id="5">
		<definition>up to and including (a particular point in an ordered sequence, often a point in time) (e.g., March 2nd through the 5th)</definition>
		<majorcluster>SCALAR</majorcluster>
		<pprojmap type="equivalent" targetid="11(4)"/>
	</sense>
	<!-- see also 12(5)-1 -->
	
</defset>
