<?xml version="1.0"?>

<defset prep="to">

	<sense id="1">
		<definition>expressing the end location of motion or extension (e.g. walked to NYC)</definition>
		<majorcluster>SPATIAL</majorcluster>
		<pprojmap type="equivalent" unionof="1(1),2(1a)"/>
		<notes></notes>
	</sense>
	<sense id="1.1">
		<definition>indicating attachment or linkage with something (e.g., attached to the car)</definition>
		<majorcluster></majorcluster>
		<pprojmap type="equivalent" subsetof="13(5)"/>
		<notes></notes>
	</sense>
	<sense id="2">
		<definition>approaching or reaching (a particular state/condition/circumstances/relationship) (e.g., turned to dust)</definition>
		<majorcluster></majorcluster>
		<pprojmap type="equivalent" unionof="5(2),6(2a)"/>
		<notes></notes>
	</sense>
	<sense id="3">
		<definition>expressing an extent or point reached along a particular scale or range (e.g., changed to $5)</definition>
		<majorcluster>SCALAR</majorcluster>
		<pprojmap type="equivalent" targetid="3(1b)"/>
		<notes></notes>
	</sense>
	<sense id="4.1">
		<definition>indicating the recipient of communication (e.g., talked to Joe)</definition>
		<majorcluster>RECIPIENT</majorcluster>
		<pprojmap type="approx_equal" subsetof="8(3)"/>
		<notes></notes>
	</sense>
	<sense id="4.2">
		<definition>indicating the recipient of possession (e.g., bequeathed the ball to Joe)</definition>
		<majorcluster>RECIPIENT</majorcluster>
		<pprojmap type="approx_equal" targetid="8(3)"/>
		<notes></notes>
	</sense>
	<sense id="5">
		<!-- -->
		<definition>indicating the target of focused perception (e.g., listen to Joe)</definition>
		<majorcluster>TARGET</majorcluster>
		<!-- no tpp mapping -->
		<notes></notes>
	</sense>
	<sense id="6">
		<definition>indicating the topic or subject matter (used with a handful of assertive communicative words such as 'testify') (e.g., testify to the truth)</definition>
		<majorcluster>TOPIC</majorcluster>
		<pprojmap type="" targetid=""/>
		<notes></notes>
	</sense>
	<sense id="7">
		<definition>indicating a complement of a relational noun, verb, or predicative adjective (e.g., allergic to corn)</definition>
		<majorcluster>COMPLEMENT</majorcluster>
		<pprojmap type="subsumes" unionof="8(3)-1,9(4),10(4a),14(6)"/>
		<notes></notes>
	</sense>
	<sense id="8">
		<definition>(in telling the time) until/before (the time/hour specified) (e.g., it is 5 minutes to midnight)</definition>
		<majorcluster></majorcluster>
		<pprojmap type="equivalent" targetid="4(1c)"/>
		<notes></notes>
	</sense>
	<sense id="9">
		<definition>indicating a rate of return on something, for example the distance travelled in exchange for fuel used (e.g., it gets 40 miles to the gallon)</definition>
		<majorcluster></majorcluster>
		<pprojmap type="equivalent" targetid="11(4b)"/>
		<notes></notes>
	</sense>
	<sense id="10">
		<definition>(mathematics) indicating the power (exponent) to which a number is raised</definition>
		<majorcluster></majorcluster>
		<pprojmap type="equivalent" targetid="12(4c)"/>
		<notes></notes>
	</sense>
	<sense id="11">
		<definition>in comparison with (e.g., the club's nothing to what it once was)</definition>
		<majorcluster></majorcluster>
		<pprojmap type="equivalent" targetid="15(7)"/>
		<notes></notes>
	</sense>
	<sense id="12">
		<definition>governing a phrase expressing someone's reaction to something (e.g., to her astonishment, he smiled)</definition>
		<majorcluster>CAUSE</majorcluster>
		<pprojmap type="equivalent" targetid="7(2b)"/>
		<notes></notes>
	</sense>

<!-- see also 7(2b),16(8) -->

<!-- predicative adjective; describing a manner of being or behavior concerning or regarding something (e.g., be nice to, be sensitive to, be prior to)</definition>
	<sense id="7.2">
		<definition>indicating the complement of a verb indicating adherence or conformity (e.g., adhere to, adjust to, conform to)</definition>
		<majorcluster>COMPLEMENT</majorcluster>
		<pprojmap type="" targetid=""/>
		<notes></notes>
	</sense>
	<sense id="7.3">
		<definition>indicating the complement of some other relational verb or noun (e.g., marriage to John, servant to John, allergy to pollen)</definition>
		<majorcluster>COMPLEMENT</majorcluster>
		<pprojmap type="" targetid=""/>
		<notes></notes>
	</sense>-->
	
</defset>
