<?xml version="1.0"?>

<defset prep="toward">

	<sense id="1">
		<definition>indicating a LOCATION something moves, extends, or is oriented in the direction of (e.g., move towards him)</definition>
		<majorcluster>SPATIAL</majorcluster>
		<pprojmap type="equivalent" targetid="1(1)"/>
		<notes></notes>
	</sense>
	<sense id="1.1">
		<definition>indicating a point in TIME that is near and/or being approached (e.g., towards the end of November)</definition>
		<majorcluster>TEMPORAL</majorcluster>
		<pprojmap type="equivalent" targetid="3(1b)"/>
		<notes></notes>
	</sense>
	<sense id="1.2">
		<definition>getting closer to achieving a goal; indicating a state/form/situation/action being approached</definition>
		<majorcluster></majorcluster>
		<pprojmap type="equivalent" targetid="2(1a)"/>
		<notes></notes>
	</sense>
	<sense id="2">
		<definition>indicating the person or thing that a manner of behavior is directed at (e.g., be polite towards him)</definition>
		<majorcluster></majorcluster>
		<pprojmap type="equivalent" targetid="4(2)"/>
		<notes>metaphor</notes>
	</sense>
	<sense id="3">
		<definition>indicating the complement of a cognitive/emotional word (e.g., resentment towards him)</definition>
		<majorcluster></majorcluster>
		<notes>metaphor</notes>
		<pprojmap type="equivalent" subsetof="4(2)-1"/>
	</sense>
	<sense id="4">
		<definition>indicating the complement of a word indicating a tendency or bias (e.g., bias towards Harvard graduates)</definition>
		<majorcluster></majorcluster>
		<pprojmap type="equivalent" subsetof="4(2)-1"/>
		<notes>metaphor</notes>
	</sense>
	<sense id="5">
		<definition>indicating a cost being payed for (e.g., $5 towards the cost of lunch)</definition>
		<majorcluster></majorcluster>
		<pprojmap type="equivalent" targetid="5(3)"/>
		<notes>metaphor</notes>
	</sense>
	
</defset>
